time,waist_roll_joint,waist_pitch_joint
0.000000,0.000000,0.000000
0.002000,0.000219,0.000439
0.004000,0.000439,0.000877
0.006000,0.000658,0.001316
0.008000,0.000877,0.001755
0.010000,0.001097,0.002193
0.012000,0.001316,0.002632
0.014000,0.001535,0.003070
0.016000,0.001755,0.003509
0.018000,0.001974,0.003948
0.020000,0.002193,0.004386
0.022000,0.002412,0.004825
0.024000,0.002632,0.005263
0.026000,0.002851,0.005701
0.028000,0.003070,0.006140
0.030000,0.003290,0.006578
0.032000,0.003509,0.007016
0.034000,0.003728,0.007455
0.036000,0.003948,0.007893
0.038000,0.004167,0.008331
0.040000,0.004386,0.008769
0.042000,0.004605,0.009207
0.044000,0.004825,0.009645
0.046000,0.005044,0.010083
0.048000,0.005263,0.010521
0.050000,0.005482,0.010959
0.052000,0.005701,0.011397
0.054000,0.005921,0.011834
0.056000,0.006140,0.012272
0.058000,0.006359,0.012710
0.060000,0.006578,0.013147
0.062000,0.006797,0.013584
0.064000,0.007016,0.014022
0.066000,0.007236,0.014459
0.068000,0.007455,0.014896
0.070000,0.007674,0.015333
0.072000,0.007893,0.015770
0.074000,0.008112,0.016207
0.076000,0.008331,0.016643
0.078000,0.008550,0.017080
0.080000,0.008769,0.017516
0.082000,0.008988,0.017953
0.084000,0.009207,0.018389
0.086000,0.009426,0.018825
0.088000,0.009645,0.019261
0.090000,0.009864,0.019697
0.092000,0.010083,0.020133
0.094000,0.010302,0.020569
0.096000,0.010521,0.021004
0.098000,0.010740,0.021440
0.100000,0.010959,0.021875
0.102000,0.011178,0.022310
0.104000,0.011397,0.022745
0.106000,0.011616,0.023180
0.108000,0.011834,0.023614
0.110000,0.012053,0.024049
0.112000,0.012272,0.024483
0.114000,0.012491,0.024918
0.116000,0.012710,0.025352
0.118000,0.012928,0.025786
0.120000,0.013147,0.026219
0.122000,0.013366,0.026653
0.124000,0.013584,0.027086
0.126000,0.013803,0.027520
0.128000,0.014022,0.027953
0.130000,0.014240,0.028386
0.132000,0.014459,0.028818
0.134000,0.014677,0.029251
0.136000,0.014896,0.029683
0.138000,0.015114,0.030115
0.140000,0.015333,0.030547
0.142000,0.015551,0.030979
0.144000,0.015770,0.031411
0.146000,0.015988,0.031842
0.148000,0.016207,0.032273
0.150000,0.016425,0.032704
0.152000,0.016643,0.033135
0.154000,0.016862,0.033566
0.156000,0.017080,0.033996
0.158000,0.017298,0.034426
0.160000,0.017516,0.034856
0.162000,0.017735,0.035286
0.164000,0.017953,0.035715
0.166000,0.018171,0.036144
0.168000,0.018389,0.036573
0.170000,0.018607,0.037002
0.172000,0.018825,0.037431
0.174000,0.019043,0.037859
0.176000,0.019261,0.038287
0.178000,0.019479,0.038715
0.180000,0.019697,0.039143
0.182000,0.019915,0.039570
0.184000,0.020133,0.039997
0.186000,0.020351,0.040424
0.188000,0.020569,0.040851
0.190000,0.020786,0.041277
0.192000,0.021004,0.041703
0.194000,0.021222,0.042129
0.196000,0.021440,0.042554
0.198000,0.021657,0.042980
0.200000,0.021875,0.043405
0.202000,0.022092,0.043829
0.204000,0.022310,0.044254
0.206000,0.022527,0.044678
0.208000,0.022745,0.045102
0.210000,0.022962,0.045525
0.212000,0.023180,0.045949
0.214000,0.023397,0.046372
0.216000,0.023614,0.046795
0.218000,0.023832,0.047217
0.220000,0.024049,0.047639
0.222000,0.024266,0.048061
0.224000,0.024483,0.048482
0.226000,0.024700,0.048904
0.228000,0.024918,0.049325
0.230000,0.025135,0.049745
0.232000,0.025352,0.050166
0.234000,0.025569,0.050586
0.236000,0.025786,0.051005
0.238000,0.026002,0.051425
0.240000,0.026219,0.051844
0.242000,0.026436,0.052262
0.244000,0.026653,0.052681
0.246000,0.026870,0.053099
0.248000,0.027086,0.053516
0.250000,0.027303,0.053934
0.252000,0.027520,0.054351
0.254000,0.027736,0.054767
0.256000,0.027953,0.055184
0.258000,0.028169,0.055600
0.260000,0.028386,0.056015
0.262000,0.028602,0.056430
0.264000,0.028818,0.056845
0.266000,0.029035,0.057260
0.268000,0.029251,0.057674
0.270000,0.029467,0.058088
0.272000,0.029683,0.058501
0.274000,0.029899,0.058915
0.276000,0.030115,0.059327
0.278000,0.030331,0.059740
0.280000,0.030547,0.060152
0.282000,0.030763,0.060563
0.284000,0.030979,0.060974
0.286000,0.031195,0.061385
0.288000,0.031411,0.061796
0.290000,0.031626,0.062206
0.292000,0.031842,0.062615
0.294000,0.032058,0.063025
0.296000,0.032273,0.063433
0.298000,0.032489,0.063842
0.300000,0.032704,0.064250
0.302000,0.032920,0.064657
0.304000,0.033135,0.065065
0.306000,0.033350,0.065472
0.308000,0.033566,0.065878
0.310000,0.033781,0.066284
0.312000,0.033996,0.066690
0.314000,0.034211,0.067095
0.316000,0.034426,0.067499
0.318000,0.034641,0.067904
0.320000,0.034856,0.068308
0.322000,0.035071,0.068711
0.324000,0.035286,0.069114
0.326000,0.035500,0.069517
0.328000,0.035715,0.069919
0.330000,0.035930,0.070320
0.332000,0.036144,0.070722
0.334000,0.036359,0.071122
0.336000,0.036573,0.071523
0.338000,0.036788,0.071923
0.340000,0.037002,0.072322
0.342000,0.037217,0.072721
0.344000,0.037431,0.073120
0.346000,0.037645,0.073518
0.348000,0.037859,0.073915
0.350000,0.038073,0.074313
0.352000,0.038287,0.074709
0.354000,0.038501,0.075105
0.356000,0.038715,0.075501
0.358000,0.038929,0.075896
0.360000,0.039143,0.076291
0.362000,0.039356,0.076685
0.364000,0.039570,0.077079
0.366000,0.039784,0.077472
0.368000,0.039997,0.077865
0.370000,0.040211,0.078258
0.372000,0.040424,0.078649
0.374000,0.040637,0.079041
0.376000,0.040851,0.079432
0.378000,0.041064,0.079822
0.380000,0.041277,0.080212
0.382000,0.041490,0.080601
0.384000,0.041703,0.080990
0.386000,0.041916,0.081378
0.388000,0.042129,0.081766
0.390000,0.042342,0.082153
0.392000,0.042554,0.082540
0.394000,0.042767,0.082926
0.396000,0.042980,0.083312
0.398000,0.043192,0.083697
0.400000,0.043405,0.084082
0.402000,0.043617,0.084466
0.404000,0.043829,0.084850
0.406000,0.044042,0.085233
0.408000,0.044254,0.085615
0.410000,0.044466,0.085997
0.412000,0.044678,0.086379
0.414000,0.044890,0.086759
0.416000,0.045102,0.087140
0.418000,0.045314,0.087520
0.420000,0.045525,0.087899
0.422000,0.045737,0.088278
0.424000,0.045949,0.088656
0.426000,0.046160,0.089033
0.428000,0.046372,0.089410
0.430000,0.046583,0.089787
0.432000,0.046795,0.090163
0.434000,0.047006,0.090538
0.436000,0.047217,0.090913
0.438000,0.047428,0.091287
0.440000,0.047639,0.091660
0.442000,0.047850,0.092033
0.444000,0.048061,0.092406
0.446000,0.048272,0.092778
0.448000,0.048482,0.093149
0.450000,0.048693,0.093519
0.452000,0.048904,0.093889
0.454000,0.049114,0.094259
0.456000,0.049325,0.094628
0.458000,0.049535,0.094996
0.460000,0.049745,0.095364
0.462000,0.049955,0.095731
0.464000,0.050166,0.096097
0.466000,0.050376,0.096463
0.468000,0.050586,0.096828
0.470000,0.050795,0.097193
0.472000,0.051005,0.097557
0.474000,0.051215,0.097921
0.476000,0.051425,0.098283
0.478000,0.051634,0.098646
0.480000,0.051844,0.099007
0.482000,0.052053,0.099368
0.484000,0.052262,0.099728
0.486000,0.052471,0.100088
0.488000,0.052681,0.100447
0.490000,0.052890,0.100805
0.492000,0.053099,0.101163
0.494000,0.053307,0.101520
0.496000,0.053516,0.101877
0.498000,0.053725,0.102233
0.500000,0.053934,0.102588
0.502000,0.054142,0.102942
0.504000,0.054351,0.103296
0.506000,0.054559,0.103650
0.508000,0.054767,0.104002
0.510000,0.054976,0.104354
0.512000,0.055184,0.104705
0.514000,0.055392,0.105056
0.516000,0.055600,0.105406
0.518000,0.055807,0.105755
0.520000,0.056015,0.106104
0.522000,0.056223,0.106452
0.524000,0.056430,0.106799
0.526000,0.056638,0.107146
0.528000,0.056845,0.107492
0.530000,0.057053,0.107837
0.532000,0.057260,0.108181
0.534000,0.057467,0.108525
0.536000,0.057674,0.108868
0.538000,0.057881,0.109211
0.540000,0.058088,0.109553
0.542000,0.058295,0.109894
0.544000,0.058501,0.110234
0.546000,0.058708,0.110574
0.548000,0.058915,0.110913
0.550000,0.059121,0.111251
0.552000,0.059327,0.111589
0.554000,0.059533,0.111926
0.556000,0.059740,0.112262
0.558000,0.059946,0.112598
0.560000,0.060152,0.112933
0.562000,0.060357,0.113267
0.564000,0.060563,0.113600
0.566000,0.060769,0.113933
0.568000,0.060974,0.114265
0.570000,0.061180,0.114596
0.572000,0.061385,0.114926
0.574000,0.061590,0.115256
0.576000,0.061796,0.115585
0.578000,0.062001,0.115913
0.580000,0.062206,0.116241
0.582000,0.062410,0.116568
0.584000,0.062615,0.116894
0.586000,0.062820,0.117219
0.588000,0.063025,0.117544
0.590000,0.063229,0.117868
0.592000,0.063433,0.118191
0.594000,0.063638,0.118513
0.596000,0.063842,0.118835
0.598000,0.064046,0.119156
0.600000,0.064250,0.119476
0.602000,0.064454,0.119795
0.604000,0.064657,0.120114
0.606000,0.064861,0.120432
0.608000,0.065065,0.120749
0.610000,0.065268,0.121065
0.612000,0.065472,0.121381
0.614000,0.065675,0.121696
0.616000,0.065878,0.122010
0.618000,0.066081,0.122323
0.620000,0.066284,0.122636
0.622000,0.066487,0.122947
0.624000,0.066690,0.123258
0.626000,0.066892,0.123568
0.628000,0.067095,0.123878
0.630000,0.067297,0.124186
0.632000,0.067499,0.124494
0.634000,0.067702,0.124801
0.636000,0.067904,0.125108
0.638000,0.068106,0.125413
0.640000,0.068308,0.125718
0.642000,0.068509,0.126022
0.644000,0.068711,0.126325
0.646000,0.068913,0.126627
0.648000,0.069114,0.126928
0.650000,0.069315,0.127229
0.652000,0.069517,0.127529
0.654000,0.069718,0.127828
0.656000,0.069919,0.128126
0.658000,0.070120,0.128424
0.660000,0.070320,0.128720
0.662000,0.070521,0.129016
0.664000,0.070722,0.129311
0.666000,0.070922,0.129605
0.668000,0.071122,0.129899
0.670000,0.071323,0.130191
0.672000,0.071523,0.130483
0.674000,0.071723,0.130774
0.676000,0.071923,0.131064
0.678000,0.072123,0.131353
0.680000,0.072322,0.131642
0.682000,0.072522,0.131929
0.684000,0.072721,0.132216
0.686000,0.072920,0.132502
0.688000,0.073120,0.132787
0.690000,0.073319,0.133071
0.692000,0.073518,0.133355
0.694000,0.073717,0.133637
0.696000,0.073915,0.133919
0.698000,0.074114,0.134200
0.700000,0.074313,0.134480
0.702000,0.074511,0.134759
0.704000,0.074709,0.135037
0.706000,0.074907,0.135315
0.708000,0.075105,0.135592
0.710000,0.075303,0.135867
0.712000,0.075501,0.136142
0.714000,0.075699,0.136416
0.716000,0.075896,0.136689
0.718000,0.076094,0.136962
0.720000,0.076291,0.137233
0.722000,0.076488,0.137504
0.724000,0.076685,0.137774
0.726000,0.076882,0.138042
0.728000,0.077079,0.138310
0.730000,0.077276,0.138577
0.732000,0.077472,0.138844
0.734000,0.077669,0.139109
0.736000,0.077865,0.139374
0.738000,0.078062,0.139637
0.740000,0.078258,0.139900
0.742000,0.078454,0.140162
0.744000,0.078649,0.140423
0.746000,0.078845,0.140683
0.748000,0.079041,0.140942
0.750000,0.079236,0.141200
0.752000,0.079432,0.141457
0.754000,0.079627,0.141714
0.756000,0.079822,0.141970
0.758000,0.080017,0.142224
0.760000,0.080212,0.142478
0.762000,0.080407,0.142731
0.764000,0.080601,0.142983
0.766000,0.080796,0.143234
0.768000,0.080990,0.143484
0.770000,0.081184,0.143734
0.772000,0.081378,0.143982
0.774000,0.081572,0.144229
0.776000,0.081766,0.144476
0.778000,0.081960,0.144722
0.780000,0.082153,0.144966
0.782000,0.082347,0.145210
0.784000,0.082540,0.145453
0.786000,0.082733,0.145695
0.788000,0.082926,0.145936
0.790000,0.083119,0.146176
0.792000,0.083312,0.146415
0.794000,0.083505,0.146654
0.796000,0.083697,0.146891
0.798000,0.083890,0.147128
0.800000,0.084082,0.147363
0.802000,0.084274,0.147598
0.804000,0.084466,0.147831
0.806000,0.084658,0.148064
0.808000,0.084850,0.148296
0.810000,0.085041,0.148527
0.812000,0.085233,0.148756
0.814000,0.085424,0.148985
0.816000,0.085615,0.149213
0.818000,0.085806,0.149441
0.820000,0.085997,0.149667
0.822000,0.086188,0.149892
0.824000,0.086379,0.150116
0.826000,0.086569,0.150339
0.828000,0.086759,0.150562
0.830000,0.086950,0.150783
0.832000,0.087140,0.151004
0.834000,0.087330,0.151223
0.836000,0.087520,0.151442
0.838000,0.087709,0.151659
0.840000,0.087899,0.151876
0.842000,0.088088,0.152091
0.844000,0.088278,0.152306
0.846000,0.088467,0.152520
0.848000,0.088656,0.152733
0.850000,0.088844,0.152944
0.852000,0.089033,0.153155
0.854000,0.089222,0.153365
0.856000,0.089410,0.153574
0.858000,0.089598,0.153782
0.860000,0.089787,0.153989
0.862000,0.089975,0.154195
0.864000,0.090163,0.154400
0.866000,0.090350,0.154604
0.868000,0.090538,0.154807
0.870000,0.090725,0.155009
0.872000,0.090913,0.155210
0.874000,0.091100,0.155410
0.876000,0.091287,0.155609
0.878000,0.091474,0.155808
0.880000,0.091660,0.156005
0.882000,0.091847,0.156201
0.884000,0.092033,0.156396
0.886000,0.092220,0.156590
0.888000,0.092406,0.156784
0.890000,0.092592,0.156976
0.892000,0.092778,0.157167
0.894000,0.092963,0.157357
0.896000,0.093149,0.157547
0.898000,0.093334,0.157735
0.900000,0.093519,0.157922
0.902000,0.093705,0.158108
0.904000,0.093889,0.158294
0.906000,0.094074,0.158478
0.908000,0.094259,0.158661
0.910000,0.094443,0.158843
0.912000,0.094628,0.159025
0.914000,0.094812,0.159205
0.916000,0.094996,0.159384
0.918000,0.095180,0.159562
0.920000,0.095364,0.159740
0.922000,0.095547,0.159916
0.924000,0.095731,0.160091
0.926000,0.095914,0.160265
0.928000,0.096097,0.160439
0.930000,0.096280,0.160611
0.932000,0.096463,0.160782
0.934000,0.096646,0.160952
0.936000,0.096828,0.161121
0.938000,0.097011,0.161289
0.940000,0.097193,0.161456
0.942000,0.097375,0.161623
0.944000,0.097557,0.161788
0.946000,0.097739,0.161952
0.948000,0.097921,0.162115
0.950000,0.098102,0.162277
0.952000,0.098283,0.162438
0.954000,0.098465,0.162598
0.956000,0.098646,0.162756
0.958000,0.098826,0.162914
0.960000,0.099007,0.163071
0.962000,0.099188,0.163227
0.964000,0.099368,0.163382
0.966000,0.099548,0.163536
0.968000,0.099728,0.163688
0.970000,0.099908,0.163840
0.972000,0.100088,0.163991
0.974000,0.100268,0.164140
0.976000,0.100447,0.164289
0.978000,0.100626,0.164436
0.980000,0.100805,0.164583
0.982000,0.100984,0.164728
0.984000,0.101163,0.164873
0.986000,0.101342,0.165016
0.988000,0.101520,0.165159
0.990000,0.101699,0.165300
0.992000,0.101877,0.165440
0.994000,0.102055,0.165579
0.996000,0.102233,0.165717
0.998000,0.102410,0.165855
1.000000,0.102588,0.165991
1.002000,0.102765,0.166126
1.004000,0.102942,0.166260
1.006000,0.103119,0.166393
1.008000,0.103296,0.166524
1.010000,0.103473,0.166655
1.012000,0.103650,0.166785
1.014000,0.103826,0.166914
1.016000,0.104002,0.167041
1.018000,0.104178,0.167168
1.020000,0.104354,0.167294
1.022000,0.104530,0.167418
1.024000,0.104705,0.167542
1.026000,0.104881,0.167664
1.028000,0.105056,0.167785
1.030000,0.105231,0.167906
1.032000,0.105406,0.168025
1.034000,0.105581,0.168143
1.036000,0.105755,0.168260
1.038000,0.105930,0.168376
1.040000,0.106104,0.168491
1.042000,0.106278,0.168605
1.044000,0.106452,0.168718
1.046000,0.106626,0.168829
1.048000,0.106799,0.168940
1.050000,0.106972,0.169050
1.052000,0.107146,0.169158
1.054000,0.107319,0.169266
1.056000,0.107492,0.169372
1.058000,0.107664,0.169477
1.060000,0.107837,0.169582
1.062000,0.108009,0.169685
1.064000,0.108181,0.169787
1.066000,0.108353,0.169888
1.068000,0.108525,0.169988
1.070000,0.108697,0.170087
1.072000,0.108868,0.170185
1.074000,0.109040,0.170282
1.076000,0.109211,0.170377
1.078000,0.109382,0.170472
1.080000,0.109553,0.170565
1.082000,0.109723,0.170658
1.084000,0.109894,0.170749
1.086000,0.110064,0.170840
1.088000,0.110234,0.170929
1.090000,0.110404,0.171017
1.092000,0.110574,0.171104
1.094000,0.110744,0.171190
1.096000,0.110913,0.171275
1.098000,0.111082,0.171359
1.100000,0.111251,0.171441
1.102000,0.111420,0.171523
1.104000,0.111589,0.171604
1.106000,0.111758,0.171683
1.108000,0.111926,0.171762
1.110000,0.112094,0.171839
1.112000,0.112262,0.171915
1.114000,0.112430,0.171990
1.116000,0.112598,0.172064
1.118000,0.112765,0.172137
1.120000,0.112933,0.172209
1.122000,0.113100,0.172280
1.124000,0.113267,0.172350
1.126000,0.113433,0.172418
1.128000,0.113600,0.172486
1.130000,0.113766,0.172552
1.132000,0.113933,0.172618
1.134000,0.114099,0.172682
1.136000,0.114265,0.172745
1.138000,0.114430,0.172807
1.140000,0.114596,0.172868
1.142000,0.114761,0.172928
1.144000,0.114926,0.172987
1.146000,0.115091,0.173045
1.148000,0.115256,0.173101
1.150000,0.115421,0.173157
1.152000,0.115585,0.173211
1.154000,0.115749,0.173264
1.156000,0.115913,0.173317
1.158000,0.116077,0.173368
1.160000,0.116241,0.173418
1.162000,0.116405,0.173467
1.164000,0.116568,0.173515
1.166000,0.116731,0.173561
1.168000,0.116894,0.173607
1.170000,0.117057,0.173652
1.172000,0.117219,0.173695
1.174000,0.117382,0.173738
1.176000,0.117544,0.173779
1.178000,0.117706,0.173819
1.180000,0.117868,0.173858
1.182000,0.118029,0.173896
1.184000,0.118191,0.173933
1.186000,0.118352,0.173969
1.188000,0.118513,0.174003
1.190000,0.118674,0.174037
1.192000,0.118835,0.174070
1.194000,0.118996,0.174101
1.196000,0.119156,0.174131
1.198000,0.119316,0.174160
1.200000,0.119476,0.174189
1.202000,0.119636,0.174216
1.204000,0.119795,0.174241
1.206000,0.119955,0.174266
1.208000,0.120114,0.174290
1.210000,0.120273,0.174312
1.212000,0.120432,0.174334
1.214000,0.120591,0.174354
1.216000,0.120749,0.174374
1.218000,0.120907,0.174392
1.220000,0.121065,0.174409
1.222000,0.121223,0.174425
1.224000,0.121381,0.174440
1.226000,0.121538,0.174454
1.228000,0.121696,0.174466
1.230000,0.121853,0.174478
1.232000,0.122010,0.174488
1.234000,0.122167,0.174498
1.236000,0.122323,0.174506
1.238000,0.122479,0.174513
1.240000,0.122636,0.174519
1.242000,0.122792,0.174524
1.244000,0.122947,0.174528
1.246000,0.123103,0.174531
1.248000,0.123258,0.174532
1.250000,0.123413,0.174533
1.252000,0.123568,0.174532
1.254000,0.123723,0.174531
1.256000,0.123878,0.174528
1.258000,0.124032,0.174524
1.260000,0.124186,0.174519
1.262000,0.124340,0.174513
1.264000,0.124494,0.174506
1.266000,0.124648,0.174498
1.268000,0.124801,0.174488
1.270000,0.124954,0.174478
1.272000,0.125108,0.174466
1.274000,0.125260,0.174454
1.276000,0.125413,0.174440
1.278000,0.125565,0.174425
1.280000,0.125718,0.174409
1.282000,0.125870,0.174392
1.284000,0.126022,0.174374
1.286000,0.126173,0.174354
1.288000,0.126325,0.174334
1.290000,0.126476,0.174312
1.292000,0.126627,0.174290
1.294000,0.126778,0.174266
1.296000,0.126928,0.174241
1.298000,0.127079,0.174216
1.300000,0.127229,0.174189
1.302000,0.127379,0.174160
1.304000,0.127529,0.174131
1.306000,0.127679,0.174101
1.308000,0.127828,0.174070
1.310000,0.127977,0.174037
1.312000,0.128126,0.174003
1.314000,0.128275,0.173969
1.316000,0.128424,0.173933
1.318000,0.128572,0.173896
1.320000,0.128720,0.173858
1.322000,0.128868,0.173819
1.324000,0.129016,0.173779
1.326000,0.129164,0.173738
1.328000,0.129311,0.173695
1.330000,0.129458,0.173652
1.332000,0.129605,0.173607
1.334000,0.129752,0.173561
1.336000,0.129899,0.173515
1.338000,0.130045,0.173467
1.340000,0.130191,0.173418
1.342000,0.130337,0.173368
1.344000,0.130483,0.173317
1.346000,0.130629,0.173264
1.348000,0.130774,0.173211
1.350000,0.130919,0.173157
1.352000,0.131064,0.173101
1.354000,0.131209,0.173045
1.356000,0.131353,0.172987
1.358000,0.131498,0.172928
1.360000,0.131642,0.172868
1.362000,0.131786,0.172807
1.364000,0.131929,0.172745
1.366000,0.132073,0.172682
1.368000,0.132216,0.172618
1.370000,0.132359,0.172552
1.372000,0.132502,0.172486
1.374000,0.132645,0.172418
1.376000,0.132787,0.172350
1.378000,0.132929,0.172280
1.380000,0.133071,0.172209
1.382000,0.133213,0.172137
1.384000,0.133355,0.172064
1.386000,0.133496,0.171990
1.388000,0.133637,0.171915
1.390000,0.133778,0.171839
1.392000,0.133919,0.171762
1.394000,0.134060,0.171683
1.396000,0.134200,0.171604
1.398000,0.134340,0.171523
1.400000,0.134480,0.171441
1.402000,0.134620,0.171359
1.404000,0.134759,0.171275
1.406000,0.134898,0.171190
1.408000,0.135037,0.171104
1.410000,0.135176,0.171017
1.412000,0.135315,0.170929
1.414000,0.135453,0.170840
1.416000,0.135592,0.170749
1.418000,0.135730,0.170658
1.420000,0.135867,0.170565
1.422000,0.136005,0.170472
1.424000,0.136142,0.170377
1.426000,0.136279,0.170282
1.428000,0.136416,0.170185
1.430000,0.136553,0.170087
1.432000,0.136689,0.169988
1.434000,0.136826,0.169888
1.436000,0.136962,0.169787
1.438000,0.137098,0.169685
1.440000,0.137233,0.169582
1.442000,0.137369,0.169477
1.444000,0.137504,0.169372
1.446000,0.137639,0.169266
1.448000,0.137774,0.169158
1.450000,0.137908,0.169050
1.452000,0.138042,0.168940
1.454000,0.138176,0.168829
1.456000,0.138310,0.168718
1.458000,0.138444,0.168605
1.460000,0.138577,0.168491
1.462000,0.138711,0.168376
1.464000,0.138844,0.168260
1.466000,0.138976,0.168143
1.468000,0.139109,0.168025
1.470000,0.139241,0.167906
1.472000,0.139374,0.167785
1.474000,0.139505,0.167664
1.476000,0.139637,0.167542
1.478000,0.139769,0.167418
1.480000,0.139900,0.167294
1.482000,0.140031,0.167168
1.484000,0.140162,0.167041
1.486000,0.140292,0.166914
1.488000,0.140423,0.166785
1.490000,0.140553,0.166655
1.492000,0.140683,0.166524
1.494000,0.140812,0.166393
1.496000,0.140942,0.166260
1.498000,0.141071,0.166126
1.500000,0.141200,0.165991
1.502000,0.141329,0.165855
1.504000,0.141457,0.165717
1.506000,0.141586,0.165579
1.508000,0.141714,0.165440
1.510000,0.141842,0.165300
1.512000,0.141970,0.165159
1.514000,0.142097,0.165016
1.516000,0.142224,0.164873
1.518000,0.142351,0.164728
1.520000,0.142478,0.164583
1.522000,0.142605,0.164436
1.524000,0.142731,0.164289
1.526000,0.142857,0.164140
1.528000,0.142983,0.163991
1.530000,0.143109,0.163840
1.532000,0.143234,0.163688
1.534000,0.143359,0.163536
1.536000,0.143484,0.163382
1.538000,0.143609,0.163227
1.540000,0.143734,0.163071
1.542000,0.143858,0.162914
1.544000,0.143982,0.162756
1.546000,0.144106,0.162598
1.548000,0.144229,0.162438
1.550000,0.144353,0.162277
1.552000,0.144476,0.162115
1.554000,0.144599,0.161952
1.556000,0.144722,0.161788
1.558000,0.144844,0.161623
1.560000,0.144966,0.161456
1.562000,0.145088,0.161289
1.564000,0.145210,0.161121
1.566000,0.145332,0.160952
1.568000,0.145453,0.160782
1.570000,0.145574,0.160611
1.572000,0.145695,0.160439
1.574000,0.145816,0.160265
1.576000,0.145936,0.160091
1.578000,0.146056,0.159916
1.580000,0.146176,0.159740
1.582000,0.146296,0.159562
1.584000,0.146415,0.159384
1.586000,0.146535,0.159205
1.588000,0.146654,0.159025
1.590000,0.146773,0.158843
1.592000,0.146891,0.158661
1.594000,0.147009,0.158478
1.596000,0.147128,0.158294
1.598000,0.147245,0.158108
1.600000,0.147363,0.157922
1.602000,0.147480,0.157735
1.604000,0.147598,0.157547
1.606000,0.147715,0.157357
1.608000,0.147831,0.157167
1.610000,0.147948,0.156976
1.612000,0.148064,0.156784
1.614000,0.148180,0.156590
1.616000,0.148296,0.156396
1.618000,0.148411,0.156201
1.620000,0.148527,0.156005
1.622000,0.148642,0.155808
1.624000,0.148756,0.155609
1.626000,0.148871,0.155410
1.628000,0.148985,0.155210
1.630000,0.149100,0.155009
1.632000,0.149213,0.154807
1.634000,0.149327,0.154604
1.636000,0.149441,0.154400
1.638000,0.149554,0.154195
1.640000,0.149667,0.153989
1.642000,0.149779,0.153782
1.644000,0.149892,0.153574
1.646000,0.150004,0.153365
1.648000,0.150116,0.153155
1.650000,0.150228,0.152944
1.652000,0.150339,0.152733
1.654000,0.150451,0.152520
1.656000,0.150562,0.152306
1.658000,0.150673,0.152091
1.660000,0.150783,0.151876
1.662000,0.150893,0.151659
1.664000,0.151004,0.151442
1.666000,0.151113,0.151223
1.668000,0.151223,0.151004
1.670000,0.151332,0.150783
1.672000,0.151442,0.150562
1.674000,0.151550,0.150339
1.676000,0.151659,0.150116
1.678000,0.151768,0.149892
1.680000,0.151876,0.149667
1.682000,0.151984,0.149441
1.684000,0.152091,0.149213
1.686000,0.152199,0.148985
1.688000,0.152306,0.148756
1.690000,0.152413,0.148527
1.692000,0.152520,0.148296
1.694000,0.152626,0.148064
1.696000,0.152733,0.147831
1.698000,0.152839,0.147598
1.700000,0.152944,0.147363
1.702000,0.153050,0.147128
1.704000,0.153155,0.146891
1.706000,0.153260,0.146654
1.708000,0.153365,0.146415
1.710000,0.153470,0.146176
1.712000,0.153574,0.145936
1.714000,0.153678,0.145695
1.716000,0.153782,0.145453
1.718000,0.153886,0.145210
1.720000,0.153989,0.144966
1.722000,0.154092,0.144722
1.724000,0.154195,0.144476
1.726000,0.154297,0.144229
1.728000,0.154400,0.143982
1.730000,0.154502,0.143734
1.732000,0.154604,0.143484
1.734000,0.154706,0.143234
1.736000,0.154807,0.142983
1.738000,0.154908,0.142731
1.740000,0.155009,0.142478
1.742000,0.155110,0.142224
1.744000,0.155210,0.141970
1.746000,0.155310,0.141714
1.748000,0.155410,0.141457
1.750000,0.155510,0.141200
1.752000,0.155609,0.140942
1.754000,0.155709,0.140683
1.756000,0.155808,0.140423
1.758000,0.155906,0.140162
1.760000,0.156005,0.139900
1.762000,0.156103,0.139637
1.764000,0.156201,0.139374
1.766000,0.156299,0.139109
1.768000,0.156396,0.138844
1.770000,0.156493,0.138577
1.772000,0.156590,0.138310
1.774000,0.156687,0.138042
1.776000,0.156784,0.137774
1.778000,0.156880,0.137504
1.780000,0.156976,0.137233
1.782000,0.157072,0.136962
1.784000,0.157167,0.136689
1.786000,0.157262,0.136416
1.788000,0.157357,0.136142
1.790000,0.157452,0.135867
1.792000,0.157547,0.135592
1.794000,0.157641,0.135315
1.796000,0.157735,0.135037
1.798000,0.157829,0.134759
1.800000,0.157922,0.134480
1.802000,0.158015,0.134200
1.804000,0.158108,0.133919
1.806000,0.158201,0.133637
1.808000,0.158294,0.133355
1.810000,0.158386,0.133071
1.812000,0.158478,0.132787
1.814000,0.158570,0.132502
1.816000,0.158661,0.132216
1.818000,0.158752,0.131929
1.820000,0.158843,0.131642
1.822000,0.158934,0.131353
1.824000,0.159025,0.131064
1.826000,0.159115,0.130774
1.828000,0.159205,0.130483
1.830000,0.159295,0.130191
1.832000,0.159384,0.129899
1.834000,0.159473,0.129605
1.836000,0.159562,0.129311
1.838000,0.159651,0.129016
1.840000,0.159740,0.128720
1.842000,0.159828,0.128424
1.844000,0.159916,0.128126
1.846000,0.160004,0.127828
1.848000,0.160091,0.127529
1.850000,0.160178,0.127229
1.852000,0.160265,0.126928
1.854000,0.160352,0.126627
1.856000,0.160439,0.126325
1.858000,0.160525,0.126022
1.860000,0.160611,0.125718
1.862000,0.160696,0.125413
1.864000,0.160782,0.125108
1.866000,0.160867,0.124801
1.868000,0.160952,0.124494
1.870000,0.161037,0.124186
1.872000,0.161121,0.123878
1.874000,0.161205,0.123568
1.876000,0.161289,0.123258
1.878000,0.161373,0.122947
1.880000,0.161456,0.122636
1.882000,0.161540,0.122323
1.884000,0.161623,0.122010
1.886000,0.161705,0.121696
1.888000,0.161788,0.121381
1.890000,0.161870,0.121065
1.892000,0.161952,0.120749
1.894000,0.162033,0.120432
1.896000,0.162115,0.120114
1.898000,0.162196,0.119795
1.900000,0.162277,0.119476
1.902000,0.162357,0.119156
1.904000,0.162438,0.118835
1.906000,0.162518,0.118513
1.908000,0.162598,0.118191
1.910000,0.162677,0.117868
1.912000,0.162756,0.117544
1.914000,0.162835,0.117219
1.916000,0.162914,0.116894
1.918000,0.162993,0.116568
1.920000,0.163071,0.116241
1.922000,0.163149,0.115913
1.924000,0.163227,0.115585
1.926000,0.163305,0.115256
1.928000,0.163382,0.114926
1.930000,0.163459,0.114596
1.932000,0.163536,0.114265
1.934000,0.163612,0.113933
1.936000,0.163688,0.113600
1.938000,0.163764,0.113267
1.940000,0.163840,0.112933
1.942000,0.163915,0.112598
1.944000,0.163991,0.112262
1.946000,0.164066,0.111926
1.948000,0.164140,0.111589
1.950000,0.164215,0.111251
1.952000,0.164289,0.110913
1.954000,0.164363,0.110574
1.956000,0.164436,0.110234
1.958000,0.164510,0.109894
1.960000,0.164583,0.109553
1.962000,0.164656,0.109211
1.964000,0.164728,0.108868
1.966000,0.164801,0.108525
1.968000,0.164873,0.108181
1.970000,0.164945,0.107837
1.972000,0.165016,0.107492
1.974000,0.165087,0.107146
1.976000,0.165159,0.106799
1.978000,0.165229,0.106452
1.980000,0.165300,0.106104
1.982000,0.165370,0.105755
1.984000,0.165440,0.105406
1.986000,0.165510,0.105056
1.988000,0.165579,0.104705
1.990000,0.165649,0.104354
1.992000,0.165717,0.104002
1.994000,0.165786,0.103650
1.996000,0.165855,0.103296
1.998000,0.165923,0.102942
2.000000,0.165991,0.102588
2.002000,0.166058,0.102233
2.004000,0.166126,0.101877
2.006000,0.166193,0.101520
2.008000,0.166260,0.101163
2.010000,0.166326,0.100805
2.012000,0.166393,0.100447
2.014000,0.166459,0.100088
2.016000,0.166524,0.099728
2.018000,0.166590,0.099368
2.020000,0.166655,0.099007
2.022000,0.166720,0.098646
2.024000,0.166785,0.098283
2.026000,0.166850,0.097921
2.028000,0.166914,0.097557
2.030000,0.166978,0.097193
2.032000,0.167041,0.096828
2.034000,0.167105,0.096463
2.036000,0.167168,0.096097
2.038000,0.167231,0.095731
2.040000,0.167294,0.095364
2.042000,0.167356,0.094996
2.044000,0.167418,0.094628
2.046000,0.167480,0.094259
2.048000,0.167542,0.093889
2.050000,0.167603,0.093519
2.052000,0.167664,0.093149
2.054000,0.167725,0.092778
2.056000,0.167785,0.092406
2.058000,0.167846,0.092033
2.060000,0.167906,0.091660
2.062000,0.167965,0.091287
2.064000,0.168025,0.090913
2.066000,0.168084,0.090538
2.068000,0.168143,0.090163
2.070000,0.168202,0.089787
2.072000,0.168260,0.089410
2.074000,0.168318,0.089033
2.076000,0.168376,0.088656
2.078000,0.168434,0.088278
2.080000,0.168491,0.087899
2.082000,0.168548,0.087520
2.084000,0.168605,0.087140
2.086000,0.168661,0.086759
2.088000,0.168718,0.086379
2.090000,0.168774,0.085997
2.092000,0.168829,0.085615
2.094000,0.168885,0.085233
2.096000,0.168940,0.084850
2.098000,0.168995,0.084466
2.100000,0.169050,0.084082
2.102000,0.169104,0.083697
2.104000,0.169158,0.083312
2.106000,0.169212,0.082926
2.108000,0.169266,0.082540
2.110000,0.169319,0.082153
2.112000,0.169372,0.081766
2.114000,0.169425,0.081378
2.116000,0.169477,0.080990
2.118000,0.169530,0.080601
2.120000,0.169582,0.080212
2.122000,0.169633,0.079822
2.124000,0.169685,0.079432
2.126000,0.169736,0.079041
2.128000,0.169787,0.078649
2.130000,0.169838,0.078258
2.132000,0.169888,0.077865
2.134000,0.169938,0.077472
2.136000,0.169988,0.077079
2.138000,0.170038,0.076685
2.140000,0.170087,0.076291
2.142000,0.170136,0.075896
2.144000,0.170185,0.075501
2.146000,0.170233,0.075105
2.148000,0.170282,0.074709
2.150000,0.170330,0.074313
2.152000,0.170377,0.073915
2.154000,0.170425,0.073518
2.156000,0.170472,0.073120
2.158000,0.170519,0.072721
2.160000,0.170565,0.072322
2.162000,0.170612,0.071923
2.164000,0.170658,0.071523
2.166000,0.170704,0.071122
2.168000,0.170749,0.070722
2.170000,0.170795,0.070320
2.172000,0.170840,0.069919
2.174000,0.170884,0.069517
2.176000,0.170929,0.069114
2.178000,0.170973,0.068711
2.180000,0.171017,0.068308
2.182000,0.171061,0.067904
2.184000,0.171104,0.067499
2.186000,0.171147,0.067095
2.188000,0.171190,0.066690
2.190000,0.171233,0.066284
2.192000,0.171275,0.065878
2.194000,0.171317,0.065472
2.196000,0.171359,0.065065
2.198000,0.171400,0.064657
2.200000,0.171441,0.064250
2.202000,0.171482,0.063842
2.204000,0.171523,0.063433
2.206000,0.171564,0.063025
2.208000,0.171604,0.062615
2.210000,0.171644,0.062206
2.212000,0.171683,0.061796
2.214000,0.171723,0.061385
2.216000,0.171762,0.060974
2.218000,0.171800,0.060563
2.220000,0.171839,0.060152
2.222000,0.171877,0.059740
2.224000,0.171915,0.059327
2.226000,0.171953,0.058915
2.228000,0.171990,0.058501
2.230000,0.172027,0.058088
2.232000,0.172064,0.057674
2.234000,0.172101,0.057260
2.236000,0.172137,0.056845
2.238000,0.172173,0.056430
2.240000,0.172209,0.056015
2.242000,0.172245,0.055600
2.244000,0.172280,0.055184
2.246000,0.172315,0.054767
2.248000,0.172350,0.054351
2.250000,0.172384,0.053934
2.252000,0.172418,0.053516
2.254000,0.172452,0.053099
2.256000,0.172486,0.052681
2.258000,0.172519,0.052262
2.260000,0.172552,0.051844
2.262000,0.172585,0.051425
2.264000,0.172618,0.051005
2.266000,0.172650,0.050586
2.268000,0.172682,0.050166
2.270000,0.172714,0.049745
2.272000,0.172745,0.049325
2.274000,0.172776,0.048904
2.276000,0.172807,0.048482
2.278000,0.172838,0.048061
2.280000,0.172868,0.047639
2.282000,0.172898,0.047217
2.284000,0.172928,0.046795
2.286000,0.172958,0.046372
2.288000,0.172987,0.045949
2.290000,0.173016,0.045525
2.292000,0.173045,0.045102
2.294000,0.173073,0.044678
2.296000,0.173101,0.044254
2.298000,0.173129,0.043829
2.300000,0.173157,0.043405
2.302000,0.173184,0.042980
2.304000,0.173211,0.042554
2.306000,0.173238,0.042129
2.308000,0.173264,0.041703
2.310000,0.173291,0.041277
2.312000,0.173317,0.040851
2.314000,0.173342,0.040424
2.316000,0.173368,0.039997
2.318000,0.173393,0.039570
2.320000,0.173418,0.039143
2.322000,0.173443,0.038715
2.324000,0.173467,0.038287
2.326000,0.173491,0.037859
2.328000,0.173515,0.037431
2.330000,0.173538,0.037002
2.332000,0.173561,0.036573
2.334000,0.173584,0.036144
2.336000,0.173607,0.035715
2.338000,0.173630,0.035286
2.340000,0.173652,0.034856
2.342000,0.173674,0.034426
2.344000,0.173695,0.033996
2.346000,0.173717,0.033566
2.348000,0.173738,0.033135
2.350000,0.173758,0.032704
2.352000,0.173779,0.032273
2.354000,0.173799,0.031842
2.356000,0.173819,0.031411
2.358000,0.173839,0.030979
2.360000,0.173858,0.030547
2.362000,0.173877,0.030115
2.364000,0.173896,0.029683
2.366000,0.173915,0.029251
2.368000,0.173933,0.028818
2.370000,0.173951,0.028386
2.372000,0.173969,0.027953
2.374000,0.173986,0.027520
2.376000,0.174003,0.027086
2.378000,0.174020,0.026653
2.380000,0.174037,0.026219
2.382000,0.174053,0.025786
2.384000,0.174070,0.025352
2.386000,0.174085,0.024918
2.388000,0.174101,0.024483
2.390000,0.174116,0.024049
2.392000,0.174131,0.023614
2.394000,0.174146,0.023180
2.396000,0.174160,0.022745
2.398000,0.174175,0.022310
2.400000,0.174189,0.021875
2.402000,0.174202,0.021440
2.404000,0.174216,0.021004
2.406000,0.174229,0.020569
2.408000,0.174241,0.020133
2.410000,0.174254,0.019697
2.412000,0.174266,0.019261
2.414000,0.174278,0.018825
2.416000,0.174290,0.018389
2.418000,0.174301,0.017953
2.420000,0.174312,0.017516
2.422000,0.174323,0.017080
2.424000,0.174334,0.016643
2.426000,0.174344,0.016207
2.428000,0.174354,0.015770
2.430000,0.174364,0.015333
2.432000,0.174374,0.014896
2.434000,0.174383,0.014459
2.436000,0.174392,0.014022
2.438000,0.174401,0.013584
2.440000,0.174409,0.013147
2.442000,0.174417,0.012710
2.444000,0.174425,0.012272
2.446000,0.174432,0.011834
2.448000,0.174440,0.011397
2.450000,0.174447,0.010959
2.452000,0.174454,0.010521
2.454000,0.174460,0.010083
2.456000,0.174466,0.009645
2.458000,0.174472,0.009207
2.460000,0.174478,0.008769
2.462000,0.174483,0.008331
2.464000,0.174488,0.007893
2.466000,0.174493,0.007455
2.468000,0.174498,0.007016
2.470000,0.174502,0.006578
2.472000,0.174506,0.006140
2.474000,0.174510,0.005701
2.476000,0.174513,0.005263
2.478000,0.174516,0.004825
2.480000,0.174519,0.004386
2.482000,0.174522,0.003948
2.484000,0.174524,0.003509
2.486000,0.174526,0.003070
2.488000,0.174528,0.002632
2.490000,0.174529,0.002193
2.492000,0.174531,0.001755
2.494000,0.174532,0.001316
2.496000,0.174532,0.000877
2.498000,0.174533,0.000439
2.500000,0.174533,0.000000
2.502000,0.174533,-0.000439
2.504000,0.174532,-0.000877
2.506000,0.174532,-0.001316
2.508000,0.174531,-0.001755
2.510000,0.174529,-0.002193
2.512000,0.174528,-0.002632
2.514000,0.174526,-0.003070
2.516000,0.174524,-0.003509
2.518000,0.174522,-0.003948
2.520000,0.174519,-0.004386
2.522000,0.174516,-0.004825
2.524000,0.174513,-0.005263
2.526000,0.174510,-0.005701
2.528000,0.174506,-0.006140
2.530000,0.174502,-0.006578
2.532000,0.174498,-0.007016
2.534000,0.174493,-0.007455
2.536000,0.174488,-0.007893
2.538000,0.174483,-0.008331
2.540000,0.174478,-0.008769
2.542000,0.174472,-0.009207
2.544000,0.174466,-0.009645
2.546000,0.174460,-0.010083
2.548000,0.174454,-0.010521
2.550000,0.174447,-0.010959
2.552000,0.174440,-0.011397
2.554000,0.174432,-0.011834
2.556000,0.174425,-0.012272
2.558000,0.174417,-0.012710
2.560000,0.174409,-0.013147
2.562000,0.174401,-0.013584
2.564000,0.174392,-0.014022
2.566000,0.174383,-0.014459
2.568000,0.174374,-0.014896
2.570000,0.174364,-0.015333
2.572000,0.174354,-0.015770
2.574000,0.174344,-0.016207
2.576000,0.174334,-0.016643
2.578000,0.174323,-0.017080
2.580000,0.174312,-0.017516
2.582000,0.174301,-0.017953
2.584000,0.174290,-0.018389
2.586000,0.174278,-0.018825
2.588000,0.174266,-0.019261
2.590000,0.174254,-0.019697
2.592000,0.174241,-0.020133
2.594000,0.174229,-0.020569
2.596000,0.174216,-0.021004
2.598000,0.174202,-0.021440
2.600000,0.174189,-0.021875
2.602000,0.174175,-0.022310
2.604000,0.174160,-0.022745
2.606000,0.174146,-0.023180
2.608000,0.174131,-0.023614
2.610000,0.174116,-0.024049
2.612000,0.174101,-0.024483
2.614000,0.174085,-0.024918
2.616000,0.174070,-0.025352
2.618000,0.174053,-0.025786
2.620000,0.174037,-0.026219
2.622000,0.174020,-0.026653
2.624000,0.174003,-0.027086
2.626000,0.173986,-0.027520
2.628000,0.173969,-0.027953
2.630000,0.173951,-0.028386
2.632000,0.173933,-0.028818
2.634000,0.173915,-0.029251
2.636000,0.173896,-0.029683
2.638000,0.173877,-0.030115
2.640000,0.173858,-0.030547
2.642000,0.173839,-0.030979
2.644000,0.173819,-0.031411
2.646000,0.173799,-0.031842
2.648000,0.173779,-0.032273
2.650000,0.173758,-0.032704
2.652000,0.173738,-0.033135
2.654000,0.173717,-0.033566
2.656000,0.173695,-0.033996
2.658000,0.173674,-0.034426
2.660000,0.173652,-0.034856
2.662000,0.173630,-0.035286
2.664000,0.173607,-0.035715
2.666000,0.173584,-0.036144
2.668000,0.173561,-0.036573
2.670000,0.173538,-0.037002
2.672000,0.173515,-0.037431
2.674000,0.173491,-0.037859
2.676000,0.173467,-0.038287
2.678000,0.173443,-0.038715
2.680000,0.173418,-0.039143
2.682000,0.173393,-0.039570
2.684000,0.173368,-0.039997
2.686000,0.173342,-0.040424
2.688000,0.173317,-0.040851
2.690000,0.173291,-0.041277
2.692000,0.173264,-0.041703
2.694000,0.173238,-0.042129
2.696000,0.173211,-0.042554
2.698000,0.173184,-0.042980
2.700000,0.173157,-0.043405
2.702000,0.173129,-0.043829
2.704000,0.173101,-0.044254
2.706000,0.173073,-0.044678
2.708000,0.173045,-0.045102
2.710000,0.173016,-0.045525
2.712000,0.172987,-0.045949
2.714000,0.172958,-0.046372
2.716000,0.172928,-0.046795
2.718000,0.172898,-0.047217
2.720000,0.172868,-0.047639
2.722000,0.172838,-0.048061
2.724000,0.172807,-0.048482
2.726000,0.172776,-0.048904
2.728000,0.172745,-0.049325
2.730000,0.172714,-0.049745
2.732000,0.172682,-0.050166
2.734000,0.172650,-0.050586
2.736000,0.172618,-0.051005
2.738000,0.172585,-0.051425
2.740000,0.172552,-0.051844
2.742000,0.172519,-0.052262
2.744000,0.172486,-0.052681
2.746000,0.172452,-0.053099
2.748000,0.172418,-0.053516
2.750000,0.172384,-0.053934
2.752000,0.172350,-0.054351
2.754000,0.172315,-0.054767
2.756000,0.172280,-0.055184
2.758000,0.172245,-0.055600
2.760000,0.172209,-0.056015
2.762000,0.172173,-0.056430
2.764000,0.172137,-0.056845
2.766000,0.172101,-0.057260
2.768000,0.172064,-0.057674
2.770000,0.172027,-0.058088
2.772000,0.171990,-0.058501
2.774000,0.171953,-0.058915
2.776000,0.171915,-0.059327
2.778000,0.171877,-0.059740
2.780000,0.171839,-0.060152
2.782000,0.171800,-0.060563
2.784000,0.171762,-0.060974
2.786000,0.171723,-0.061385
2.788000,0.171683,-0.061796
2.790000,0.171644,-0.062206
2.792000,0.171604,-0.062615
2.794000,0.171564,-0.063025
2.796000,0.171523,-0.063433
2.798000,0.171482,-0.063842
2.800000,0.171441,-0.064250
2.802000,0.171400,-0.064657
2.804000,0.171359,-0.065065
2.806000,0.171317,-0.065472
2.808000,0.171275,-0.065878
2.810000,0.171233,-0.066284
2.812000,0.171190,-0.066690
2.814000,0.171147,-0.067095
2.816000,0.171104,-0.067499
2.818000,0.171061,-0.067904
2.820000,0.171017,-0.068308
2.822000,0.170973,-0.068711
2.824000,0.170929,-0.069114
2.826000,0.170884,-0.069517
2.828000,0.170840,-0.069919
2.830000,0.170795,-0.070320
2.832000,0.170749,-0.070722
2.834000,0.170704,-0.071122
2.836000,0.170658,-0.071523
2.838000,0.170612,-0.071923
2.840000,0.170565,-0.072322
2.842000,0.170519,-0.072721
2.844000,0.170472,-0.073120
2.846000,0.170425,-0.073518
2.848000,0.170377,-0.073915
2.850000,0.170330,-0.074313
2.852000,0.170282,-0.074709
2.854000,0.170233,-0.075105
2.856000,0.170185,-0.075501
2.858000,0.170136,-0.075896
2.860000,0.170087,-0.076291
2.862000,0.170038,-0.076685
2.864000,0.169988,-0.077079
2.866000,0.169938,-0.077472
2.868000,0.169888,-0.077865
2.870000,0.169838,-0.078258
2.872000,0.169787,-0.078649
2.874000,0.169736,-0.079041
2.876000,0.169685,-0.079432
2.878000,0.169633,-0.079822
2.880000,0.169582,-0.080212
2.882000,0.169530,-0.080601
2.884000,0.169477,-0.080990
2.886000,0.169425,-0.081378
2.888000,0.169372,-0.081766
2.890000,0.169319,-0.082153
2.892000,0.169266,-0.082540
2.894000,0.169212,-0.082926
2.896000,0.169158,-0.083312
2.898000,0.169104,-0.083697
2.900000,0.169050,-0.084082
2.902000,0.168995,-0.084466
2.904000,0.168940,-0.084850
2.906000,0.168885,-0.085233
2.908000,0.168829,-0.085615
2.910000,0.168774,-0.085997
2.912000,0.168718,-0.086379
2.914000,0.168661,-0.086759
2.916000,0.168605,-0.087140
2.918000,0.168548,-0.087520
2.920000,0.168491,-0.087899
2.922000,0.168434,-0.088278
2.924000,0.168376,-0.088656
2.926000,0.168318,-0.089033
2.928000,0.168260,-0.089410
2.930000,0.168202,-0.089787
2.932000,0.168143,-0.090163
2.934000,0.168084,-0.090538
2.936000,0.168025,-0.090913
2.938000,0.167965,-0.091287
2.940000,0.167906,-0.091660
2.942000,0.167846,-0.092033
2.944000,0.167785,-0.092406
2.946000,0.167725,-0.092778
2.948000,0.167664,-0.093149
2.950000,0.167603,-0.093519
2.952000,0.167542,-0.093889
2.954000,0.167480,-0.094259
2.956000,0.167418,-0.094628
2.958000,0.167356,-0.094996
2.960000,0.167294,-0.095364
2.962000,0.167231,-0.095731
2.964000,0.167168,-0.096097
2.966000,0.167105,-0.096463
2.968000,0.167041,-0.096828
2.970000,0.166978,-0.097193
2.972000,0.166914,-0.097557
2.974000,0.166850,-0.097921
2.976000,0.166785,-0.098283
2.978000,0.166720,-0.098646
2.980000,0.166655,-0.099007
2.982000,0.166590,-0.099368
2.984000,0.166524,-0.099728
2.986000,0.166459,-0.100088
2.988000,0.166393,-0.100447
2.990000,0.166326,-0.100805
2.992000,0.166260,-0.101163
2.994000,0.166193,-0.101520
2.996000,0.166126,-0.101877
2.998000,0.166058,-0.102233
3.000000,0.165991,-0.102588
3.002000,0.165923,-0.102942
3.004000,0.165855,-0.103296
3.006000,0.165786,-0.103650
3.008000,0.165717,-0.104002
3.010000,0.165649,-0.104354
3.012000,0.165579,-0.104705
3.014000,0.165510,-0.105056
3.016000,0.165440,-0.105406
3.018000,0.165370,-0.105755
3.020000,0.165300,-0.106104
3.022000,0.165229,-0.106452
3.024000,0.165159,-0.106799
3.026000,0.165087,-0.107146
3.028000,0.165016,-0.107492
3.030000,0.164945,-0.107837
3.032000,0.164873,-0.108181
3.034000,0.164801,-0.108525
3.036000,0.164728,-0.108868
3.038000,0.164656,-0.109211
3.040000,0.164583,-0.109553
3.042000,0.164510,-0.109894
3.044000,0.164436,-0.110234
3.046000,0.164363,-0.110574
3.048000,0.164289,-0.110913
3.050000,0.164215,-0.111251
3.052000,0.164140,-0.111589
3.054000,0.164066,-0.111926
3.056000,0.163991,-0.112262
3.058000,0.163915,-0.112598
3.060000,0.163840,-0.112933
3.062000,0.163764,-0.113267
3.064000,0.163688,-0.113600
3.066000,0.163612,-0.113933
3.068000,0.163536,-0.114265
3.070000,0.163459,-0.114596
3.072000,0.163382,-0.114926
3.074000,0.163305,-0.115256
3.076000,0.163227,-0.115585
3.078000,0.163149,-0.115913
3.080000,0.163071,-0.116241
3.082000,0.162993,-0.116568
3.084000,0.162914,-0.116894
3.086000,0.162835,-0.117219
3.088000,0.162756,-0.117544
3.090000,0.162677,-0.117868
3.092000,0.162598,-0.118191
3.094000,0.162518,-0.118513
3.096000,0.162438,-0.118835
3.098000,0.162357,-0.119156
3.100000,0.162277,-0.119476
3.102000,0.162196,-0.119795
3.104000,0.162115,-0.120114
3.106000,0.162033,-0.120432
3.108000,0.161952,-0.120749
3.110000,0.161870,-0.121065
3.112000,0.161788,-0.121381
3.114000,0.161705,-0.121696
3.116000,0.161623,-0.122010
3.118000,0.161540,-0.122323
3.120000,0.161456,-0.122636
3.122000,0.161373,-0.122947
3.124000,0.161289,-0.123258
3.126000,0.161205,-0.123568
3.128000,0.161121,-0.123878
3.130000,0.161037,-0.124186
3.132000,0.160952,-0.124494
3.134000,0.160867,-0.124801
3.136000,0.160782,-0.125108
3.138000,0.160696,-0.125413
3.140000,0.160611,-0.125718
3.142000,0.160525,-0.126022
3.144000,0.160439,-0.126325
3.146000,0.160352,-0.126627
3.148000,0.160265,-0.126928
3.150000,0.160178,-0.127229
3.152000,0.160091,-0.127529
3.154000,0.160004,-0.127828
3.156000,0.159916,-0.128126
3.158000,0.159828,-0.128424
3.160000,0.159740,-0.128720
3.162000,0.159651,-0.129016
3.164000,0.159562,-0.129311
3.166000,0.159473,-0.129605
3.168000,0.159384,-0.129899
3.170000,0.159295,-0.130191
3.172000,0.159205,-0.130483
3.174000,0.159115,-0.130774
3.176000,0.159025,-0.131064
3.178000,0.158934,-0.131353
3.180000,0.158843,-0.131642
3.182000,0.158752,-0.131929
3.184000,0.158661,-0.132216
3.186000,0.158570,-0.132502
3.188000,0.158478,-0.132787
3.190000,0.158386,-0.133071
3.192000,0.158294,-0.133355
3.194000,0.158201,-0.133637
3.196000,0.158108,-0.133919
3.198000,0.158015,-0.134200
3.200000,0.157922,-0.134480
3.202000,0.157829,-0.134759
3.204000,0.157735,-0.135037
3.206000,0.157641,-0.135315
3.208000,0.157547,-0.135592
3.210000,0.157452,-0.135867
3.212000,0.157357,-0.136142
3.214000,0.157262,-0.136416
3.216000,0.157167,-0.136689
3.218000,0.157072,-0.136962
3.220000,0.156976,-0.137233
3.222000,0.156880,-0.137504
3.224000,0.156784,-0.137774
3.226000,0.156687,-0.138042
3.228000,0.156590,-0.138310
3.230000,0.156493,-0.138577
3.232000,0.156396,-0.138844
3.234000,0.156299,-0.139109
3.236000,0.156201,-0.139374
3.238000,0.156103,-0.139637
3.240000,0.156005,-0.139900
3.242000,0.155906,-0.140162
3.244000,0.155808,-0.140423
3.246000,0.155709,-0.140683
3.248000,0.155609,-0.140942
3.250000,0.155510,-0.141200
3.252000,0.155410,-0.141457
3.254000,0.155310,-0.141714
3.256000,0.155210,-0.141970
3.258000,0.155110,-0.142224
3.260000,0.155009,-0.142478
3.262000,0.154908,-0.142731
3.264000,0.154807,-0.142983
3.266000,0.154706,-0.143234
3.268000,0.154604,-0.143484
3.270000,0.154502,-0.143734
3.272000,0.154400,-0.143982
3.274000,0.154297,-0.144229
3.276000,0.154195,-0.144476
3.278000,0.154092,-0.144722
3.280000,0.153989,-0.144966
3.282000,0.153886,-0.145210
3.284000,0.153782,-0.145453
3.286000,0.153678,-0.145695
3.288000,0.153574,-0.145936
3.290000,0.153470,-0.146176
3.292000,0.153365,-0.146415
3.294000,0.153260,-0.146654
3.296000,0.153155,-0.146891
3.298000,0.153050,-0.147128
3.300000,0.152944,-0.147363
3.302000,0.152839,-0.147598
3.304000,0.152733,-0.147831
3.306000,0.152626,-0.148064
3.308000,0.152520,-0.148296
3.310000,0.152413,-0.148527
3.312000,0.152306,-0.148756
3.314000,0.152199,-0.148985
3.316000,0.152091,-0.149213
3.318000,0.151984,-0.149441
3.320000,0.151876,-0.149667
3.322000,0.151768,-0.149892
3.324000,0.151659,-0.150116
3.326000,0.151550,-0.150339
3.328000,0.151442,-0.150562
3.330000,0.151332,-0.150783
3.332000,0.151223,-0.151004
3.334000,0.151113,-0.151223
3.336000,0.151004,-0.151442
3.338000,0.150893,-0.151659
3.340000,0.150783,-0.151876
3.342000,0.150673,-0.152091
3.344000,0.150562,-0.152306
3.346000,0.150451,-0.152520
3.348000,0.150339,-0.152733
3.350000,0.150228,-0.152944
3.352000,0.150116,-0.153155
3.354000,0.150004,-0.153365
3.356000,0.149892,-0.153574
3.358000,0.149779,-0.153782
3.360000,0.149667,-0.153989
3.362000,0.149554,-0.154195
3.364000,0.149441,-0.154400
3.366000,0.149327,-0.154604
3.368000,0.149213,-0.154807
3.370000,0.149100,-0.155009
3.372000,0.148985,-0.155210
3.374000,0.148871,-0.155410
3.376000,0.148756,-0.155609
3.378000,0.148642,-0.155808
3.380000,0.148527,-0.156005
3.382000,0.148411,-0.156201
3.384000,0.148296,-0.156396
3.386000,0.148180,-0.156590
3.388000,0.148064,-0.156784
3.390000,0.147948,-0.156976
3.392000,0.147831,-0.157167
3.394000,0.147715,-0.157357
3.396000,0.147598,-0.157547
3.398000,0.147480,-0.157735
3.400000,0.147363,-0.157922
3.402000,0.147245,-0.158108
3.404000,0.147128,-0.158294
3.406000,0.147009,-0.158478
3.408000,0.146891,-0.158661
3.410000,0.146773,-0.158843
3.412000,0.146654,-0.159025
3.414000,0.146535,-0.159205
3.416000,0.146415,-0.159384
3.418000,0.146296,-0.159562
3.420000,0.146176,-0.159740
3.422000,0.146056,-0.159916
3.424000,0.145936,-0.160091
3.426000,0.145816,-0.160265
3.428000,0.145695,-0.160439
3.430000,0.145574,-0.160611
3.432000,0.145453,-0.160782
3.434000,0.145332,-0.160952
3.436000,0.145210,-0.161121
3.438000,0.145088,-0.161289
3.440000,0.144966,-0.161456
3.442000,0.144844,-0.161623
3.444000,0.144722,-0.161788
3.446000,0.144599,-0.161952
3.448000,0.144476,-0.162115
3.450000,0.144353,-0.162277
3.452000,0.144229,-0.162438
3.454000,0.144106,-0.162598
3.456000,0.143982,-0.162756
3.458000,0.143858,-0.162914
3.460000,0.143734,-0.163071
3.462000,0.143609,-0.163227
3.464000,0.143484,-0.163382
3.466000,0.143359,-0.163536
3.468000,0.143234,-0.163688
3.470000,0.143109,-0.163840
3.472000,0.142983,-0.163991
3.474000,0.142857,-0.164140
3.476000,0.142731,-0.164289
3.478000,0.142605,-0.164436
3.480000,0.142478,-0.164583
3.482000,0.142351,-0.164728
3.484000,0.142224,-0.164873
3.486000,0.142097,-0.165016
3.488000,0.141970,-0.165159
3.490000,0.141842,-0.165300
3.492000,0.141714,-0.165440
3.494000,0.141586,-0.165579
3.496000,0.141457,-0.165717
3.498000,0.141329,-0.165855
3.500000,0.141200,-0.165991
3.502000,0.141071,-0.166126
3.504000,0.140942,-0.166260
3.506000,0.140812,-0.166393
3.508000,0.140683,-0.166524
3.510000,0.140553,-0.166655
3.512000,0.140423,-0.166785
3.514000,0.140292,-0.166914
3.516000,0.140162,-0.167041
3.518000,0.140031,-0.167168
3.520000,0.139900,-0.167294
3.522000,0.139769,-0.167418
3.524000,0.139637,-0.167542
3.526000,0.139505,-0.167664
3.528000,0.139374,-0.167785
3.530000,0.139241,-0.167906
3.532000,0.139109,-0.168025
3.534000,0.138976,-0.168143
3.536000,0.138844,-0.168260
3.538000,0.138711,-0.168376
3.540000,0.138577,-0.168491
3.542000,0.138444,-0.168605
3.544000,0.138310,-0.168718
3.546000,0.138176,-0.168829
3.548000,0.138042,-0.168940
3.550000,0.137908,-0.169050
3.552000,0.137774,-0.169158
3.554000,0.137639,-0.169266
3.556000,0.137504,-0.169372
3.558000,0.137369,-0.169477
3.560000,0.137233,-0.169582
3.562000,0.137098,-0.169685
3.564000,0.136962,-0.169787
3.566000,0.136826,-0.169888
3.568000,0.136689,-0.169988
3.570000,0.136553,-0.170087
3.572000,0.136416,-0.170185
3.574000,0.136279,-0.170282
3.576000,0.136142,-0.170377
3.578000,0.136005,-0.170472
3.580000,0.135867,-0.170565
3.582000,0.135730,-0.170658
3.584000,0.135592,-0.170749
3.586000,0.135453,-0.170840
3.588000,0.135315,-0.170929
3.590000,0.135176,-0.171017
3.592000,0.135037,-0.171104
3.594000,0.134898,-0.171190
3.596000,0.134759,-0.171275
3.598000,0.134620,-0.171359
3.600000,0.134480,-0.171441
3.602000,0.134340,-0.171523
3.604000,0.134200,-0.171604
3.606000,0.134060,-0.171683
3.608000,0.133919,-0.171762
3.610000,0.133778,-0.171839
3.612000,0.133637,-0.171915
3.614000,0.133496,-0.171990
3.616000,0.133355,-0.172064
3.618000,0.133213,-0.172137
3.620000,0.133071,-0.172209
3.622000,0.132929,-0.172280
3.624000,0.132787,-0.172350
3.626000,0.132645,-0.172418
3.628000,0.132502,-0.172486
3.630000,0.132359,-0.172552
3.632000,0.132216,-0.172618
3.634000,0.132073,-0.172682
3.636000,0.131929,-0.172745
3.638000,0.131786,-0.172807
3.640000,0.131642,-0.172868
3.642000,0.131498,-0.172928
3.644000,0.131353,-0.172987
3.646000,0.131209,-0.173045
3.648000,0.131064,-0.173101
3.650000,0.130919,-0.173157
3.652000,0.130774,-0.173211
3.654000,0.130629,-0.173264
3.656000,0.130483,-0.173317
3.658000,0.130337,-0.173368
3.660000,0.130191,-0.173418
3.662000,0.130045,-0.173467
3.664000,0.129899,-0.173515
3.666000,0.129752,-0.173561
3.668000,0.129605,-0.173607
3.670000,0.129458,-0.173652
3.672000,0.129311,-0.173695
3.674000,0.129164,-0.173738
3.676000,0.129016,-0.173779
3.678000,0.128868,-0.173819
3.680000,0.128720,-0.173858
3.682000,0.128572,-0.173896
3.684000,0.128424,-0.173933
3.686000,0.128275,-0.173969
3.688000,0.128126,-0.174003
3.690000,0.127977,-0.174037
3.692000,0.127828,-0.174070
3.694000,0.127679,-0.174101
3.696000,0.127529,-0.174131
3.698000,0.127379,-0.174160
3.700000,0.127229,-0.174189
3.702000,0.127079,-0.174216
3.704000,0.126928,-0.174241
3.706000,0.126778,-0.174266
3.708000,0.126627,-0.174290
3.710000,0.126476,-0.174312
3.712000,0.126325,-0.174334
3.714000,0.126173,-0.174354
3.716000,0.126022,-0.174374
3.718000,0.125870,-0.174392
3.720000,0.125718,-0.174409
3.722000,0.125565,-0.174425
3.724000,0.125413,-0.174440
3.726000,0.125260,-0.174454
3.728000,0.125108,-0.174466
3.730000,0.124954,-0.174478
3.732000,0.124801,-0.174488
3.734000,0.124648,-0.174498
3.736000,0.124494,-0.174506
3.738000,0.124340,-0.174513
3.740000,0.124186,-0.174519
3.742000,0.124032,-0.174524
3.744000,0.123878,-0.174528
3.746000,0.123723,-0.174531
3.748000,0.123568,-0.174532
3.750000,0.123413,-0.174533
3.752000,0.123258,-0.174532
3.754000,0.123103,-0.174531
3.756000,0.122947,-0.174528
3.758000,0.122792,-0.174524
3.760000,0.122636,-0.174519
3.762000,0.122479,-0.174513
3.764000,0.122323,-0.174506
3.766000,0.122167,-0.174498
3.768000,0.122010,-0.174488
3.770000,0.121853,-0.174478
3.772000,0.121696,-0.174466
3.774000,0.121538,-0.174454
3.776000,0.121381,-0.174440
3.778000,0.121223,-0.174425
3.780000,0.121065,-0.174409
3.782000,0.120907,-0.174392
3.784000,0.120749,-0.174374
3.786000,0.120591,-0.174354
3.788000,0.120432,-0.174334
3.790000,0.120273,-0.174312
3.792000,0.120114,-0.174290
3.794000,0.119955,-0.174266
3.796000,0.119795,-0.174241
3.798000,0.119636,-0.174216
3.800000,0.119476,-0.174189
3.802000,0.119316,-0.174160
3.804000,0.119156,-0.174131
3.806000,0.118996,-0.174101
3.808000,0.118835,-0.174070
3.810000,0.118674,-0.174037
3.812000,0.118513,-0.174003
3.814000,0.118352,-0.173969
3.816000,0.118191,-0.173933
3.818000,0.118029,-0.173896
3.820000,0.117868,-0.173858
3.822000,0.117706,-0.173819
3.824000,0.117544,-0.173779
3.826000,0.117382,-0.173738
3.828000,0.117219,-0.173695
3.830000,0.117057,-0.173652
3.832000,0.116894,-0.173607
3.834000,0.116731,-0.173561
3.836000,0.116568,-0.173515
3.838000,0.116405,-0.173467
3.840000,0.116241,-0.173418
3.842000,0.116077,-0.173368
3.844000,0.115913,-0.173317
3.846000,0.115749,-0.173264
3.848000,0.115585,-0.173211
3.850000,0.115421,-0.173157
3.852000,0.115256,-0.173101
3.854000,0.115091,-0.173045
3.856000,0.114926,-0.172987
3.858000,0.114761,-0.172928
3.860000,0.114596,-0.172868
3.862000,0.114430,-0.172807
3.864000,0.114265,-0.172745
3.866000,0.114099,-0.172682
3.868000,0.113933,-0.172618
3.870000,0.113766,-0.172552
3.872000,0.113600,-0.172486
3.874000,0.113433,-0.172418
3.876000,0.113267,-0.172350
3.878000,0.113100,-0.172280
3.880000,0.112933,-0.172209
3.882000,0.112765,-0.172137
3.884000,0.112598,-0.172064
3.886000,0.112430,-0.171990
3.888000,0.112262,-0.171915
3.890000,0.112094,-0.171839
3.892000,0.111926,-0.171762
3.894000,0.111758,-0.171683
3.896000,0.111589,-0.171604
3.898000,0.111420,-0.171523
3.900000,0.111251,-0.171441
3.902000,0.111082,-0.171359
3.904000,0.110913,-0.171275
3.906000,0.110744,-0.171190
3.908000,0.110574,-0.171104
3.910000,0.110404,-0.171017
3.912000,0.110234,-0.170929
3.914000,0.110064,-0.170840
3.916000,0.109894,-0.170749
3.918000,0.109723,-0.170658
3.920000,0.109553,-0.170565
3.922000,0.109382,-0.170472
3.924000,0.109211,-0.170377
3.926000,0.109040,-0.170282
3.928000,0.108868,-0.170185
3.930000,0.108697,-0.170087
3.932000,0.108525,-0.169988
3.934000,0.108353,-0.169888
3.936000,0.108181,-0.169787
3.938000,0.108009,-0.169685
3.940000,0.107837,-0.169582
3.942000,0.107664,-0.169477
3.944000,0.107492,-0.169372
3.946000,0.107319,-0.169266
3.948000,0.107146,-0.169158
3.950000,0.106972,-0.169050
3.952000,0.106799,-0.168940
3.954000,0.106626,-0.168829
3.956000,0.106452,-0.168718
3.958000,0.106278,-0.168605
3.960000,0.106104,-0.168491
3.962000,0.105930,-0.168376
3.964000,0.105755,-0.168260
3.966000,0.105581,-0.168143
3.968000,0.105406,-0.168025
3.970000,0.105231,-0.167906
3.972000,0.105056,-0.167785
3.974000,0.104881,-0.167664
3.976000,0.104705,-0.167542
3.978000,0.104530,-0.167418
3.980000,0.104354,-0.167294
3.982000,0.104178,-0.167168
3.984000,0.104002,-0.167041
3.986000,0.103826,-0.166914
3.988000,0.103650,-0.166785
3.990000,0.103473,-0.166655
3.992000,0.103296,-0.166524
3.994000,0.103119,-0.166393
3.996000,0.102942,-0.166260
3.998000,0.102765,-0.166126
4.000000,0.102588,-0.165991
4.002000,0.102410,-0.165855
4.004000,0.102233,-0.165717
4.006000,0.102055,-0.165579
4.008000,0.101877,-0.165440
4.010000,0.101699,-0.165300
4.012000,0.101520,-0.165159
4.014000,0.101342,-0.165016
4.016000,0.101163,-0.164873
4.018000,0.100984,-0.164728
4.020000,0.100805,-0.164583
4.022000,0.100626,-0.164436
4.024000,0.100447,-0.164289
4.026000,0.100268,-0.164140
4.028000,0.100088,-0.163991
4.030000,0.099908,-0.163840
4.032000,0.099728,-0.163688
4.034000,0.099548,-0.163536
4.036000,0.099368,-0.163382
4.038000,0.099188,-0.163227
4.040000,0.099007,-0.163071
4.042000,0.098826,-0.162914
4.044000,0.098646,-0.162756
4.046000,0.098465,-0.162598
4.048000,0.098283,-0.162438
4.050000,0.098102,-0.162277
4.052000,0.097921,-0.162115
4.054000,0.097739,-0.161952
4.056000,0.097557,-0.161788
4.058000,0.097375,-0.161623
4.060000,0.097193,-0.161456
4.062000,0.097011,-0.161289
4.064000,0.096828,-0.161121
4.066000,0.096646,-0.160952
4.068000,0.096463,-0.160782
4.070000,0.096280,-0.160611
4.072000,0.096097,-0.160439
4.074000,0.095914,-0.160265
4.076000,0.095731,-0.160091
4.078000,0.095547,-0.159916
4.080000,0.095364,-0.159740
4.082000,0.095180,-0.159562
4.084000,0.094996,-0.159384
4.086000,0.094812,-0.159205
4.088000,0.094628,-0.159025
4.090000,0.094443,-0.158843
4.092000,0.094259,-0.158661
4.094000,0.094074,-0.158478
4.096000,0.093889,-0.158294
4.098000,0.093705,-0.158108
4.100000,0.093519,-0.157922
4.102000,0.093334,-0.157735
4.104000,0.093149,-0.157547
4.106000,0.092963,-0.157357
4.108000,0.092778,-0.157167
4.110000,0.092592,-0.156976
4.112000,0.092406,-0.156784
4.114000,0.092220,-0.156590
4.116000,0.092033,-0.156396
4.118000,0.091847,-0.156201
4.120000,0.091660,-0.156005
4.122000,0.091474,-0.155808
4.124000,0.091287,-0.155609
4.126000,0.091100,-0.155410
4.128000,0.090913,-0.155210
4.130000,0.090725,-0.155009
4.132000,0.090538,-0.154807
4.134000,0.090350,-0.154604
4.136000,0.090163,-0.154400
4.138000,0.089975,-0.154195
4.140000,0.089787,-0.153989
4.142000,0.089598,-0.153782
4.144000,0.089410,-0.153574
4.146000,0.089222,-0.153365
4.148000,0.089033,-0.153155
4.150000,0.088844,-0.152944
4.152000,0.088656,-0.152733
4.154000,0.088467,-0.152520
4.156000,0.088278,-0.152306
4.158000,0.088088,-0.152091
4.160000,0.087899,-0.151876
4.162000,0.087709,-0.151659
4.164000,0.087520,-0.151442
4.166000,0.087330,-0.151223
4.168000,0.087140,-0.151004
4.170000,0.086950,-0.150783
4.172000,0.086759,-0.150562
4.174000,0.086569,-0.150339
4.176000,0.086379,-0.150116
4.178000,0.086188,-0.149892
4.180000,0.085997,-0.149667
4.182000,0.085806,-0.149441
4.184000,0.085615,-0.149213
4.186000,0.085424,-0.148985
4.188000,0.085233,-0.148756
4.190000,0.085041,-0.148527
4.192000,0.084850,-0.148296
4.194000,0.084658,-0.148064
4.196000,0.084466,-0.147831
4.198000,0.084274,-0.147598
4.200000,0.084082,-0.147363
4.202000,0.083890,-0.147128
4.204000,0.083697,-0.146891
4.206000,0.083505,-0.146654
4.208000,0.083312,-0.146415
4.210000,0.083119,-0.146176
4.212000,0.082926,-0.145936
4.214000,0.082733,-0.145695
4.216000,0.082540,-0.145453
4.218000,0.082347,-0.145210
4.220000,0.082153,-0.144966
4.222000,0.081960,-0.144722
4.224000,0.081766,-0.144476
4.226000,0.081572,-0.144229
4.228000,0.081378,-0.143982
4.230000,0.081184,-0.143734
4.232000,0.080990,-0.143484
4.234000,0.080796,-0.143234
4.236000,0.080601,-0.142983
4.238000,0.080407,-0.142731
4.240000,0.080212,-0.142478
4.242000,0.080017,-0.142224
4.244000,0.079822,-0.141970
4.246000,0.079627,-0.141714
4.248000,0.079432,-0.141457
4.250000,0.079236,-0.141200
4.252000,0.079041,-0.140942
4.254000,0.078845,-0.140683
4.256000,0.078649,-0.140423
4.258000,0.078454,-0.140162
4.260000,0.078258,-0.139900
4.262000,0.078062,-0.139637
4.264000,0.077865,-0.139374
4.266000,0.077669,-0.139109
4.268000,0.077472,-0.138844
4.270000,0.077276,-0.138577
4.272000,0.077079,-0.138310
4.274000,0.076882,-0.138042
4.276000,0.076685,-0.137774
4.278000,0.076488,-0.137504
4.280000,0.076291,-0.137233
4.282000,0.076094,-0.136962
4.284000,0.075896,-0.136689
4.286000,0.075699,-0.136416
4.288000,0.075501,-0.136142
4.290000,0.075303,-0.135867
4.292000,0.075105,-0.135592
4.294000,0.074907,-0.135315
4.296000,0.074709,-0.135037
4.298000,0.074511,-0.134759
4.300000,0.074313,-0.134480
4.302000,0.074114,-0.134200
4.304000,0.073915,-0.133919
4.306000,0.073717,-0.133637
4.308000,0.073518,-0.133355
4.310000,0.073319,-0.133071
4.312000,0.073120,-0.132787
4.314000,0.072920,-0.132502
4.316000,0.072721,-0.132216
4.318000,0.072522,-0.131929
4.320000,0.072322,-0.131642
4.322000,0.072123,-0.131353
4.324000,0.071923,-0.131064
4.326000,0.071723,-0.130774
4.328000,0.071523,-0.130483
4.330000,0.071323,-0.130191
4.332000,0.071122,-0.129899
4.334000,0.070922,-0.129605
4.336000,0.070722,-0.129311
4.338000,0.070521,-0.129016
4.340000,0.070320,-0.128720
4.342000,0.070120,-0.128424
4.344000,0.069919,-0.128126
4.346000,0.069718,-0.127828
4.348000,0.069517,-0.127529
4.350000,0.069315,-0.127229
4.352000,0.069114,-0.126928
4.354000,0.068913,-0.126627
4.356000,0.068711,-0.126325
4.358000,0.068509,-0.126022
4.360000,0.068308,-0.125718
4.362000,0.068106,-0.125413
4.364000,0.067904,-0.125108
4.366000,0.067702,-0.124801
4.368000,0.067499,-0.124494
4.370000,0.067297,-0.124186
4.372000,0.067095,-0.123878
4.374000,0.066892,-0.123568
4.376000,0.066690,-0.123258
4.378000,0.066487,-0.122947
4.380000,0.066284,-0.122636
4.382000,0.066081,-0.122323
4.384000,0.065878,-0.122010
4.386000,0.065675,-0.121696
4.388000,0.065472,-0.121381
4.390000,0.065268,-0.121065
4.392000,0.065065,-0.120749
4.394000,0.064861,-0.120432
4.396000,0.064657,-0.120114
4.398000,0.064454,-0.119795
4.400000,0.064250,-0.119476
4.402000,0.064046,-0.119156
4.404000,0.063842,-0.118835
4.406000,0.063638,-0.118513
4.408000,0.063433,-0.118191
4.410000,0.063229,-0.117868
4.412000,0.063025,-0.117544
4.414000,0.062820,-0.117219
4.416000,0.062615,-0.116894
4.418000,0.062410,-0.116568
4.420000,0.062206,-0.116241
4.422000,0.062001,-0.115913
4.424000,0.061796,-0.115585
4.426000,0.061590,-0.115256
4.428000,0.061385,-0.114926
4.430000,0.061180,-0.114596
4.432000,0.060974,-0.114265
4.434000,0.060769,-0.113933
4.436000,0.060563,-0.113600
4.438000,0.060357,-0.113267
4.440000,0.060152,-0.112933
4.442000,0.059946,-0.112598
4.444000,0.059740,-0.112262
4.446000,0.059533,-0.111926
4.448000,0.059327,-0.111589
4.450000,0.059121,-0.111251
4.452000,0.058915,-0.110913
4.454000,0.058708,-0.110574
4.456000,0.058501,-0.110234
4.458000,0.058295,-0.109894
4.460000,0.058088,-0.109553
4.462000,0.057881,-0.109211
4.464000,0.057674,-0.108868
4.466000,0.057467,-0.108525
4.468000,0.057260,-0.108181
4.470000,0.057053,-0.107837
4.472000,0.056845,-0.107492
4.474000,0.056638,-0.107146
4.476000,0.056430,-0.106799
4.478000,0.056223,-0.106452
4.480000,0.056015,-0.106104
4.482000,0.055807,-0.105755
4.484000,0.055600,-0.105406
4.486000,0.055392,-0.105056
4.488000,0.055184,-0.104705
4.490000,0.054976,-0.104354
4.492000,0.054767,-0.104002
4.494000,0.054559,-0.103650
4.496000,0.054351,-0.103296
4.498000,0.054142,-0.102942
4.500000,0.053934,-0.102588
4.502000,0.053725,-0.102233
4.504000,0.053516,-0.101877
4.506000,0.053307,-0.101520
4.508000,0.053099,-0.101163
4.510000,0.052890,-0.100805
4.512000,0.052681,-0.100447
4.514000,0.052471,-0.100088
4.516000,0.052262,-0.099728
4.518000,0.052053,-0.099368
4.520000,0.051844,-0.099007
4.522000,0.051634,-0.098646
4.524000,0.051425,-0.098283
4.526000,0.051215,-0.097921
4.528000,0.051005,-0.097557
4.530000,0.050795,-0.097193
4.532000,0.050586,-0.096828
4.534000,0.050376,-0.096463
4.536000,0.050166,-0.096097
4.538000,0.049955,-0.095731
4.540000,0.049745,-0.095364
4.542000,0.049535,-0.094996
4.544000,0.049325,-0.094628
4.546000,0.049114,-0.094259
4.548000,0.048904,-0.093889
4.550000,0.048693,-0.093519
4.552000,0.048482,-0.093149
4.554000,0.048272,-0.092778
4.556000,0.048061,-0.092406
4.558000,0.047850,-0.092033
4.560000,0.047639,-0.091660
4.562000,0.047428,-0.091287
4.564000,0.047217,-0.090913
4.566000,0.047006,-0.090538
4.568000,0.046795,-0.090163
4.570000,0.046583,-0.089787
4.572000,0.046372,-0.089410
4.574000,0.046160,-0.089033
4.576000,0.045949,-0.088656
4.578000,0.045737,-0.088278
4.580000,0.045525,-0.087899
4.582000,0.045314,-0.087520
4.584000,0.045102,-0.087140
4.586000,0.044890,-0.086759
4.588000,0.044678,-0.086379
4.590000,0.044466,-0.085997
4.592000,0.044254,-0.085615
4.594000,0.044042,-0.085233
4.596000,0.043829,-0.084850
4.598000,0.043617,-0.084466
4.600000,0.043405,-0.084082
4.602000,0.043192,-0.083697
4.604000,0.042980,-0.083312
4.606000,0.042767,-0.082926
4.608000,0.042554,-0.082540
4.610000,0.042342,-0.082153
4.612000,0.042129,-0.081766
4.614000,0.041916,-0.081378
4.616000,0.041703,-0.080990
4.618000,0.041490,-0.080601
4.620000,0.041277,-0.080212
4.622000,0.041064,-0.079822
4.624000,0.040851,-0.079432
4.626000,0.040637,-0.079041
4.628000,0.040424,-0.078649
4.630000,0.040211,-0.078258
4.632000,0.039997,-0.077865
4.634000,0.039784,-0.077472
4.636000,0.039570,-0.077079
4.638000,0.039356,-0.076685
4.640000,0.039143,-0.076291
4.642000,0.038929,-0.075896
4.644000,0.038715,-0.075501
4.646000,0.038501,-0.075105
4.648000,0.038287,-0.074709
4.650000,0.038073,-0.074313
4.652000,0.037859,-0.073915
4.654000,0.037645,-0.073518
4.656000,0.037431,-0.073120
4.658000,0.037217,-0.072721
4.660000,0.037002,-0.072322
4.662000,0.036788,-0.071923
4.664000,0.036573,-0.071523
4.666000,0.036359,-0.071122
4.668000,0.036144,-0.070722
4.670000,0.035930,-0.070320
4.672000,0.035715,-0.069919
4.674000,0.035500,-0.069517
4.676000,0.035286,-0.069114
4.678000,0.035071,-0.068711
4.680000,0.034856,-0.068308
4.682000,0.034641,-0.067904
4.684000,0.034426,-0.067499
4.686000,0.034211,-0.067095
4.688000,0.033996,-0.066690
4.690000,0.033781,-0.066284
4.692000,0.033566,-0.065878
4.694000,0.033350,-0.065472
4.696000,0.033135,-0.065065
4.698000,0.032920,-0.064657
4.700000,0.032704,-0.064250
4.702000,0.032489,-0.063842
4.704000,0.032273,-0.063433
4.706000,0.032058,-0.063025
4.708000,0.031842,-0.062615
4.710000,0.031626,-0.062206
4.712000,0.031411,-0.061796
4.714000,0.031195,-0.061385
4.716000,0.030979,-0.060974
4.718000,0.030763,-0.060563
4.720000,0.030547,-0.060152
4.722000,0.030331,-0.059740
4.724000,0.030115,-0.059327
4.726000,0.029899,-0.058915
4.728000,0.029683,-0.058501
4.730000,0.029467,-0.058088
4.732000,0.029251,-0.057674
4.734000,0.029035,-0.057260
4.736000,0.028818,-0.056845
4.738000,0.028602,-0.056430
4.740000,0.028386,-0.056015
4.742000,0.028169,-0.055600
4.744000,0.027953,-0.055184
4.746000,0.027736,-0.054767
4.748000,0.027520,-0.054351
4.750000,0.027303,-0.053934
4.752000,0.027086,-0.053516
4.754000,0.026870,-0.053099
4.756000,0.026653,-0.052681
4.758000,0.026436,-0.052262
4.760000,0.026219,-0.051844
4.762000,0.026002,-0.051425
4.764000,0.025786,-0.051005
4.766000,0.025569,-0.050586
4.768000,0.025352,-0.050166
4.770000,0.025135,-0.049745
4.772000,0.024918,-0.049325
4.774000,0.024700,-0.048904
4.776000,0.024483,-0.048482
4.778000,0.024266,-0.048061
4.780000,0.024049,-0.047639
4.782000,0.023832,-0.047217
4.784000,0.023614,-0.046795
4.786000,0.023397,-0.046372
4.788000,0.023180,-0.045949
4.790000,0.022962,-0.045525
4.792000,0.022745,-0.045102
4.794000,0.022527,-0.044678
4.796000,0.022310,-0.044254
4.798000,0.022092,-0.043829
4.800000,0.021875,-0.043405
4.802000,0.021657,-0.042980
4.804000,0.021440,-0.042554
4.806000,0.021222,-0.042129
4.808000,0.021004,-0.041703
4.810000,0.020786,-0.041277
4.812000,0.020569,-0.040851
4.814000,0.020351,-0.040424
4.816000,0.020133,-0.039997
4.818000,0.019915,-0.039570
4.820000,0.019697,-0.039143
4.822000,0.019479,-0.038715
4.824000,0.019261,-0.038287
4.826000,0.019043,-0.037859
4.828000,0.018825,-0.037431
4.830000,0.018607,-0.037002
4.832000,0.018389,-0.036573
4.834000,0.018171,-0.036144
4.836000,0.017953,-0.035715
4.838000,0.017735,-0.035286
4.840000,0.017516,-0.034856
4.842000,0.017298,-0.034426
4.844000,0.017080,-0.033996
4.846000,0.016862,-0.033566
4.848000,0.016643,-0.033135
4.850000,0.016425,-0.032704
4.852000,0.016207,-0.032273
4.854000,0.015988,-0.031842
4.856000,0.015770,-0.031411
4.858000,0.015551,-0.030979
4.860000,0.015333,-0.030547
4.862000,0.015114,-0.030115
4.864000,0.014896,-0.029683
4.866000,0.014677,-0.029251
4.868000,0.014459,-0.028818
4.870000,0.014240,-0.028386
4.872000,0.014022,-0.027953
4.874000,0.013803,-0.027520
4.876000,0.013584,-0.027086
4.878000,0.013366,-0.026653
4.880000,0.013147,-0.026219
4.882000,0.012928,-0.025786
4.884000,0.012710,-0.025352
4.886000,0.012491,-0.024918
4.888000,0.012272,-0.024483
4.890000,0.012053,-0.024049
4.892000,0.011834,-0.023614
4.894000,0.011616,-0.023180
4.896000,0.011397,-0.022745
4.898000,0.011178,-0.022310
4.900000,0.010959,-0.021875
4.902000,0.010740,-0.021440
4.904000,0.010521,-0.021004
4.906000,0.010302,-0.020569
4.908000,0.010083,-0.020133
4.910000,0.009864,-0.019697
4.912000,0.009645,-0.019261
4.914000,0.009426,-0.018825
4.916000,0.009207,-0.018389
4.918000,0.008988,-0.017953
4.920000,0.008769,-0.017516
4.922000,0.008550,-0.017080
4.924000,0.008331,-0.016643
4.926000,0.008112,-0.016207
4.928000,0.007893,-0.015770
4.930000,0.007674,-0.015333
4.932000,0.007455,-0.014896
4.934000,0.007236,-0.014459
4.936000,0.007016,-0.014022
4.938000,0.006797,-0.013584
4.940000,0.006578,-0.013147
4.942000,0.006359,-0.012710
4.944000,0.006140,-0.012272
4.946000,0.005921,-0.011834
4.948000,0.005701,-0.011397
4.950000,0.005482,-0.010959
4.952000,0.005263,-0.010521
4.954000,0.005044,-0.010083
4.956000,0.004825,-0.009645
4.958000,0.004605,-0.009207
4.960000,0.004386,-0.008769
4.962000,0.004167,-0.008331
4.964000,0.003948,-0.007893
4.966000,0.003728,-0.007455
4.968000,0.003509,-0.007016
4.970000,0.003290,-0.006578
4.972000,0.003070,-0.006140
4.974000,0.002851,-0.005701
4.976000,0.002632,-0.005263
4.978000,0.002412,-0.004825
4.980000,0.002193,-0.004386
4.982000,0.001974,-0.003948
4.984000,0.001755,-0.003509
4.986000,0.001535,-0.003070
4.988000,0.001316,-0.002632
4.990000,0.001097,-0.002193
4.992000,0.000877,-0.001755
4.994000,0.000658,-0.001316
4.996000,0.000439,-0.000877
4.998000,0.000219,-0.000439
5.000000,0.000000,-0.000000
5.002000,-0.000219,0.000439
5.004000,-0.000439,0.000877
5.006000,-0.000658,0.001316
5.008000,-0.000877,0.001755
5.010000,-0.001097,0.002193
5.012000,-0.001316,0.002632
5.014000,-0.001535,0.003070
5.016000,-0.001755,0.003509
5.018000,-0.001974,0.003948
5.020000,-0.002193,0.004386
5.022000,-0.002412,0.004825
5.024000,-0.002632,0.005263
5.026000,-0.002851,0.005701
5.028000,-0.003070,0.006140
5.030000,-0.003290,0.006578
5.032000,-0.003509,0.007016
5.034000,-0.003728,0.007455
5.036000,-0.003948,0.007893
5.038000,-0.004167,0.008331
5.040000,-0.004386,0.008769
5.042000,-0.004605,0.009207
5.044000,-0.004825,0.009645
5.046000,-0.005044,0.010083
5.048000,-0.005263,0.010521
5.050000,-0.005482,0.010959
5.052000,-0.005701,0.011397
5.054000,-0.005921,0.011834
5.056000,-0.006140,0.012272
5.058000,-0.006359,0.012710
5.060000,-0.006578,0.013147
5.062000,-0.006797,0.013584
5.064000,-0.007016,0.014022
5.066000,-0.007236,0.014459
5.068000,-0.007455,0.014896
5.070000,-0.007674,0.015333
5.072000,-0.007893,0.015770
5.074000,-0.008112,0.016207
5.076000,-0.008331,0.016643
5.078000,-0.008550,0.017080
5.080000,-0.008769,0.017516
5.082000,-0.008988,0.017953
5.084000,-0.009207,0.018389
5.086000,-0.009426,0.018825
5.088000,-0.009645,0.019261
5.090000,-0.009864,0.019697
5.092000,-0.010083,0.020133
5.094000,-0.010302,0.020569
5.096000,-0.010521,0.021004
5.098000,-0.010740,0.021440
5.100000,-0.010959,0.021875
5.102000,-0.011178,0.022310
5.104000,-0.011397,0.022745
5.106000,-0.011616,0.023180
5.108000,-0.011834,0.023614
5.110000,-0.012053,0.024049
5.112000,-0.012272,0.024483
5.114000,-0.012491,0.024918
5.116000,-0.012710,0.025352
5.118000,-0.012928,0.025786
5.120000,-0.013147,0.026219
5.122000,-0.013366,0.026653
5.124000,-0.013584,0.027086
5.126000,-0.013803,0.027520
5.128000,-0.014022,0.027953
5.130000,-0.014240,0.028386
5.132000,-0.014459,0.028818
5.134000,-0.014677,0.029251
5.136000,-0.014896,0.029683
5.138000,-0.015114,0.030115
5.140000,-0.015333,0.030547
5.142000,-0.015551,0.030979
5.144000,-0.015770,0.031411
5.146000,-0.015988,0.031842
5.148000,-0.016207,0.032273
5.150000,-0.016425,0.032704
5.152000,-0.016643,0.033135
5.154000,-0.016862,0.033566
5.156000,-0.017080,0.033996
5.158000,-0.017298,0.034426
5.160000,-0.017516,0.034856
5.162000,-0.017735,0.035286
5.164000,-0.017953,0.035715
5.166000,-0.018171,0.036144
5.168000,-0.018389,0.036573
5.170000,-0.018607,0.037002
5.172000,-0.018825,0.037431
5.174000,-0.019043,0.037859
5.176000,-0.019261,0.038287
5.178000,-0.019479,0.038715
5.180000,-0.019697,0.039143
5.182000,-0.019915,0.039570
5.184000,-0.020133,0.039997
5.186000,-0.020351,0.040424
5.188000,-0.020569,0.040851
5.190000,-0.020786,0.041277
5.192000,-0.021004,0.041703
5.194000,-0.021222,0.042129
5.196000,-0.021440,0.042554
5.198000,-0.021657,0.042980
5.200000,-0.021875,0.043405
5.202000,-0.022092,0.043829
5.204000,-0.022310,0.044254
5.206000,-0.022527,0.044678
5.208000,-0.022745,0.045102
5.210000,-0.022962,0.045525
5.212000,-0.023180,0.045949
5.214000,-0.023397,0.046372
5.216000,-0.023614,0.046795
5.218000,-0.023832,0.047217
5.220000,-0.024049,0.047639
5.222000,-0.024266,0.048061
5.224000,-0.024483,0.048482
5.226000,-0.024700,0.048904
5.228000,-0.024918,0.049325
5.230000,-0.025135,0.049745
5.232000,-0.025352,0.050166
5.234000,-0.025569,0.050586
5.236000,-0.025786,0.051005
5.238000,-0.026002,0.051425
5.240000,-0.026219,0.051844
5.242000,-0.026436,0.052262
5.244000,-0.026653,0.052681
5.246000,-0.026870,0.053099
5.248000,-0.027086,0.053516
5.250000,-0.027303,0.053934
5.252000,-0.027520,0.054351
5.254000,-0.027736,0.054767
5.256000,-0.027953,0.055184
5.258000,-0.028169,0.055600
5.260000,-0.028386,0.056015
5.262000,-0.028602,0.056430
5.264000,-0.028818,0.056845
5.266000,-0.029035,0.057260
5.268000,-0.029251,0.057674
5.270000,-0.029467,0.058088
5.272000,-0.029683,0.058501
5.274000,-0.029899,0.058915
5.276000,-0.030115,0.059327
5.278000,-0.030331,0.059740
5.280000,-0.030547,0.060152
5.282000,-0.030763,0.060563
5.284000,-0.030979,0.060974
5.286000,-0.031195,0.061385
5.288000,-0.031411,0.061796
5.290000,-0.031626,0.062206
5.292000,-0.031842,0.062615
5.294000,-0.032058,0.063025
5.296000,-0.032273,0.063433
5.298000,-0.032489,0.063842
5.300000,-0.032704,0.064250
5.302000,-0.032920,0.064657
5.304000,-0.033135,0.065065
5.306000,-0.033350,0.065472
5.308000,-0.033566,0.065878
5.310000,-0.033781,0.066284
5.312000,-0.033996,0.066690
5.314000,-0.034211,0.067095
5.316000,-0.034426,0.067499
5.318000,-0.034641,0.067904
5.320000,-0.034856,0.068308
5.322000,-0.035071,0.068711
5.324000,-0.035286,0.069114
5.326000,-0.035500,0.069517
5.328000,-0.035715,0.069919
5.330000,-0.035930,0.070320
5.332000,-0.036144,0.070722
5.334000,-0.036359,0.071122
5.336000,-0.036573,0.071523
5.338000,-0.036788,0.071923
5.340000,-0.037002,0.072322
5.342000,-0.037217,0.072721
5.344000,-0.037431,0.073120
5.346000,-0.037645,0.073518
5.348000,-0.037859,0.073915
5.350000,-0.038073,0.074313
5.352000,-0.038287,0.074709
5.354000,-0.038501,0.075105
5.356000,-0.038715,0.075501
5.358000,-0.038929,0.075896
5.360000,-0.039143,0.076291
5.362000,-0.039356,0.076685
5.364000,-0.039570,0.077079
5.366000,-0.039784,0.077472
5.368000,-0.039997,0.077865
5.370000,-0.040211,0.078258
5.372000,-0.040424,0.078649
5.374000,-0.040637,0.079041
5.376000,-0.040851,0.079432
5.378000,-0.041064,0.079822
5.380000,-0.041277,0.080212
5.382000,-0.041490,0.080601
5.384000,-0.041703,0.080990
5.386000,-0.041916,0.081378
5.388000,-0.042129,0.081766
5.390000,-0.042342,0.082153
5.392000,-0.042554,0.082540
5.394000,-0.042767,0.082926
5.396000,-0.042980,0.083312
5.398000,-0.043192,0.083697
5.400000,-0.043405,0.084082
5.402000,-0.043617,0.084466
5.404000,-0.043829,0.084850
5.406000,-0.044042,0.085233
5.408000,-0.044254,0.085615
5.410000,-0.044466,0.085997
5.412000,-0.044678,0.086379
5.414000,-0.044890,0.086759
5.416000,-0.045102,0.087140
5.418000,-0.045314,0.087520
5.420000,-0.045525,0.087899
5.422000,-0.045737,0.088278
5.424000,-0.045949,0.088656
5.426000,-0.046160,0.089033
5.428000,-0.046372,0.089410
5.430000,-0.046583,0.089787
5.432000,-0.046795,0.090163
5.434000,-0.047006,0.090538
5.436000,-0.047217,0.090913
5.438000,-0.047428,0.091287
5.440000,-0.047639,0.091660
5.442000,-0.047850,0.092033
5.444000,-0.048061,0.092406
5.446000,-0.048272,0.092778
5.448000,-0.048482,0.093149
5.450000,-0.048693,0.093519
5.452000,-0.048904,0.093889
5.454000,-0.049114,0.094259
5.456000,-0.049325,0.094628
5.458000,-0.049535,0.094996
5.460000,-0.049745,0.095364
5.462000,-0.049955,0.095731
5.464000,-0.050166,0.096097
5.466000,-0.050376,0.096463
5.468000,-0.050586,0.096828
5.470000,-0.050795,0.097193
5.472000,-0.051005,0.097557
5.474000,-0.051215,0.097921
5.476000,-0.051425,0.098283
5.478000,-0.051634,0.098646
5.480000,-0.051844,0.099007
5.482000,-0.052053,0.099368
5.484000,-0.052262,0.099728
5.486000,-0.052471,0.100088
5.488000,-0.052681,0.100447
5.490000,-0.052890,0.100805
5.492000,-0.053099,0.101163
5.494000,-0.053307,0.101520
5.496000,-0.053516,0.101877
5.498000,-0.053725,0.102233
5.500000,-0.053934,0.102588
5.502000,-0.054142,0.102942
5.504000,-0.054351,0.103296
5.506000,-0.054559,0.103650
5.508000,-0.054767,0.104002
5.510000,-0.054976,0.104354
5.512000,-0.055184,0.104705
5.514000,-0.055392,0.105056
5.516000,-0.055600,0.105406
5.518000,-0.055807,0.105755
5.520000,-0.056015,0.106104
5.522000,-0.056223,0.106452
5.524000,-0.056430,0.106799
5.526000,-0.056638,0.107146
5.528000,-0.056845,0.107492
5.530000,-0.057053,0.107837
5.532000,-0.057260,0.108181
5.534000,-0.057467,0.108525
5.536000,-0.057674,0.108868
5.538000,-0.057881,0.109211
5.540000,-0.058088,0.109553
5.542000,-0.058295,0.109894
5.544000,-0.058501,0.110234
5.546000,-0.058708,0.110574
5.548000,-0.058915,0.110913
5.550000,-0.059121,0.111251
5.552000,-0.059327,0.111589
5.554000,-0.059533,0.111926
5.556000,-0.059740,0.112262
5.558000,-0.059946,0.112598
5.560000,-0.060152,0.112933
5.562000,-0.060357,0.113267
5.564000,-0.060563,0.113600
5.566000,-0.060769,0.113933
5.568000,-0.060974,0.114265
5.570000,-0.061180,0.114596
5.572000,-0.061385,0.114926
5.574000,-0.061590,0.115256
5.576000,-0.061796,0.115585
5.578000,-0.062001,0.115913
5.580000,-0.062206,0.116241
5.582000,-0.062410,0.116568
5.584000,-0.062615,0.116894
5.586000,-0.062820,0.117219
5.588000,-0.063025,0.117544
5.590000,-0.063229,0.117868
5.592000,-0.063433,0.118191
5.594000,-0.063638,0.118513
5.596000,-0.063842,0.118835
5.598000,-0.064046,0.119156
5.600000,-0.064250,0.119476
5.602000,-0.064454,0.119795
5.604000,-0.064657,0.120114
5.606000,-0.064861,0.120432
5.608000,-0.065065,0.120749
5.610000,-0.065268,0.121065
5.612000,-0.065472,0.121381
5.614000,-0.065675,0.121696
5.616000,-0.065878,0.122010
5.618000,-0.066081,0.122323
5.620000,-0.066284,0.122636
5.622000,-0.066487,0.122947
5.624000,-0.066690,0.123258
5.626000,-0.066892,0.123568
5.628000,-0.067095,0.123878
5.630000,-0.067297,0.124186
5.632000,-0.067499,0.124494
5.634000,-0.067702,0.124801
5.636000,-0.067904,0.125108
5.638000,-0.068106,0.125413
5.640000,-0.068308,0.125718
5.642000,-0.068509,0.126022
5.644000,-0.068711,0.126325
5.646000,-0.068913,0.126627
5.648000,-0.069114,0.126928
5.650000,-0.069315,0.127229
5.652000,-0.069517,0.127529
5.654000,-0.069718,0.127828
5.656000,-0.069919,0.128126
5.658000,-0.070120,0.128424
5.660000,-0.070320,0.128720
5.662000,-0.070521,0.129016
5.664000,-0.070722,0.129311
5.666000,-0.070922,0.129605
5.668000,-0.071122,0.129899
5.670000,-0.071323,0.130191
5.672000,-0.071523,0.130483
5.674000,-0.071723,0.130774
5.676000,-0.071923,0.131064
5.678000,-0.072123,0.131353
5.680000,-0.072322,0.131642
5.682000,-0.072522,0.131929
5.684000,-0.072721,0.132216
5.686000,-0.072920,0.132502
5.688000,-0.073120,0.132787
5.690000,-0.073319,0.133071
5.692000,-0.073518,0.133355
5.694000,-0.073717,0.133637
5.696000,-0.073915,0.133919
5.698000,-0.074114,0.134200
5.700000,-0.074313,0.134480
5.702000,-0.074511,0.134759
5.704000,-0.074709,0.135037
5.706000,-0.074907,0.135315
5.708000,-0.075105,0.135592
5.710000,-0.075303,0.135867
5.712000,-0.075501,0.136142
5.714000,-0.075699,0.136416
5.716000,-0.075896,0.136689
5.718000,-0.076094,0.136962
5.720000,-0.076291,0.137233
5.722000,-0.076488,0.137504
5.724000,-0.076685,0.137774
5.726000,-0.076882,0.138042
5.728000,-0.077079,0.138310
5.730000,-0.077276,0.138577
5.732000,-0.077472,0.138844
5.734000,-0.077669,0.139109
5.736000,-0.077865,0.139374
5.738000,-0.078062,0.139637
5.740000,-0.078258,0.139900
5.742000,-0.078454,0.140162
5.744000,-0.078649,0.140423
5.746000,-0.078845,0.140683
5.748000,-0.079041,0.140942
5.750000,-0.079236,0.141200
5.752000,-0.079432,0.141457
5.754000,-0.079627,0.141714
5.756000,-0.079822,0.141970
5.758000,-0.080017,0.142224
5.760000,-0.080212,0.142478
5.762000,-0.080407,0.142731
5.764000,-0.080601,0.142983
5.766000,-0.080796,0.143234
5.768000,-0.080990,0.143484
5.770000,-0.081184,0.143734
5.772000,-0.081378,0.143982
5.774000,-0.081572,0.144229
5.776000,-0.081766,0.144476
5.778000,-0.081960,0.144722
5.780000,-0.082153,0.144966
5.782000,-0.082347,0.145210
5.784000,-0.082540,0.145453
5.786000,-0.082733,0.145695
5.788000,-0.082926,0.145936
5.790000,-0.083119,0.146176
5.792000,-0.083312,0.146415
5.794000,-0.083505,0.146654
5.796000,-0.083697,0.146891
5.798000,-0.083890,0.147128
5.800000,-0.084082,0.147363
5.802000,-0.084274,0.147598
5.804000,-0.084466,0.147831
5.806000,-0.084658,0.148064
5.808000,-0.084850,0.148296
5.810000,-0.085041,0.148527
5.812000,-0.085233,0.148756
5.814000,-0.085424,0.148985
5.816000,-0.085615,0.149213
5.818000,-0.085806,0.149441
5.820000,-0.085997,0.149667
5.822000,-0.086188,0.149892
5.824000,-0.086379,0.150116
5.826000,-0.086569,0.150339
5.828000,-0.086759,0.150562
5.830000,-0.086950,0.150783
5.832000,-0.087140,0.151004
5.834000,-0.087330,0.151223
5.836000,-0.087520,0.151442
5.838000,-0.087709,0.151659
5.840000,-0.087899,0.151876
5.842000,-0.088088,0.152091
5.844000,-0.088278,0.152306
5.846000,-0.088467,0.152520
5.848000,-0.088656,0.152733
5.850000,-0.088844,0.152944
5.852000,-0.089033,0.153155
5.854000,-0.089222,0.153365
5.856000,-0.089410,0.153574
5.858000,-0.089598,0.153782
5.860000,-0.089787,0.153989
5.862000,-0.089975,0.154195
5.864000,-0.090163,0.154400
5.866000,-0.090350,0.154604
5.868000,-0.090538,0.154807
5.870000,-0.090725,0.155009
5.872000,-0.090913,0.155210
5.874000,-0.091100,0.155410
5.876000,-0.091287,0.155609
5.878000,-0.091474,0.155808
5.880000,-0.091660,0.156005
5.882000,-0.091847,0.156201
5.884000,-0.092033,0.156396
5.886000,-0.092220,0.156590
5.888000,-0.092406,0.156784
5.890000,-0.092592,0.156976
5.892000,-0.092778,0.157167
5.894000,-0.092963,0.157357
5.896000,-0.093149,0.157547
5.898000,-0.093334,0.157735
5.900000,-0.093519,0.157922
5.902000,-0.093705,0.158108
5.904000,-0.093889,0.158294
5.906000,-0.094074,0.158478
5.908000,-0.094259,0.158661
5.910000,-0.094443,0.158843
5.912000,-0.094628,0.159025
5.914000,-0.094812,0.159205
5.916000,-0.094996,0.159384
5.918000,-0.095180,0.159562
5.920000,-0.095364,0.159740
5.922000,-0.095547,0.159916
5.924000,-0.095731,0.160091
5.926000,-0.095914,0.160265
5.928000,-0.096097,0.160439
5.930000,-0.096280,0.160611
5.932000,-0.096463,0.160782
5.934000,-0.096646,0.160952
5.936000,-0.096828,0.161121
5.938000,-0.097011,0.161289
5.940000,-0.097193,0.161456
5.942000,-0.097375,0.161623
5.944000,-0.097557,0.161788
5.946000,-0.097739,0.161952
5.948000,-0.097921,0.162115
5.950000,-0.098102,0.162277
5.952000,-0.098283,0.162438
5.954000,-0.098465,0.162598
5.956000,-0.098646,0.162756
5.958000,-0.098826,0.162914
5.960000,-0.099007,0.163071
5.962000,-0.099188,0.163227
5.964000,-0.099368,0.163382
5.966000,-0.099548,0.163536
5.968000,-0.099728,0.163688
5.970000,-0.099908,0.163840
5.972000,-0.100088,0.163991
5.974000,-0.100268,0.164140
5.976000,-0.100447,0.164289
5.978000,-0.100626,0.164436
5.980000,-0.100805,0.164583
5.982000,-0.100984,0.164728
5.984000,-0.101163,0.164873
5.986000,-0.101342,0.165016
5.988000,-0.101520,0.165159
5.990000,-0.101699,0.165300
5.992000,-0.101877,0.165440
5.994000,-0.102055,0.165579
5.996000,-0.102233,0.165717
5.998000,-0.102410,0.165855
6.000000,-0.102588,0.165991
6.002000,-0.102765,0.166126
6.004000,-0.102942,0.166260
6.006000,-0.103119,0.166393
6.008000,-0.103296,0.166524
6.010000,-0.103473,0.166655
6.012000,-0.103650,0.166785
6.014000,-0.103826,0.166914
6.016000,-0.104002,0.167041
6.018000,-0.104178,0.167168
6.020000,-0.104354,0.167294
6.022000,-0.104530,0.167418
6.024000,-0.104705,0.167542
6.026000,-0.104881,0.167664
6.028000,-0.105056,0.167785
6.030000,-0.105231,0.167906
6.032000,-0.105406,0.168025
6.034000,-0.105581,0.168143
6.036000,-0.105755,0.168260
6.038000,-0.105930,0.168376
6.040000,-0.106104,0.168491
6.042000,-0.106278,0.168605
6.044000,-0.106452,0.168718
6.046000,-0.106626,0.168829
6.048000,-0.106799,0.168940
6.050000,-0.106972,0.169050
6.052000,-0.107146,0.169158
6.054000,-0.107319,0.169266
6.056000,-0.107492,0.169372
6.058000,-0.107664,0.169477
6.060000,-0.107837,0.169582
6.062000,-0.108009,0.169685
6.064000,-0.108181,0.169787
6.066000,-0.108353,0.169888
6.068000,-0.108525,0.169988
6.070000,-0.108697,0.170087
6.072000,-0.108868,0.170185
6.074000,-0.109040,0.170282
6.076000,-0.109211,0.170377
6.078000,-0.109382,0.170472
6.080000,-0.109553,0.170565
6.082000,-0.109723,0.170658
6.084000,-0.109894,0.170749
6.086000,-0.110064,0.170840
6.088000,-0.110234,0.170929
6.090000,-0.110404,0.171017
6.092000,-0.110574,0.171104
6.094000,-0.110744,0.171190
6.096000,-0.110913,0.171275
6.098000,-0.111082,0.171359
6.100000,-0.111251,0.171441
6.102000,-0.111420,0.171523
6.104000,-0.111589,0.171604
6.106000,-0.111758,0.171683
6.108000,-0.111926,0.171762
6.110000,-0.112094,0.171839
6.112000,-0.112262,0.171915
6.114000,-0.112430,0.171990
6.116000,-0.112598,0.172064
6.118000,-0.112765,0.172137
6.120000,-0.112933,0.172209
6.122000,-0.113100,0.172280
6.124000,-0.113267,0.172350
6.126000,-0.113433,0.172418
6.128000,-0.113600,0.172486
6.130000,-0.113766,0.172552
6.132000,-0.113933,0.172618
6.134000,-0.114099,0.172682
6.136000,-0.114265,0.172745
6.138000,-0.114430,0.172807
6.140000,-0.114596,0.172868
6.142000,-0.114761,0.172928
6.144000,-0.114926,0.172987
6.146000,-0.115091,0.173045
6.148000,-0.115256,0.173101
6.150000,-0.115421,0.173157
6.152000,-0.115585,0.173211
6.154000,-0.115749,0.173264
6.156000,-0.115913,0.173317
6.158000,-0.116077,0.173368
6.160000,-0.116241,0.173418
6.162000,-0.116405,0.173467
6.164000,-0.116568,0.173515
6.166000,-0.116731,0.173561
6.168000,-0.116894,0.173607
6.170000,-0.117057,0.173652
6.172000,-0.117219,0.173695
6.174000,-0.117382,0.173738
6.176000,-0.117544,0.173779
6.178000,-0.117706,0.173819
6.180000,-0.117868,0.173858
6.182000,-0.118029,0.173896
6.184000,-0.118191,0.173933
6.186000,-0.118352,0.173969
6.188000,-0.118513,0.174003
6.190000,-0.118674,0.174037
6.192000,-0.118835,0.174070
6.194000,-0.118996,0.174101
6.196000,-0.119156,0.174131
6.198000,-0.119316,0.174160
6.200000,-0.119476,0.174189
6.202000,-0.119636,0.174216
6.204000,-0.119795,0.174241
6.206000,-0.119955,0.174266
6.208000,-0.120114,0.174290
6.210000,-0.120273,0.174312
6.212000,-0.120432,0.174334
6.214000,-0.120591,0.174354
6.216000,-0.120749,0.174374
6.218000,-0.120907,0.174392
6.220000,-0.121065,0.174409
6.222000,-0.121223,0.174425
6.224000,-0.121381,0.174440
6.226000,-0.121538,0.174454
6.228000,-0.121696,0.174466
6.230000,-0.121853,0.174478
6.232000,-0.122010,0.174488
6.234000,-0.122167,0.174498
6.236000,-0.122323,0.174506
6.238000,-0.122479,0.174513
6.240000,-0.122636,0.174519
6.242000,-0.122792,0.174524
6.244000,-0.122947,0.174528
6.246000,-0.123103,0.174531
6.248000,-0.123258,0.174532
6.250000,-0.123413,0.174533
6.252000,-0.123568,0.174532
6.254000,-0.123723,0.174531
6.256000,-0.123878,0.174528
6.258000,-0.124032,0.174524
6.260000,-0.124186,0.174519
6.262000,-0.124340,0.174513
6.264000,-0.124494,0.174506
6.266000,-0.124648,0.174498
6.268000,-0.124801,0.174488
6.270000,-0.124954,0.174478
6.272000,-0.125108,0.174466
6.274000,-0.125260,0.174454
6.276000,-0.125413,0.174440
6.278000,-0.125565,0.174425
6.280000,-0.125718,0.174409
6.282000,-0.125870,0.174392
6.284000,-0.126022,0.174374
6.286000,-0.126173,0.174354
6.288000,-0.126325,0.174334
6.290000,-0.126476,0.174312
6.292000,-0.126627,0.174290
6.294000,-0.126778,0.174266
6.296000,-0.126928,0.174241
6.298000,-0.127079,0.174216
6.300000,-0.127229,0.174189
6.302000,-0.127379,0.174160
6.304000,-0.127529,0.174131
6.306000,-0.127679,0.174101
6.308000,-0.127828,0.174070
6.310000,-0.127977,0.174037
6.312000,-0.128126,0.174003
6.314000,-0.128275,0.173969
6.316000,-0.128424,0.173933
6.318000,-0.128572,0.173896
6.320000,-0.128720,0.173858
6.322000,-0.128868,0.173819
6.324000,-0.129016,0.173779
6.326000,-0.129164,0.173738
6.328000,-0.129311,0.173695
6.330000,-0.129458,0.173652
6.332000,-0.129605,0.173607
6.334000,-0.129752,0.173561
6.336000,-0.129899,0.173515
6.338000,-0.130045,0.173467
6.340000,-0.130191,0.173418
6.342000,-0.130337,0.173368
6.344000,-0.130483,0.173317
6.346000,-0.130629,0.173264
6.348000,-0.130774,0.173211
6.350000,-0.130919,0.173157
6.352000,-0.131064,0.173101
6.354000,-0.131209,0.173045
6.356000,-0.131353,0.172987
6.358000,-0.131498,0.172928
6.360000,-0.131642,0.172868
6.362000,-0.131786,0.172807
6.364000,-0.131929,0.172745
6.366000,-0.132073,0.172682
6.368000,-0.132216,0.172618
6.370000,-0.132359,0.172552
6.372000,-0.132502,0.172486
6.374000,-0.132645,0.172418
6.376000,-0.132787,0.172350
6.378000,-0.132929,0.172280
6.380000,-0.133071,0.172209
6.382000,-0.133213,0.172137
6.384000,-0.133355,0.172064
6.386000,-0.133496,0.171990
6.388000,-0.133637,0.171915
6.390000,-0.133778,0.171839
6.392000,-0.133919,0.171762
6.394000,-0.134060,0.171683
6.396000,-0.134200,0.171604
6.398000,-0.134340,0.171523
6.400000,-0.134480,0.171441
6.402000,-0.134620,0.171359
6.404000,-0.134759,0.171275
6.406000,-0.134898,0.171190
6.408000,-0.135037,0.171104
6.410000,-0.135176,0.171017
6.412000,-0.135315,0.170929
6.414000,-0.135453,0.170840
6.416000,-0.135592,0.170749
6.418000,-0.135730,0.170658
6.420000,-0.135867,0.170565
6.422000,-0.136005,0.170472
6.424000,-0.136142,0.170377
6.426000,-0.136279,0.170282
6.428000,-0.136416,0.170185
6.430000,-0.136553,0.170087
6.432000,-0.136689,0.169988
6.434000,-0.136826,0.169888
6.436000,-0.136962,0.169787
6.438000,-0.137098,0.169685
6.440000,-0.137233,0.169582
6.442000,-0.137369,0.169477
6.444000,-0.137504,0.169372
6.446000,-0.137639,0.169266
6.448000,-0.137774,0.169158
6.450000,-0.137908,0.169050
6.452000,-0.138042,0.168940
6.454000,-0.138176,0.168829
6.456000,-0.138310,0.168718
6.458000,-0.138444,0.168605
6.460000,-0.138577,0.168491
6.462000,-0.138711,0.168376
6.464000,-0.138844,0.168260
6.466000,-0.138976,0.168143
6.468000,-0.139109,0.168025
6.470000,-0.139241,0.167906
6.472000,-0.139374,0.167785
6.474000,-0.139505,0.167664
6.476000,-0.139637,0.167542
6.478000,-0.139769,0.167418
6.480000,-0.139900,0.167294
6.482000,-0.140031,0.167168
6.484000,-0.140162,0.167041
6.486000,-0.140292,0.166914
6.488000,-0.140423,0.166785
6.490000,-0.140553,0.166655
6.492000,-0.140683,0.166524
6.494000,-0.140812,0.166393
6.496000,-0.140942,0.166260
6.498000,-0.141071,0.166126
6.500000,-0.141200,0.165991
6.502000,-0.141329,0.165855
6.504000,-0.141457,0.165717
6.506000,-0.141586,0.165579
6.508000,-0.141714,0.165440
6.510000,-0.141842,0.165300
6.512000,-0.141970,0.165159
6.514000,-0.142097,0.165016
6.516000,-0.142224,0.164873
6.518000,-0.142351,0.164728
6.520000,-0.142478,0.164583
6.522000,-0.142605,0.164436
6.524000,-0.142731,0.164289
6.526000,-0.142857,0.164140
6.528000,-0.142983,0.163991
6.530000,-0.143109,0.163840
6.532000,-0.143234,0.163688
6.534000,-0.143359,0.163536
6.536000,-0.143484,0.163382
6.538000,-0.143609,0.163227
6.540000,-0.143734,0.163071
6.542000,-0.143858,0.162914
6.544000,-0.143982,0.162756
6.546000,-0.144106,0.162598
6.548000,-0.144229,0.162438
6.550000,-0.144353,0.162277
6.552000,-0.144476,0.162115
6.554000,-0.144599,0.161952
6.556000,-0.144722,0.161788
6.558000,-0.144844,0.161623
6.560000,-0.144966,0.161456
6.562000,-0.145088,0.161289
6.564000,-0.145210,0.161121
6.566000,-0.145332,0.160952
6.568000,-0.145453,0.160782
6.570000,-0.145574,0.160611
6.572000,-0.145695,0.160439
6.574000,-0.145816,0.160265
6.576000,-0.145936,0.160091
6.578000,-0.146056,0.159916
6.580000,-0.146176,0.159740
6.582000,-0.146296,0.159562
6.584000,-0.146415,0.159384
6.586000,-0.146535,0.159205
6.588000,-0.146654,0.159025
6.590000,-0.146773,0.158843
6.592000,-0.146891,0.158661
6.594000,-0.147009,0.158478
6.596000,-0.147128,0.158294
6.598000,-0.147245,0.158108
6.600000,-0.147363,0.157922
6.602000,-0.147480,0.157735
6.604000,-0.147598,0.157547
6.606000,-0.147715,0.157357
6.608000,-0.147831,0.157167
6.610000,-0.147948,0.156976
6.612000,-0.148064,0.156784
6.614000,-0.148180,0.156590
6.616000,-0.148296,0.156396
6.618000,-0.148411,0.156201
6.620000,-0.148527,0.156005
6.622000,-0.148642,0.155808
6.624000,-0.148756,0.155609
6.626000,-0.148871,0.155410
6.628000,-0.148985,0.155210
6.630000,-0.149100,0.155009
6.632000,-0.149213,0.154807
6.634000,-0.149327,0.154604
6.636000,-0.149441,0.154400
6.638000,-0.149554,0.154195
6.640000,-0.149667,0.153989
6.642000,-0.149779,0.153782
6.644000,-0.149892,0.153574
6.646000,-0.150004,0.153365
6.648000,-0.150116,0.153155
6.650000,-0.150228,0.152944
6.652000,-0.150339,0.152733
6.654000,-0.150451,0.152520
6.656000,-0.150562,0.152306
6.658000,-0.150673,0.152091
6.660000,-0.150783,0.151876
6.662000,-0.150893,0.151659
6.664000,-0.151004,0.151442
6.666000,-0.151113,0.151223
6.668000,-0.151223,0.151004
6.670000,-0.151332,0.150783
6.672000,-0.151442,0.150562
6.674000,-0.151550,0.150339
6.676000,-0.151659,0.150116
6.678000,-0.151768,0.149892
6.680000,-0.151876,0.149667
6.682000,-0.151984,0.149441
6.684000,-0.152091,0.149213
6.686000,-0.152199,0.148985
6.688000,-0.152306,0.148756
6.690000,-0.152413,0.148527
6.692000,-0.152520,0.148296
6.694000,-0.152626,0.148064
6.696000,-0.152733,0.147831
6.698000,-0.152839,0.147598
6.700000,-0.152944,0.147363
6.702000,-0.153050,0.147128
6.704000,-0.153155,0.146891
6.706000,-0.153260,0.146654
6.708000,-0.153365,0.146415
6.710000,-0.153470,0.146176
6.712000,-0.153574,0.145936
6.714000,-0.153678,0.145695
6.716000,-0.153782,0.145453
6.718000,-0.153886,0.145210
6.720000,-0.153989,0.144966
6.722000,-0.154092,0.144722
6.724000,-0.154195,0.144476
6.726000,-0.154297,0.144229
6.728000,-0.154400,0.143982
6.730000,-0.154502,0.143734
6.732000,-0.154604,0.143484
6.734000,-0.154706,0.143234
6.736000,-0.154807,0.142983
6.738000,-0.154908,0.142731
6.740000,-0.155009,0.142478
6.742000,-0.155110,0.142224
6.744000,-0.155210,0.141970
6.746000,-0.155310,0.141714
6.748000,-0.155410,0.141457
6.750000,-0.155510,0.141200
6.752000,-0.155609,0.140942
6.754000,-0.155709,0.140683
6.756000,-0.155808,0.140423
6.758000,-0.155906,0.140162
6.760000,-0.156005,0.139900
6.762000,-0.156103,0.139637
6.764000,-0.156201,0.139374
6.766000,-0.156299,0.139109
6.768000,-0.156396,0.138844
6.770000,-0.156493,0.138577
6.772000,-0.156590,0.138310
6.774000,-0.156687,0.138042
6.776000,-0.156784,0.137774
6.778000,-0.156880,0.137504
6.780000,-0.156976,0.137233
6.782000,-0.157072,0.136962
6.784000,-0.157167,0.136689
6.786000,-0.157262,0.136416
6.788000,-0.157357,0.136142
6.790000,-0.157452,0.135867
6.792000,-0.157547,0.135592
6.794000,-0.157641,0.135315
6.796000,-0.157735,0.135037
6.798000,-0.157829,0.134759
6.800000,-0.157922,0.134480
6.802000,-0.158015,0.134200
6.804000,-0.158108,0.133919
6.806000,-0.158201,0.133637
6.808000,-0.158294,0.133355
6.810000,-0.158386,0.133071
6.812000,-0.158478,0.132787
6.814000,-0.158570,0.132502
6.816000,-0.158661,0.132216
6.818000,-0.158752,0.131929
6.820000,-0.158843,0.131642
6.822000,-0.158934,0.131353
6.824000,-0.159025,0.131064
6.826000,-0.159115,0.130774
6.828000,-0.159205,0.130483
6.830000,-0.159295,0.130191
6.832000,-0.159384,0.129899
6.834000,-0.159473,0.129605
6.836000,-0.159562,0.129311
6.838000,-0.159651,0.129016
6.840000,-0.159740,0.128720
6.842000,-0.159828,0.128424
6.844000,-0.159916,0.128126
6.846000,-0.160004,0.127828
6.848000,-0.160091,0.127529
6.850000,-0.160178,0.127229
6.852000,-0.160265,0.126928
6.854000,-0.160352,0.126627
6.856000,-0.160439,0.126325
6.858000,-0.160525,0.126022
6.860000,-0.160611,0.125718
6.862000,-0.160696,0.125413
6.864000,-0.160782,0.125108
6.866000,-0.160867,0.124801
6.868000,-0.160952,0.124494
6.870000,-0.161037,0.124186
6.872000,-0.161121,0.123878
6.874000,-0.161205,0.123568
6.876000,-0.161289,0.123258
6.878000,-0.161373,0.122947
6.880000,-0.161456,0.122636
6.882000,-0.161540,0.122323
6.884000,-0.161623,0.122010
6.886000,-0.161705,0.121696
6.888000,-0.161788,0.121381
6.890000,-0.161870,0.121065
6.892000,-0.161952,0.120749
6.894000,-0.162033,0.120432
6.896000,-0.162115,0.120114
6.898000,-0.162196,0.119795
6.900000,-0.162277,0.119476
6.902000,-0.162357,0.119156
6.904000,-0.162438,0.118835
6.906000,-0.162518,0.118513
6.908000,-0.162598,0.118191
6.910000,-0.162677,0.117868
6.912000,-0.162756,0.117544
6.914000,-0.162835,0.117219
6.916000,-0.162914,0.116894
6.918000,-0.162993,0.116568
6.920000,-0.163071,0.116241
6.922000,-0.163149,0.115913
6.924000,-0.163227,0.115585
6.926000,-0.163305,0.115256
6.928000,-0.163382,0.114926
6.930000,-0.163459,0.114596
6.932000,-0.163536,0.114265
6.934000,-0.163612,0.113933
6.936000,-0.163688,0.113600
6.938000,-0.163764,0.113267
6.940000,-0.163840,0.112933
6.942000,-0.163915,0.112598
6.944000,-0.163991,0.112262
6.946000,-0.164066,0.111926
6.948000,-0.164140,0.111589
6.950000,-0.164215,0.111251
6.952000,-0.164289,0.110913
6.954000,-0.164363,0.110574
6.956000,-0.164436,0.110234
6.958000,-0.164510,0.109894
6.960000,-0.164583,0.109553
6.962000,-0.164656,0.109211
6.964000,-0.164728,0.108868
6.966000,-0.164801,0.108525
6.968000,-0.164873,0.108181
6.970000,-0.164945,0.107837
6.972000,-0.165016,0.107492
6.974000,-0.165087,0.107146
6.976000,-0.165159,0.106799
6.978000,-0.165229,0.106452
6.980000,-0.165300,0.106104
6.982000,-0.165370,0.105755
6.984000,-0.165440,0.105406
6.986000,-0.165510,0.105056
6.988000,-0.165579,0.104705
6.990000,-0.165649,0.104354
6.992000,-0.165717,0.104002
6.994000,-0.165786,0.103650
6.996000,-0.165855,0.103296
6.998000,-0.165923,0.102942
7.000000,-0.165991,0.102588
7.002000,-0.166058,0.102233
7.004000,-0.166126,0.101877
7.006000,-0.166193,0.101520
7.008000,-0.166260,0.101163
7.010000,-0.166326,0.100805
7.012000,-0.166393,0.100447
7.014000,-0.166459,0.100088
7.016000,-0.166524,0.099728
7.018000,-0.166590,0.099368
7.020000,-0.166655,0.099007
7.022000,-0.166720,0.098646
7.024000,-0.166785,0.098283
7.026000,-0.166850,0.097921
7.028000,-0.166914,0.097557
7.030000,-0.166978,0.097193
7.032000,-0.167041,0.096828
7.034000,-0.167105,0.096463
7.036000,-0.167168,0.096097
7.038000,-0.167231,0.095731
7.040000,-0.167294,0.095364
7.042000,-0.167356,0.094996
7.044000,-0.167418,0.094628
7.046000,-0.167480,0.094259
7.048000,-0.167542,0.093889
7.050000,-0.167603,0.093519
7.052000,-0.167664,0.093149
7.054000,-0.167725,0.092778
7.056000,-0.167785,0.092406
7.058000,-0.167846,0.092033
7.060000,-0.167906,0.091660
7.062000,-0.167965,0.091287
7.064000,-0.168025,0.090913
7.066000,-0.168084,0.090538
7.068000,-0.168143,0.090163
7.070000,-0.168202,0.089787
7.072000,-0.168260,0.089410
7.074000,-0.168318,0.089033
7.076000,-0.168376,0.088656
7.078000,-0.168434,0.088278
7.080000,-0.168491,0.087899
7.082000,-0.168548,0.087520
7.084000,-0.168605,0.087140
7.086000,-0.168661,0.086759
7.088000,-0.168718,0.086379
7.090000,-0.168774,0.085997
7.092000,-0.168829,0.085615
7.094000,-0.168885,0.085233
7.096000,-0.168940,0.084850
7.098000,-0.168995,0.084466
7.100000,-0.169050,0.084082
7.102000,-0.169104,0.083697
7.104000,-0.169158,0.083312
7.106000,-0.169212,0.082926
7.108000,-0.169266,0.082540
7.110000,-0.169319,0.082153
7.112000,-0.169372,0.081766
7.114000,-0.169425,0.081378
7.116000,-0.169477,0.080990
7.118000,-0.169530,0.080601
7.120000,-0.169582,0.080212
7.122000,-0.169633,0.079822
7.124000,-0.169685,0.079432
7.126000,-0.169736,0.079041
7.128000,-0.169787,0.078649
7.130000,-0.169838,0.078258
7.132000,-0.169888,0.077865
7.134000,-0.169938,0.077472
7.136000,-0.169988,0.077079
7.138000,-0.170038,0.076685
7.140000,-0.170087,0.076291
7.142000,-0.170136,0.075896
7.144000,-0.170185,0.075501
7.146000,-0.170233,0.075105
7.148000,-0.170282,0.074709
7.150000,-0.170330,0.074313
7.152000,-0.170377,0.073915
7.154000,-0.170425,0.073518
7.156000,-0.170472,0.073120
7.158000,-0.170519,0.072721
7.160000,-0.170565,0.072322
7.162000,-0.170612,0.071923
7.164000,-0.170658,0.071523
7.166000,-0.170704,0.071122
7.168000,-0.170749,0.070722
7.170000,-0.170795,0.070320
7.172000,-0.170840,0.069919
7.174000,-0.170884,0.069517
7.176000,-0.170929,0.069114
7.178000,-0.170973,0.068711
7.180000,-0.171017,0.068308
7.182000,-0.171061,0.067904
7.184000,-0.171104,0.067499
7.186000,-0.171147,0.067095
7.188000,-0.171190,0.066690
7.190000,-0.171233,0.066284
7.192000,-0.171275,0.065878
7.194000,-0.171317,0.065472
7.196000,-0.171359,0.065065
7.198000,-0.171400,0.064657
7.200000,-0.171441,0.064250
7.202000,-0.171482,0.063842
7.204000,-0.171523,0.063433
7.206000,-0.171564,0.063025
7.208000,-0.171604,0.062615
7.210000,-0.171644,0.062206
7.212000,-0.171683,0.061796
7.214000,-0.171723,0.061385
7.216000,-0.171762,0.060974
7.218000,-0.171800,0.060563
7.220000,-0.171839,0.060152
7.222000,-0.171877,0.059740
7.224000,-0.171915,0.059327
7.226000,-0.171953,0.058915
7.228000,-0.171990,0.058501
7.230000,-0.172027,0.058088
7.232000,-0.172064,0.057674
7.234000,-0.172101,0.057260
7.236000,-0.172137,0.056845
7.238000,-0.172173,0.056430
7.240000,-0.172209,0.056015
7.242000,-0.172245,0.055600
7.244000,-0.172280,0.055184
7.246000,-0.172315,0.054767
7.248000,-0.172350,0.054351
7.250000,-0.172384,0.053934
7.252000,-0.172418,0.053516
7.254000,-0.172452,0.053099
7.256000,-0.172486,0.052681
7.258000,-0.172519,0.052262
7.260000,-0.172552,0.051844
7.262000,-0.172585,0.051425
7.264000,-0.172618,0.051005
7.266000,-0.172650,0.050586
7.268000,-0.172682,0.050166
7.270000,-0.172714,0.049745
7.272000,-0.172745,0.049325
7.274000,-0.172776,0.048904
7.276000,-0.172807,0.048482
7.278000,-0.172838,0.048061
7.280000,-0.172868,0.047639
7.282000,-0.172898,0.047217
7.284000,-0.172928,0.046795
7.286000,-0.172958,0.046372
7.288000,-0.172987,0.045949
7.290000,-0.173016,0.045525
7.292000,-0.173045,0.045102
7.294000,-0.173073,0.044678
7.296000,-0.173101,0.044254
7.298000,-0.173129,0.043829
7.300000,-0.173157,0.043405
7.302000,-0.173184,0.042980
7.304000,-0.173211,0.042554
7.306000,-0.173238,0.042129
7.308000,-0.173264,0.041703
7.310000,-0.173291,0.041277
7.312000,-0.173317,0.040851
7.314000,-0.173342,0.040424
7.316000,-0.173368,0.039997
7.318000,-0.173393,0.039570
7.320000,-0.173418,0.039143
7.322000,-0.173443,0.038715
7.324000,-0.173467,0.038287
7.326000,-0.173491,0.037859
7.328000,-0.173515,0.037431
7.330000,-0.173538,0.037002
7.332000,-0.173561,0.036573
7.334000,-0.173584,0.036144
7.336000,-0.173607,0.035715
7.338000,-0.173630,0.035286
7.340000,-0.173652,0.034856
7.342000,-0.173674,0.034426
7.344000,-0.173695,0.033996
7.346000,-0.173717,0.033566
7.348000,-0.173738,0.033135
7.350000,-0.173758,0.032704
7.352000,-0.173779,0.032273
7.354000,-0.173799,0.031842
7.356000,-0.173819,0.031411
7.358000,-0.173839,0.030979
7.360000,-0.173858,0.030547
7.362000,-0.173877,0.030115
7.364000,-0.173896,0.029683
7.366000,-0.173915,0.029251
7.368000,-0.173933,0.028818
7.370000,-0.173951,0.028386
7.372000,-0.173969,0.027953
7.374000,-0.173986,0.027520
7.376000,-0.174003,0.027086
7.378000,-0.174020,0.026653
7.380000,-0.174037,0.026219
7.382000,-0.174053,0.025786
7.384000,-0.174070,0.025352
7.386000,-0.174085,0.024918
7.388000,-0.174101,0.024483
7.390000,-0.174116,0.024049
7.392000,-0.174131,0.023614
7.394000,-0.174146,0.023180
7.396000,-0.174160,0.022745
7.398000,-0.174175,0.022310
7.400000,-0.174189,0.021875
7.402000,-0.174202,0.021440
7.404000,-0.174216,0.021004
7.406000,-0.174229,0.020569
7.408000,-0.174241,0.020133
7.410000,-0.174254,0.019697
7.412000,-0.174266,0.019261
7.414000,-0.174278,0.018825
7.416000,-0.174290,0.018389
7.418000,-0.174301,0.017953
7.420000,-0.174312,0.017516
7.422000,-0.174323,0.017080
7.424000,-0.174334,0.016643
7.426000,-0.174344,0.016207
7.428000,-0.174354,0.015770
7.430000,-0.174364,0.015333
7.432000,-0.174374,0.014896
7.434000,-0.174383,0.014459
7.436000,-0.174392,0.014022
7.438000,-0.174401,0.013584
7.440000,-0.174409,0.013147
7.442000,-0.174417,0.012710
7.444000,-0.174425,0.012272
7.446000,-0.174432,0.011834
7.448000,-0.174440,0.011397
7.450000,-0.174447,0.010959
7.452000,-0.174454,0.010521
7.454000,-0.174460,0.010083
7.456000,-0.174466,0.009645
7.458000,-0.174472,0.009207
7.460000,-0.174478,0.008769
7.462000,-0.174483,0.008331
7.464000,-0.174488,0.007893
7.466000,-0.174493,0.007455
7.468000,-0.174498,0.007016
7.470000,-0.174502,0.006578
7.472000,-0.174506,0.006140
7.474000,-0.174510,0.005701
7.476000,-0.174513,0.005263
7.478000,-0.174516,0.004825
7.480000,-0.174519,0.004386
7.482000,-0.174522,0.003948
7.484000,-0.174524,0.003509
7.486000,-0.174526,0.003070
7.488000,-0.174528,0.002632
7.490000,-0.174529,0.002193
7.492000,-0.174531,0.001755
7.494000,-0.174532,0.001316
7.496000,-0.174532,0.000877
7.498000,-0.174533,0.000439
7.500000,-0.174533,0.000000
7.502000,-0.174533,-0.000439
7.504000,-0.174532,-0.000877
7.506000,-0.174532,-0.001316
7.508000,-0.174531,-0.001755
7.510000,-0.174529,-0.002193
7.512000,-0.174528,-0.002632
7.514000,-0.174526,-0.003070
7.516000,-0.174524,-0.003509
7.518000,-0.174522,-0.003948
7.520000,-0.174519,-0.004386
7.522000,-0.174516,-0.004825
7.524000,-0.174513,-0.005263
7.526000,-0.174510,-0.005701
7.528000,-0.174506,-0.006140
7.530000,-0.174502,-0.006578
7.532000,-0.174498,-0.007016
7.534000,-0.174493,-0.007455
7.536000,-0.174488,-0.007893
7.538000,-0.174483,-0.008331
7.540000,-0.174478,-0.008769
7.542000,-0.174472,-0.009207
7.544000,-0.174466,-0.009645
7.546000,-0.174460,-0.010083
7.548000,-0.174454,-0.010521
7.550000,-0.174447,-0.010959
7.552000,-0.174440,-0.011397
7.554000,-0.174432,-0.011834
7.556000,-0.174425,-0.012272
7.558000,-0.174417,-0.012710
7.560000,-0.174409,-0.013147
7.562000,-0.174401,-0.013584
7.564000,-0.174392,-0.014022
7.566000,-0.174383,-0.014459
7.568000,-0.174374,-0.014896
7.570000,-0.174364,-0.015333
7.572000,-0.174354,-0.015770
7.574000,-0.174344,-0.016207
7.576000,-0.174334,-0.016643
7.578000,-0.174323,-0.017080
7.580000,-0.174312,-0.017516
7.582000,-0.174301,-0.017953
7.584000,-0.174290,-0.018389
7.586000,-0.174278,-0.018825
7.588000,-0.174266,-0.019261
7.590000,-0.174254,-0.019697
7.592000,-0.174241,-0.020133
7.594000,-0.174229,-0.020569
7.596000,-0.174216,-0.021004
7.598000,-0.174202,-0.021440
7.600000,-0.174189,-0.021875
7.602000,-0.174175,-0.022310
7.604000,-0.174160,-0.022745
7.606000,-0.174146,-0.023180
7.608000,-0.174131,-0.023614
7.610000,-0.174116,-0.024049
7.612000,-0.174101,-0.024483
7.614000,-0.174085,-0.024918
7.616000,-0.174070,-0.025352
7.618000,-0.174053,-0.025786
7.620000,-0.174037,-0.026219
7.622000,-0.174020,-0.026653
7.624000,-0.174003,-0.027086
7.626000,-0.173986,-0.027520
7.628000,-0.173969,-0.027953
7.630000,-0.173951,-0.028386
7.632000,-0.173933,-0.028818
7.634000,-0.173915,-0.029251
7.636000,-0.173896,-0.029683
7.638000,-0.173877,-0.030115
7.640000,-0.173858,-0.030547
7.642000,-0.173839,-0.030979
7.644000,-0.173819,-0.031411
7.646000,-0.173799,-0.031842
7.648000,-0.173779,-0.032273
7.650000,-0.173758,-0.032704
7.652000,-0.173738,-0.033135
7.654000,-0.173717,-0.033566
7.656000,-0.173695,-0.033996
7.658000,-0.173674,-0.034426
7.660000,-0.173652,-0.034856
7.662000,-0.173630,-0.035286
7.664000,-0.173607,-0.035715
7.666000,-0.173584,-0.036144
7.668000,-0.173561,-0.036573
7.670000,-0.173538,-0.037002
7.672000,-0.173515,-0.037431
7.674000,-0.173491,-0.037859
7.676000,-0.173467,-0.038287
7.678000,-0.173443,-0.038715
7.680000,-0.173418,-0.039143
7.682000,-0.173393,-0.039570
7.684000,-0.173368,-0.039997
7.686000,-0.173342,-0.040424
7.688000,-0.173317,-0.040851
7.690000,-0.173291,-0.041277
7.692000,-0.173264,-0.041703
7.694000,-0.173238,-0.042129
7.696000,-0.173211,-0.042554
7.698000,-0.173184,-0.042980
7.700000,-0.173157,-0.043405
7.702000,-0.173129,-0.043829
7.704000,-0.173101,-0.044254
7.706000,-0.173073,-0.044678
7.708000,-0.173045,-0.045102
7.710000,-0.173016,-0.045525
7.712000,-0.172987,-0.045949
7.714000,-0.172958,-0.046372
7.716000,-0.172928,-0.046795
7.718000,-0.172898,-0.047217
7.720000,-0.172868,-0.047639
7.722000,-0.172838,-0.048061
7.724000,-0.172807,-0.048482
7.726000,-0.172776,-0.048904
7.728000,-0.172745,-0.049325
7.730000,-0.172714,-0.049745
7.732000,-0.172682,-0.050166
7.734000,-0.172650,-0.050586
7.736000,-0.172618,-0.051005
7.738000,-0.172585,-0.051425
7.740000,-0.172552,-0.051844
7.742000,-0.172519,-0.052262
7.744000,-0.172486,-0.052681
7.746000,-0.172452,-0.053099
7.748000,-0.172418,-0.053516
7.750000,-0.172384,-0.053934
7.752000,-0.172350,-0.054351
7.754000,-0.172315,-0.054767
7.756000,-0.172280,-0.055184
7.758000,-0.172245,-0.055600
7.760000,-0.172209,-0.056015
7.762000,-0.172173,-0.056430
7.764000,-0.172137,-0.056845
7.766000,-0.172101,-0.057260
7.768000,-0.172064,-0.057674
7.770000,-0.172027,-0.058088
7.772000,-0.171990,-0.058501
7.774000,-0.171953,-0.058915
7.776000,-0.171915,-0.059327
7.778000,-0.171877,-0.059740
7.780000,-0.171839,-0.060152
7.782000,-0.171800,-0.060563
7.784000,-0.171762,-0.060974
7.786000,-0.171723,-0.061385
7.788000,-0.171683,-0.061796
7.790000,-0.171644,-0.062206
7.792000,-0.171604,-0.062615
7.794000,-0.171564,-0.063025
7.796000,-0.171523,-0.063433
7.798000,-0.171482,-0.063842
7.800000,-0.171441,-0.064250
7.802000,-0.171400,-0.064657
7.804000,-0.171359,-0.065065
7.806000,-0.171317,-0.065472
7.808000,-0.171275,-0.065878
7.810000,-0.171233,-0.066284
7.812000,-0.171190,-0.066690
7.814000,-0.171147,-0.067095
7.816000,-0.171104,-0.067499
7.818000,-0.171061,-0.067904
7.820000,-0.171017,-0.068308
7.822000,-0.170973,-0.068711
7.824000,-0.170929,-0.069114
7.826000,-0.170884,-0.069517
7.828000,-0.170840,-0.069919
7.830000,-0.170795,-0.070320
7.832000,-0.170749,-0.070722
7.834000,-0.170704,-0.071122
7.836000,-0.170658,-0.071523
7.838000,-0.170612,-0.071923
7.840000,-0.170565,-0.072322
7.842000,-0.170519,-0.072721
7.844000,-0.170472,-0.073120
7.846000,-0.170425,-0.073518
7.848000,-0.170377,-0.073915
7.850000,-0.170330,-0.074313
7.852000,-0.170282,-0.074709
7.854000,-0.170233,-0.075105
7.856000,-0.170185,-0.075501
7.858000,-0.170136,-0.075896
7.860000,-0.170087,-0.076291
7.862000,-0.170038,-0.076685
7.864000,-0.169988,-0.077079
7.866000,-0.169938,-0.077472
7.868000,-0.169888,-0.077865
7.870000,-0.169838,-0.078258
7.872000,-0.169787,-0.078649
7.874000,-0.169736,-0.079041
7.876000,-0.169685,-0.079432
7.878000,-0.169633,-0.079822
7.880000,-0.169582,-0.080212
7.882000,-0.169530,-0.080601
7.884000,-0.169477,-0.080990
7.886000,-0.169425,-0.081378
7.888000,-0.169372,-0.081766
7.890000,-0.169319,-0.082153
7.892000,-0.169266,-0.082540
7.894000,-0.169212,-0.082926
7.896000,-0.169158,-0.083312
7.898000,-0.169104,-0.083697
7.900000,-0.169050,-0.084082
7.902000,-0.168995,-0.084466
7.904000,-0.168940,-0.084850
7.906000,-0.168885,-0.085233
7.908000,-0.168829,-0.085615
7.910000,-0.168774,-0.085997
7.912000,-0.168718,-0.086379
7.914000,-0.168661,-0.086759
7.916000,-0.168605,-0.087140
7.918000,-0.168548,-0.087520
7.920000,-0.168491,-0.087899
7.922000,-0.168434,-0.088278
7.924000,-0.168376,-0.088656
7.926000,-0.168318,-0.089033
7.928000,-0.168260,-0.089410
7.930000,-0.168202,-0.089787
7.932000,-0.168143,-0.090163
7.934000,-0.168084,-0.090538
7.936000,-0.168025,-0.090913
7.938000,-0.167965,-0.091287
7.940000,-0.167906,-0.091660
7.942000,-0.167846,-0.092033
7.944000,-0.167785,-0.092406
7.946000,-0.167725,-0.092778
7.948000,-0.167664,-0.093149
7.950000,-0.167603,-0.093519
7.952000,-0.167542,-0.093889
7.954000,-0.167480,-0.094259
7.956000,-0.167418,-0.094628
7.958000,-0.167356,-0.094996
7.960000,-0.167294,-0.095364
7.962000,-0.167231,-0.095731
7.964000,-0.167168,-0.096097
7.966000,-0.167105,-0.096463
7.968000,-0.167041,-0.096828
7.970000,-0.166978,-0.097193
7.972000,-0.166914,-0.097557
7.974000,-0.166850,-0.097921
7.976000,-0.166785,-0.098283
7.978000,-0.166720,-0.098646
7.980000,-0.166655,-0.099007
7.982000,-0.166590,-0.099368
7.984000,-0.166524,-0.099728
7.986000,-0.166459,-0.100088
7.988000,-0.166393,-0.100447
7.990000,-0.166326,-0.100805
7.992000,-0.166260,-0.101163
7.994000,-0.166193,-0.101520
7.996000,-0.166126,-0.101877
7.998000,-0.166058,-0.102233
8.000000,-0.165991,-0.102588
8.002000,-0.165923,-0.102942
8.004000,-0.165855,-0.103296
8.006000,-0.165786,-0.103650
8.008000,-0.165717,-0.104002
8.010000,-0.165649,-0.104354
8.012000,-0.165579,-0.104705
8.014000,-0.165510,-0.105056
8.016000,-0.165440,-0.105406
8.018000,-0.165370,-0.105755
8.020000,-0.165300,-0.106104
8.022000,-0.165229,-0.106452
8.024000,-0.165159,-0.106799
8.026000,-0.165087,-0.107146
8.028000,-0.165016,-0.107492
8.030000,-0.164945,-0.107837
8.032000,-0.164873,-0.108181
8.034000,-0.164801,-0.108525
8.036000,-0.164728,-0.108868
8.038000,-0.164656,-0.109211
8.040000,-0.164583,-0.109553
8.042000,-0.164510,-0.109894
8.044000,-0.164436,-0.110234
8.046000,-0.164363,-0.110574
8.048000,-0.164289,-0.110913
8.050000,-0.164215,-0.111251
8.052000,-0.164140,-0.111589
8.054000,-0.164066,-0.111926
8.056000,-0.163991,-0.112262
8.058000,-0.163915,-0.112598
8.060000,-0.163840,-0.112933
8.062000,-0.163764,-0.113267
8.064000,-0.163688,-0.113600
8.066000,-0.163612,-0.113933
8.068000,-0.163536,-0.114265
8.070000,-0.163459,-0.114596
8.072000,-0.163382,-0.114926
8.074000,-0.163305,-0.115256
8.076000,-0.163227,-0.115585
8.078000,-0.163149,-0.115913
8.080000,-0.163071,-0.116241
8.082000,-0.162993,-0.116568
8.084000,-0.162914,-0.116894
8.086000,-0.162835,-0.117219
8.088000,-0.162756,-0.117544
8.090000,-0.162677,-0.117868
8.092000,-0.162598,-0.118191
8.094000,-0.162518,-0.118513
8.096000,-0.162438,-0.118835
8.098000,-0.162357,-0.119156
8.100000,-0.162277,-0.119476
8.102000,-0.162196,-0.119795
8.104000,-0.162115,-0.120114
8.106000,-0.162033,-0.120432
8.108000,-0.161952,-0.120749
8.110000,-0.161870,-0.121065
8.112000,-0.161788,-0.121381
8.114000,-0.161705,-0.121696
8.116000,-0.161623,-0.122010
8.118000,-0.161540,-0.122323
8.120000,-0.161456,-0.122636
8.122000,-0.161373,-0.122947
8.124000,-0.161289,-0.123258
8.126000,-0.161205,-0.123568
8.128000,-0.161121,-0.123878
8.130000,-0.161037,-0.124186
8.132000,-0.160952,-0.124494
8.134000,-0.160867,-0.124801
8.136000,-0.160782,-0.125108
8.138000,-0.160696,-0.125413
8.140000,-0.160611,-0.125718
8.142000,-0.160525,-0.126022
8.144000,-0.160439,-0.126325
8.146000,-0.160352,-0.126627
8.148000,-0.160265,-0.126928
8.150000,-0.160178,-0.127229
8.152000,-0.160091,-0.127529
8.154000,-0.160004,-0.127828
8.156000,-0.159916,-0.128126
8.158000,-0.159828,-0.128424
8.160000,-0.159740,-0.128720
8.162000,-0.159651,-0.129016
8.164000,-0.159562,-0.129311
8.166000,-0.159473,-0.129605
8.168000,-0.159384,-0.129899
8.170000,-0.159295,-0.130191
8.172000,-0.159205,-0.130483
8.174000,-0.159115,-0.130774
8.176000,-0.159025,-0.131064
8.178000,-0.158934,-0.131353
8.180000,-0.158843,-0.131642
8.182000,-0.158752,-0.131929
8.184000,-0.158661,-0.132216
8.186000,-0.158570,-0.132502
8.188000,-0.158478,-0.132787
8.190000,-0.158386,-0.133071
8.192000,-0.158294,-0.133355
8.194000,-0.158201,-0.133637
8.196000,-0.158108,-0.133919
8.198000,-0.158015,-0.134200
8.200000,-0.157922,-0.134480
8.202000,-0.157829,-0.134759
8.204000,-0.157735,-0.135037
8.206000,-0.157641,-0.135315
8.208000,-0.157547,-0.135592
8.210000,-0.157452,-0.135867
8.212000,-0.157357,-0.136142
8.214000,-0.157262,-0.136416
8.216000,-0.157167,-0.136689
8.218000,-0.157072,-0.136962
8.220000,-0.156976,-0.137233
8.222000,-0.156880,-0.137504
8.224000,-0.156784,-0.137774
8.226000,-0.156687,-0.138042
8.228000,-0.156590,-0.138310
8.230000,-0.156493,-0.138577
8.232000,-0.156396,-0.138844
8.234000,-0.156299,-0.139109
8.236000,-0.156201,-0.139374
8.238000,-0.156103,-0.139637
8.240000,-0.156005,-0.139900
8.242000,-0.155906,-0.140162
8.244000,-0.155808,-0.140423
8.246000,-0.155709,-0.140683
8.248000,-0.155609,-0.140942
8.250000,-0.155510,-0.141200
8.252000,-0.155410,-0.141457
8.254000,-0.155310,-0.141714
8.256000,-0.155210,-0.141970
8.258000,-0.155110,-0.142224
8.260000,-0.155009,-0.142478
8.262000,-0.154908,-0.142731
8.264000,-0.154807,-0.142983
8.266000,-0.154706,-0.143234
8.268000,-0.154604,-0.143484
8.270000,-0.154502,-0.143734
8.272000,-0.154400,-0.143982
8.274000,-0.154297,-0.144229
8.276000,-0.154195,-0.144476
8.278000,-0.154092,-0.144722
8.280000,-0.153989,-0.144966
8.282000,-0.153886,-0.145210
8.284000,-0.153782,-0.145453
8.286000,-0.153678,-0.145695
8.288000,-0.153574,-0.145936
8.290000,-0.153470,-0.146176
8.292000,-0.153365,-0.146415
8.294000,-0.153260,-0.146654
8.296000,-0.153155,-0.146891
8.298000,-0.153050,-0.147128
8.300000,-0.152944,-0.147363
8.302000,-0.152839,-0.147598
8.304000,-0.152733,-0.147831
8.306000,-0.152626,-0.148064
8.308000,-0.152520,-0.148296
8.310000,-0.152413,-0.148527
8.312000,-0.152306,-0.148756
8.314000,-0.152199,-0.148985
8.316000,-0.152091,-0.149213
8.318000,-0.151984,-0.149441
8.320000,-0.151876,-0.149667
8.322000,-0.151768,-0.149892
8.324000,-0.151659,-0.150116
8.326000,-0.151550,-0.150339
8.328000,-0.151442,-0.150562
8.330000,-0.151332,-0.150783
8.332000,-0.151223,-0.151004
8.334000,-0.151113,-0.151223
8.336000,-0.151004,-0.151442
8.338000,-0.150893,-0.151659
8.340000,-0.150783,-0.151876
8.342000,-0.150673,-0.152091
8.344000,-0.150562,-0.152306
8.346000,-0.150451,-0.152520
8.348000,-0.150339,-0.152733
8.350000,-0.150228,-0.152944
8.352000,-0.150116,-0.153155
8.354000,-0.150004,-0.153365
8.356000,-0.149892,-0.153574
8.358000,-0.149779,-0.153782
8.360000,-0.149667,-0.153989
8.362000,-0.149554,-0.154195
8.364000,-0.149441,-0.154400
8.366000,-0.149327,-0.154604
8.368000,-0.149213,-0.154807
8.370000,-0.149100,-0.155009
8.372000,-0.148985,-0.155210
8.374000,-0.148871,-0.155410
8.376000,-0.148756,-0.155609
8.378000,-0.148642,-0.155808
8.380000,-0.148527,-0.156005
8.382000,-0.148411,-0.156201
8.384000,-0.148296,-0.156396
8.386000,-0.148180,-0.156590
8.388000,-0.148064,-0.156784
8.390000,-0.147948,-0.156976
8.392000,-0.147831,-0.157167
8.394000,-0.147715,-0.157357
8.396000,-0.147598,-0.157547
8.398000,-0.147480,-0.157735
8.400000,-0.147363,-0.157922
8.402000,-0.147245,-0.158108
8.404000,-0.147128,-0.158294
8.406000,-0.147009,-0.158478
8.408000,-0.146891,-0.158661
8.410000,-0.146773,-0.158843
8.412000,-0.146654,-0.159025
8.414000,-0.146535,-0.159205
8.416000,-0.146415,-0.159384
8.418000,-0.146296,-0.159562
8.420000,-0.146176,-0.159740
8.422000,-0.146056,-0.159916
8.424000,-0.145936,-0.160091
8.426000,-0.145816,-0.160265
8.428000,-0.145695,-0.160439
8.430000,-0.145574,-0.160611
8.432000,-0.145453,-0.160782
8.434000,-0.145332,-0.160952
8.436000,-0.145210,-0.161121
8.438000,-0.145088,-0.161289
8.440000,-0.144966,-0.161456
8.442000,-0.144844,-0.161623
8.444000,-0.144722,-0.161788
8.446000,-0.144599,-0.161952
8.448000,-0.144476,-0.162115
8.450000,-0.144353,-0.162277
8.452000,-0.144229,-0.162438
8.454000,-0.144106,-0.162598
8.456000,-0.143982,-0.162756
8.458000,-0.143858,-0.162914
8.460000,-0.143734,-0.163071
8.462000,-0.143609,-0.163227
8.464000,-0.143484,-0.163382
8.466000,-0.143359,-0.163536
8.468000,-0.143234,-0.163688
8.470000,-0.143109,-0.163840
8.472000,-0.142983,-0.163991
8.474000,-0.142857,-0.164140
8.476000,-0.142731,-0.164289
8.478000,-0.142605,-0.164436
8.480000,-0.142478,-0.164583
8.482000,-0.142351,-0.164728
8.484000,-0.142224,-0.164873
8.486000,-0.142097,-0.165016
8.488000,-0.141970,-0.165159
8.490000,-0.141842,-0.165300
8.492000,-0.141714,-0.165440
8.494000,-0.141586,-0.165579
8.496000,-0.141457,-0.165717
8.498000,-0.141329,-0.165855
8.500000,-0.141200,-0.165991
8.502000,-0.141071,-0.166126
8.504000,-0.140942,-0.166260
8.506000,-0.140812,-0.166393
8.508000,-0.140683,-0.166524
8.510000,-0.140553,-0.166655
8.512000,-0.140423,-0.166785
8.514000,-0.140292,-0.166914
8.516000,-0.140162,-0.167041
8.518000,-0.140031,-0.167168
8.520000,-0.139900,-0.167294
8.522000,-0.139769,-0.167418
8.524000,-0.139637,-0.167542
8.526000,-0.139505,-0.167664
8.528000,-0.139374,-0.167785
8.530000,-0.139241,-0.167906
8.532000,-0.139109,-0.168025
8.534000,-0.138976,-0.168143
8.536000,-0.138844,-0.168260
8.538000,-0.138711,-0.168376
8.540000,-0.138577,-0.168491
8.542000,-0.138444,-0.168605
8.544000,-0.138310,-0.168718
8.546000,-0.138176,-0.168829
8.548000,-0.138042,-0.168940
8.550000,-0.137908,-0.169050
8.552000,-0.137774,-0.169158
8.554000,-0.137639,-0.169266
8.556000,-0.137504,-0.169372
8.558000,-0.137369,-0.169477
8.560000,-0.137233,-0.169582
8.562000,-0.137098,-0.169685
8.564000,-0.136962,-0.169787
8.566000,-0.136826,-0.169888
8.568000,-0.136689,-0.169988
8.570000,-0.136553,-0.170087
8.572000,-0.136416,-0.170185
8.574000,-0.136279,-0.170282
8.576000,-0.136142,-0.170377
8.578000,-0.136005,-0.170472
8.580000,-0.135867,-0.170565
8.582000,-0.135730,-0.170658
8.584000,-0.135592,-0.170749
8.586000,-0.135453,-0.170840
8.588000,-0.135315,-0.170929
8.590000,-0.135176,-0.171017
8.592000,-0.135037,-0.171104
8.594000,-0.134898,-0.171190
8.596000,-0.134759,-0.171275
8.598000,-0.134620,-0.171359
8.600000,-0.134480,-0.171441
8.602000,-0.134340,-0.171523
8.604000,-0.134200,-0.171604
8.606000,-0.134060,-0.171683
8.608000,-0.133919,-0.171762
8.610000,-0.133778,-0.171839
8.612000,-0.133637,-0.171915
8.614000,-0.133496,-0.171990
8.616000,-0.133355,-0.172064
8.618000,-0.133213,-0.172137
8.620000,-0.133071,-0.172209
8.622000,-0.132929,-0.172280
8.624000,-0.132787,-0.172350
8.626000,-0.132645,-0.172418
8.628000,-0.132502,-0.172486
8.630000,-0.132359,-0.172552
8.632000,-0.132216,-0.172618
8.634000,-0.132073,-0.172682
8.636000,-0.131929,-0.172745
8.638000,-0.131786,-0.172807
8.640000,-0.131642,-0.172868
8.642000,-0.131498,-0.172928
8.644000,-0.131353,-0.172987
8.646000,-0.131209,-0.173045
8.648000,-0.131064,-0.173101
8.650000,-0.130919,-0.173157
8.652000,-0.130774,-0.173211
8.654000,-0.130629,-0.173264
8.656000,-0.130483,-0.173317
8.658000,-0.130337,-0.173368
8.660000,-0.130191,-0.173418
8.662000,-0.130045,-0.173467
8.664000,-0.129899,-0.173515
8.666000,-0.129752,-0.173561
8.668000,-0.129605,-0.173607
8.670000,-0.129458,-0.173652
8.672000,-0.129311,-0.173695
8.674000,-0.129164,-0.173738
8.676000,-0.129016,-0.173779
8.678000,-0.128868,-0.173819
8.680000,-0.128720,-0.173858
8.682000,-0.128572,-0.173896
8.684000,-0.128424,-0.173933
8.686000,-0.128275,-0.173969
8.688000,-0.128126,-0.174003
8.690000,-0.127977,-0.174037
8.692000,-0.127828,-0.174070
8.694000,-0.127679,-0.174101
8.696000,-0.127529,-0.174131
8.698000,-0.127379,-0.174160
8.700000,-0.127229,-0.174189
8.702000,-0.127079,-0.174216
8.704000,-0.126928,-0.174241
8.706000,-0.126778,-0.174266
8.708000,-0.126627,-0.174290
8.710000,-0.126476,-0.174312
8.712000,-0.126325,-0.174334
8.714000,-0.126173,-0.174354
8.716000,-0.126022,-0.174374
8.718000,-0.125870,-0.174392
8.720000,-0.125718,-0.174409
8.722000,-0.125565,-0.174425
8.724000,-0.125413,-0.174440
8.726000,-0.125260,-0.174454
8.728000,-0.125108,-0.174466
8.730000,-0.124954,-0.174478
8.732000,-0.124801,-0.174488
8.734000,-0.124648,-0.174498
8.736000,-0.124494,-0.174506
8.738000,-0.124340,-0.174513
8.740000,-0.124186,-0.174519
8.742000,-0.124032,-0.174524
8.744000,-0.123878,-0.174528
8.746000,-0.123723,-0.174531
8.748000,-0.123568,-0.174532
8.750000,-0.123413,-0.174533
8.752000,-0.123258,-0.174532
8.754000,-0.123103,-0.174531
8.756000,-0.122947,-0.174528
8.758000,-0.122792,-0.174524
8.760000,-0.122636,-0.174519
8.762000,-0.122479,-0.174513
8.764000,-0.122323,-0.174506
8.766000,-0.122167,-0.174498
8.768000,-0.122010,-0.174488
8.770000,-0.121853,-0.174478
8.772000,-0.121696,-0.174466
8.774000,-0.121538,-0.174454
8.776000,-0.121381,-0.174440
8.778000,-0.121223,-0.174425
8.780000,-0.121065,-0.174409
8.782000,-0.120907,-0.174392
8.784000,-0.120749,-0.174374
8.786000,-0.120591,-0.174354
8.788000,-0.120432,-0.174334
8.790000,-0.120273,-0.174312
8.792000,-0.120114,-0.174290
8.794000,-0.119955,-0.174266
8.796000,-0.119795,-0.174241
8.798000,-0.119636,-0.174216
8.800000,-0.119476,-0.174189
8.802000,-0.119316,-0.174160
8.804000,-0.119156,-0.174131
8.806000,-0.118996,-0.174101
8.808000,-0.118835,-0.174070
8.810000,-0.118674,-0.174037
8.812000,-0.118513,-0.174003
8.814000,-0.118352,-0.173969
8.816000,-0.118191,-0.173933
8.818000,-0.118029,-0.173896
8.820000,-0.117868,-0.173858
8.822000,-0.117706,-0.173819
8.824000,-0.117544,-0.173779
8.826000,-0.117382,-0.173738
8.828000,-0.117219,-0.173695
8.830000,-0.117057,-0.173652
8.832000,-0.116894,-0.173607
8.834000,-0.116731,-0.173561
8.836000,-0.116568,-0.173515
8.838000,-0.116405,-0.173467
8.840000,-0.116241,-0.173418
8.842000,-0.116077,-0.173368
8.844000,-0.115913,-0.173317
8.846000,-0.115749,-0.173264
8.848000,-0.115585,-0.173211
8.850000,-0.115421,-0.173157
8.852000,-0.115256,-0.173101
8.854000,-0.115091,-0.173045
8.856000,-0.114926,-0.172987
8.858000,-0.114761,-0.172928
8.860000,-0.114596,-0.172868
8.862000,-0.114430,-0.172807
8.864000,-0.114265,-0.172745
8.866000,-0.114099,-0.172682
8.868000,-0.113933,-0.172618
8.870000,-0.113766,-0.172552
8.872000,-0.113600,-0.172486
8.874000,-0.113433,-0.172418
8.876000,-0.113267,-0.172350
8.878000,-0.113100,-0.172280
8.880000,-0.112933,-0.172209
8.882000,-0.112765,-0.172137
8.884000,-0.112598,-0.172064
8.886000,-0.112430,-0.171990
8.888000,-0.112262,-0.171915
8.890000,-0.112094,-0.171839
8.892000,-0.111926,-0.171762
8.894000,-0.111758,-0.171683
8.896000,-0.111589,-0.171604
8.898000,-0.111420,-0.171523
8.900000,-0.111251,-0.171441
8.902000,-0.111082,-0.171359
8.904000,-0.110913,-0.171275
8.906000,-0.110744,-0.171190
8.908000,-0.110574,-0.171104
8.910000,-0.110404,-0.171017
8.912000,-0.110234,-0.170929
8.914000,-0.110064,-0.170840
8.916000,-0.109894,-0.170749
8.918000,-0.109723,-0.170658
8.920000,-0.109553,-0.170565
8.922000,-0.109382,-0.170472
8.924000,-0.109211,-0.170377
8.926000,-0.109040,-0.170282
8.928000,-0.108868,-0.170185
8.930000,-0.108697,-0.170087
8.932000,-0.108525,-0.169988
8.934000,-0.108353,-0.169888
8.936000,-0.108181,-0.169787
8.938000,-0.108009,-0.169685
8.940000,-0.107837,-0.169582
8.942000,-0.107664,-0.169477
8.944000,-0.107492,-0.169372
8.946000,-0.107319,-0.169266
8.948000,-0.107146,-0.169158
8.950000,-0.106972,-0.169050
8.952000,-0.106799,-0.168940
8.954000,-0.106626,-0.168829
8.956000,-0.106452,-0.168718
8.958000,-0.106278,-0.168605
8.960000,-0.106104,-0.168491
8.962000,-0.105930,-0.168376
8.964000,-0.105755,-0.168260
8.966000,-0.105581,-0.168143
8.968000,-0.105406,-0.168025
8.970000,-0.105231,-0.167906
8.972000,-0.105056,-0.167785
8.974000,-0.104881,-0.167664
8.976000,-0.104705,-0.167542
8.978000,-0.104530,-0.167418
8.980000,-0.104354,-0.167294
8.982000,-0.104178,-0.167168
8.984000,-0.104002,-0.167041
8.986000,-0.103826,-0.166914
8.988000,-0.103650,-0.166785
8.990000,-0.103473,-0.166655
8.992000,-0.103296,-0.166524
8.994000,-0.103119,-0.166393
8.996000,-0.102942,-0.166260
8.998000,-0.102765,-0.166126
9.000000,-0.102588,-0.165991
9.002000,-0.102410,-0.165855
9.004000,-0.102233,-0.165717
9.006000,-0.102055,-0.165579
9.008000,-0.101877,-0.165440
9.010000,-0.101699,-0.165300
9.012000,-0.101520,-0.165159
9.014000,-0.101342,-0.165016
9.016000,-0.101163,-0.164873
9.018000,-0.100984,-0.164728
9.020000,-0.100805,-0.164583
9.022000,-0.100626,-0.164436
9.024000,-0.100447,-0.164289
9.026000,-0.100268,-0.164140
9.028000,-0.100088,-0.163991
9.030000,-0.099908,-0.163840
9.032000,-0.099728,-0.163688
9.034000,-0.099548,-0.163536
9.036000,-0.099368,-0.163382
9.038000,-0.099188,-0.163227
9.040000,-0.099007,-0.163071
9.042000,-0.098826,-0.162914
9.044000,-0.098646,-0.162756
9.046000,-0.098465,-0.162598
9.048000,-0.098283,-0.162438
9.050000,-0.098102,-0.162277
9.052000,-0.097921,-0.162115
9.054000,-0.097739,-0.161952
9.056000,-0.097557,-0.161788
9.058000,-0.097375,-0.161623
9.060000,-0.097193,-0.161456
9.062000,-0.097011,-0.161289
9.064000,-0.096828,-0.161121
9.066000,-0.096646,-0.160952
9.068000,-0.096463,-0.160782
9.070000,-0.096280,-0.160611
9.072000,-0.096097,-0.160439
9.074000,-0.095914,-0.160265
9.076000,-0.095731,-0.160091
9.078000,-0.095547,-0.159916
9.080000,-0.095364,-0.159740
9.082000,-0.095180,-0.159562
9.084000,-0.094996,-0.159384
9.086000,-0.094812,-0.159205
9.088000,-0.094628,-0.159025
9.090000,-0.094443,-0.158843
9.092000,-0.094259,-0.158661
9.094000,-0.094074,-0.158478
9.096000,-0.093889,-0.158294
9.098000,-0.093705,-0.158108
9.100000,-0.093519,-0.157922
9.102000,-0.093334,-0.157735
9.104000,-0.093149,-0.157547
9.106000,-0.092963,-0.157357
9.108000,-0.092778,-0.157167
9.110000,-0.092592,-0.156976
9.112000,-0.092406,-0.156784
9.114000,-0.092220,-0.156590
9.116000,-0.092033,-0.156396
9.118000,-0.091847,-0.156201
9.120000,-0.091660,-0.156005
9.122000,-0.091474,-0.155808
9.124000,-0.091287,-0.155609
9.126000,-0.091100,-0.155410
9.128000,-0.090913,-0.155210
9.130000,-0.090725,-0.155009
9.132000,-0.090538,-0.154807
9.134000,-0.090350,-0.154604
9.136000,-0.090163,-0.154400
9.138000,-0.089975,-0.154195
9.140000,-0.089787,-0.153989
9.142000,-0.089598,-0.153782
9.144000,-0.089410,-0.153574
9.146000,-0.089222,-0.153365
9.148000,-0.089033,-0.153155
9.150000,-0.088844,-0.152944
9.152000,-0.088656,-0.152733
9.154000,-0.088467,-0.152520
9.156000,-0.088278,-0.152306
9.158000,-0.088088,-0.152091
9.160000,-0.087899,-0.151876
9.162000,-0.087709,-0.151659
9.164000,-0.087520,-0.151442
9.166000,-0.087330,-0.151223
9.168000,-0.087140,-0.151004
9.170000,-0.086950,-0.150783
9.172000,-0.086759,-0.150562
9.174000,-0.086569,-0.150339
9.176000,-0.086379,-0.150116
9.178000,-0.086188,-0.149892
9.180000,-0.085997,-0.149667
9.182000,-0.085806,-0.149441
9.184000,-0.085615,-0.149213
9.186000,-0.085424,-0.148985
9.188000,-0.085233,-0.148756
9.190000,-0.085041,-0.148527
9.192000,-0.084850,-0.148296
9.194000,-0.084658,-0.148064
9.196000,-0.084466,-0.147831
9.198000,-0.084274,-0.147598
9.200000,-0.084082,-0.147363
9.202000,-0.083890,-0.147128
9.204000,-0.083697,-0.146891
9.206000,-0.083505,-0.146654
9.208000,-0.083312,-0.146415
9.210000,-0.083119,-0.146176
9.212000,-0.082926,-0.145936
9.214000,-0.082733,-0.145695
9.216000,-0.082540,-0.145453
9.218000,-0.082347,-0.145210
9.220000,-0.082153,-0.144966
9.222000,-0.081960,-0.144722
9.224000,-0.081766,-0.144476
9.226000,-0.081572,-0.144229
9.228000,-0.081378,-0.143982
9.230000,-0.081184,-0.143734
9.232000,-0.080990,-0.143484
9.234000,-0.080796,-0.143234
9.236000,-0.080601,-0.142983
9.238000,-0.080407,-0.142731
9.240000,-0.080212,-0.142478
9.242000,-0.080017,-0.142224
9.244000,-0.079822,-0.141970
9.246000,-0.079627,-0.141714
9.248000,-0.079432,-0.141457
9.250000,-0.079236,-0.141200
9.252000,-0.079041,-0.140942
9.254000,-0.078845,-0.140683
9.256000,-0.078649,-0.140423
9.258000,-0.078454,-0.140162
9.260000,-0.078258,-0.139900
9.262000,-0.078062,-0.139637
9.264000,-0.077865,-0.139374
9.266000,-0.077669,-0.139109
9.268000,-0.077472,-0.138844
9.270000,-0.077276,-0.138577
9.272000,-0.077079,-0.138310
9.274000,-0.076882,-0.138042
9.276000,-0.076685,-0.137774
9.278000,-0.076488,-0.137504
9.280000,-0.076291,-0.137233
9.282000,-0.076094,-0.136962
9.284000,-0.075896,-0.136689
9.286000,-0.075699,-0.136416
9.288000,-0.075501,-0.136142
9.290000,-0.075303,-0.135867
9.292000,-0.075105,-0.135592
9.294000,-0.074907,-0.135315
9.296000,-0.074709,-0.135037
9.298000,-0.074511,-0.134759
9.300000,-0.074313,-0.134480
9.302000,-0.074114,-0.134200
9.304000,-0.073915,-0.133919
9.306000,-0.073717,-0.133637
9.308000,-0.073518,-0.133355
9.310000,-0.073319,-0.133071
9.312000,-0.073120,-0.132787
9.314000,-0.072920,-0.132502
9.316000,-0.072721,-0.132216
9.318000,-0.072522,-0.131929
9.320000,-0.072322,-0.131642
9.322000,-0.072123,-0.131353
9.324000,-0.071923,-0.131064
9.326000,-0.071723,-0.130774
9.328000,-0.071523,-0.130483
9.330000,-0.071323,-0.130191
9.332000,-0.071122,-0.129899
9.334000,-0.070922,-0.129605
9.336000,-0.070722,-0.129311
9.338000,-0.070521,-0.129016
9.340000,-0.070320,-0.128720
9.342000,-0.070120,-0.128424
9.344000,-0.069919,-0.128126
9.346000,-0.069718,-0.127828
9.348000,-0.069517,-0.127529
9.350000,-0.069315,-0.127229
9.352000,-0.069114,-0.126928
9.354000,-0.068913,-0.126627
9.356000,-0.068711,-0.126325
9.358000,-0.068509,-0.126022
9.360000,-0.068308,-0.125718
9.362000,-0.068106,-0.125413
9.364000,-0.067904,-0.125108
9.366000,-0.067702,-0.124801
9.368000,-0.067499,-0.124494
9.370000,-0.067297,-0.124186
9.372000,-0.067095,-0.123878
9.374000,-0.066892,-0.123568
9.376000,-0.066690,-0.123258
9.378000,-0.066487,-0.122947
9.380000,-0.066284,-0.122636
9.382000,-0.066081,-0.122323
9.384000,-0.065878,-0.122010
9.386000,-0.065675,-0.121696
9.388000,-0.065472,-0.121381
9.390000,-0.065268,-0.121065
9.392000,-0.065065,-0.120749
9.394000,-0.064861,-0.120432
9.396000,-0.064657,-0.120114
9.398000,-0.064454,-0.119795
9.400000,-0.064250,-0.119476
9.402000,-0.064046,-0.119156
9.404000,-0.063842,-0.118835
9.406000,-0.063638,-0.118513
9.408000,-0.063433,-0.118191
9.410000,-0.063229,-0.117868
9.412000,-0.063025,-0.117544
9.414000,-0.062820,-0.117219
9.416000,-0.062615,-0.116894
9.418000,-0.062410,-0.116568
9.420000,-0.062206,-0.116241
9.422000,-0.062001,-0.115913
9.424000,-0.061796,-0.115585
9.426000,-0.061590,-0.115256
9.428000,-0.061385,-0.114926
9.430000,-0.061180,-0.114596
9.432000,-0.060974,-0.114265
9.434000,-0.060769,-0.113933
9.436000,-0.060563,-0.113600
9.438000,-0.060357,-0.113267
9.440000,-0.060152,-0.112933
9.442000,-0.059946,-0.112598
9.444000,-0.059740,-0.112262
9.446000,-0.059533,-0.111926
9.448000,-0.059327,-0.111589
9.450000,-0.059121,-0.111251
9.452000,-0.058915,-0.110913
9.454000,-0.058708,-0.110574
9.456000,-0.058501,-0.110234
9.458000,-0.058295,-0.109894
9.460000,-0.058088,-0.109553
9.462000,-0.057881,-0.109211
9.464000,-0.057674,-0.108868
9.466000,-0.057467,-0.108525
9.468000,-0.057260,-0.108181
9.470000,-0.057053,-0.107837
9.472000,-0.056845,-0.107492
9.474000,-0.056638,-0.107146
9.476000,-0.056430,-0.106799
9.478000,-0.056223,-0.106452
9.480000,-0.056015,-0.106104
9.482000,-0.055807,-0.105755
9.484000,-0.055600,-0.105406
9.486000,-0.055392,-0.105056
9.488000,-0.055184,-0.104705
9.490000,-0.054976,-0.104354
9.492000,-0.054767,-0.104002
9.494000,-0.054559,-0.103650
9.496000,-0.054351,-0.103296
9.498000,-0.054142,-0.102942
9.500000,-0.053934,-0.102588
9.502000,-0.053725,-0.102233
9.504000,-0.053516,-0.101877
9.506000,-0.053307,-0.101520
9.508000,-0.053099,-0.101163
9.510000,-0.052890,-0.100805
9.512000,-0.052681,-0.100447
9.514000,-0.052471,-0.100088
9.516000,-0.052262,-0.099728
9.518000,-0.052053,-0.099368
9.520000,-0.051844,-0.099007
9.522000,-0.051634,-0.098646
9.524000,-0.051425,-0.098283
9.526000,-0.051215,-0.097921
9.528000,-0.051005,-0.097557
9.530000,-0.050795,-0.097193
9.532000,-0.050586,-0.096828
9.534000,-0.050376,-0.096463
9.536000,-0.050166,-0.096097
9.538000,-0.049955,-0.095731
9.540000,-0.049745,-0.095364
9.542000,-0.049535,-0.094996
9.544000,-0.049325,-0.094628
9.546000,-0.049114,-0.094259
9.548000,-0.048904,-0.093889
9.550000,-0.048693,-0.093519
9.552000,-0.048482,-0.093149
9.554000,-0.048272,-0.092778
9.556000,-0.048061,-0.092406
9.558000,-0.047850,-0.092033
9.560000,-0.047639,-0.091660
9.562000,-0.047428,-0.091287
9.564000,-0.047217,-0.090913
9.566000,-0.047006,-0.090538
9.568000,-0.046795,-0.090163
9.570000,-0.046583,-0.089787
9.572000,-0.046372,-0.089410
9.574000,-0.046160,-0.089033
9.576000,-0.045949,-0.088656
9.578000,-0.045737,-0.088278
9.580000,-0.045525,-0.087899
9.582000,-0.045314,-0.087520
9.584000,-0.045102,-0.087140
9.586000,-0.044890,-0.086759
9.588000,-0.044678,-0.086379
9.590000,-0.044466,-0.085997
9.592000,-0.044254,-0.085615
9.594000,-0.044042,-0.085233
9.596000,-0.043829,-0.084850
9.598000,-0.043617,-0.084466
9.600000,-0.043405,-0.084082
9.602000,-0.043192,-0.083697
9.604000,-0.042980,-0.083312
9.606000,-0.042767,-0.082926
9.608000,-0.042554,-0.082540
9.610000,-0.042342,-0.082153
9.612000,-0.042129,-0.081766
9.614000,-0.041916,-0.081378
9.616000,-0.041703,-0.080990
9.618000,-0.041490,-0.080601
9.620000,-0.041277,-0.080212
9.622000,-0.041064,-0.079822
9.624000,-0.040851,-0.079432
9.626000,-0.040637,-0.079041
9.628000,-0.040424,-0.078649
9.630000,-0.040211,-0.078258
9.632000,-0.039997,-0.077865
9.634000,-0.039784,-0.077472
9.636000,-0.039570,-0.077079
9.638000,-0.039356,-0.076685
9.640000,-0.039143,-0.076291
9.642000,-0.038929,-0.075896
9.644000,-0.038715,-0.075501
9.646000,-0.038501,-0.075105
9.648000,-0.038287,-0.074709
9.650000,-0.038073,-0.074313
9.652000,-0.037859,-0.073915
9.654000,-0.037645,-0.073518
9.656000,-0.037431,-0.073120
9.658000,-0.037217,-0.072721
9.660000,-0.037002,-0.072322
9.662000,-0.036788,-0.071923
9.664000,-0.036573,-0.071523
9.666000,-0.036359,-0.071122
9.668000,-0.036144,-0.070722
9.670000,-0.035930,-0.070320
9.672000,-0.035715,-0.069919
9.674000,-0.035500,-0.069517
9.676000,-0.035286,-0.069114
9.678000,-0.035071,-0.068711
9.680000,-0.034856,-0.068308
9.682000,-0.034641,-0.067904
9.684000,-0.034426,-0.067499
9.686000,-0.034211,-0.067095
9.688000,-0.033996,-0.066690
9.690000,-0.033781,-0.066284
9.692000,-0.033566,-0.065878
9.694000,-0.033350,-0.065472
9.696000,-0.033135,-0.065065
9.698000,-0.032920,-0.064657
9.700000,-0.032704,-0.064250
9.702000,-0.032489,-0.063842
9.704000,-0.032273,-0.063433
9.706000,-0.032058,-0.063025
9.708000,-0.031842,-0.062615
9.710000,-0.031626,-0.062206
9.712000,-0.031411,-0.061796
9.714000,-0.031195,-0.061385
9.716000,-0.030979,-0.060974
9.718000,-0.030763,-0.060563
9.720000,-0.030547,-0.060152
9.722000,-0.030331,-0.059740
9.724000,-0.030115,-0.059327
9.726000,-0.029899,-0.058915
9.728000,-0.029683,-0.058501
9.730000,-0.029467,-0.058088
9.732000,-0.029251,-0.057674
9.734000,-0.029035,-0.057260
9.736000,-0.028818,-0.056845
9.738000,-0.028602,-0.056430
9.740000,-0.028386,-0.056015
9.742000,-0.028169,-0.055600
9.744000,-0.027953,-0.055184
9.746000,-0.027736,-0.054767
9.748000,-0.027520,-0.054351
9.750000,-0.027303,-0.053934
9.752000,-0.027086,-0.053516
9.754000,-0.026870,-0.053099
9.756000,-0.026653,-0.052681
9.758000,-0.026436,-0.052262
9.760000,-0.026219,-0.051844
9.762000,-0.026002,-0.051425
9.764000,-0.025786,-0.051005
9.766000,-0.025569,-0.050586
9.768000,-0.025352,-0.050166
9.770000,-0.025135,-0.049745
9.772000,-0.024918,-0.049325
9.774000,-0.024700,-0.048904
9.776000,-0.024483,-0.048482
9.778000,-0.024266,-0.048061
9.780000,-0.024049,-0.047639
9.782000,-0.023832,-0.047217
9.784000,-0.023614,-0.046795
9.786000,-0.023397,-0.046372
9.788000,-0.023180,-0.045949
9.790000,-0.022962,-0.045525
9.792000,-0.022745,-0.045102
9.794000,-0.022527,-0.044678
9.796000,-0.022310,-0.044254
9.798000,-0.022092,-0.043829
9.800000,-0.021875,-0.043405
9.802000,-0.021657,-0.042980
9.804000,-0.021440,-0.042554
9.806000,-0.021222,-0.042129
9.808000,-0.021004,-0.041703
9.810000,-0.020786,-0.041277
9.812000,-0.020569,-0.040851
9.814000,-0.020351,-0.040424
9.816000,-0.020133,-0.039997
9.818000,-0.019915,-0.039570
9.820000,-0.019697,-0.039143
9.822000,-0.019479,-0.038715
9.824000,-0.019261,-0.038287
9.826000,-0.019043,-0.037859
9.828000,-0.018825,-0.037431
9.830000,-0.018607,-0.037002
9.832000,-0.018389,-0.036573
9.834000,-0.018171,-0.036144
9.836000,-0.017953,-0.035715
9.838000,-0.017735,-0.035286
9.840000,-0.017516,-0.034856
9.842000,-0.017298,-0.034426
9.844000,-0.017080,-0.033996
9.846000,-0.016862,-0.033566
9.848000,-0.016643,-0.033135
9.850000,-0.016425,-0.032704
9.852000,-0.016207,-0.032273
9.854000,-0.015988,-0.031842
9.856000,-0.015770,-0.031411
9.858000,-0.015551,-0.030979
9.860000,-0.015333,-0.030547
9.862000,-0.015114,-0.030115
9.864000,-0.014896,-0.029683
9.866000,-0.014677,-0.029251
9.868000,-0.014459,-0.028818
9.870000,-0.014240,-0.028386
9.872000,-0.014022,-0.027953
9.874000,-0.013803,-0.027520
9.876000,-0.013584,-0.027086
9.878000,-0.013366,-0.026653
9.880000,-0.013147,-0.026219
9.882000,-0.012928,-0.025786
9.884000,-0.012710,-0.025352
9.886000,-0.012491,-0.024918
9.888000,-0.012272,-0.024483
9.890000,-0.012053,-0.024049
9.892000,-0.011834,-0.023614
9.894000,-0.011616,-0.023180
9.896000,-0.011397,-0.022745
9.898000,-0.011178,-0.022310
9.900000,-0.010959,-0.021875
9.902000,-0.010740,-0.021440
9.904000,-0.010521,-0.021004
9.906000,-0.010302,-0.020569
9.908000,-0.010083,-0.020133
9.910000,-0.009864,-0.019697
9.912000,-0.009645,-0.019261
9.914000,-0.009426,-0.018825
9.916000,-0.009207,-0.018389
9.918000,-0.008988,-0.017953
9.920000,-0.008769,-0.017516
9.922000,-0.008550,-0.017080
9.924000,-0.008331,-0.016643
9.926000,-0.008112,-0.016207
9.928000,-0.007893,-0.015770
9.930000,-0.007674,-0.015333
9.932000,-0.007455,-0.014896
9.934000,-0.007236,-0.014459
9.936000,-0.007016,-0.014022
9.938000,-0.006797,-0.013584
9.940000,-0.006578,-0.013147
9.942000,-0.006359,-0.012710
9.944000,-0.006140,-0.012272
9.946000,-0.005921,-0.011834
9.948000,-0.005701,-0.011397
9.950000,-0.005482,-0.010959
9.952000,-0.005263,-0.010521
9.954000,-0.005044,-0.010083
9.956000,-0.004825,-0.009645
9.958000,-0.004605,-0.009207
9.960000,-0.004386,-0.008769
9.962000,-0.004167,-0.008331
9.964000,-0.003948,-0.007893
9.966000,-0.003728,-0.007455
9.968000,-0.003509,-0.007016
9.970000,-0.003290,-0.006578
9.972000,-0.003070,-0.006140
9.974000,-0.002851,-0.005701
9.976000,-0.002632,-0.005263
9.978000,-0.002412,-0.004825
9.980000,-0.002193,-0.004386
9.982000,-0.001974,-0.003948
9.984000,-0.001755,-0.003509
9.986000,-0.001535,-0.003070
9.988000,-0.001316,-0.002632
9.990000,-0.001097,-0.002193
9.992000,-0.000877,-0.001755
9.994000,-0.000658,-0.001316
9.996000,-0.000439,-0.000877
9.998000,-0.000219,-0.000439
10.000000,-0.000000,-0.000000
