time,l_leg_ankle_pitch_joint,l_leg_ankle_roll_joint,r_leg_ankle_pitch_joint,r_leg_ankle_roll_joint
0.000000,-0.172000,0.000000,-0.172000,0.000000
0.002000,-0.171623,0.000151,-0.171623,0.000151
0.004000,-0.171246,0.000302,-0.171246,0.000302
0.006000,-0.170869,0.000452,-0.170869,0.000452
0.008000,-0.170492,0.000603,-0.170492,0.000603
0.010000,-0.170115,0.000754,-0.170115,0.000754
0.012000,-0.169738,0.000905,-0.169738,0.000905
0.014000,-0.169361,0.001056,-0.169361,0.001056
0.016000,-0.168984,0.001206,-0.168984,0.001206
0.018000,-0.168607,0.001357,-0.168607,0.001357
0.020000,-0.168230,0.001508,-0.168230,0.001508
0.022000,-0.167854,0.001659,-0.167854,0.001659
0.024000,-0.167477,0.001809,-0.167477,0.001809
0.026000,-0.167100,0.001960,-0.167100,0.001960
0.028000,-0.166723,0.002111,-0.166723,0.002111
0.030000,-0.166346,0.002262,-0.166346,0.002262
0.032000,-0.165970,0.002413,-0.165970,0.002413
0.034000,-0.165593,0.002563,-0.165593,0.002563
0.036000,-0.165216,0.002714,-0.165216,0.002714
0.038000,-0.164840,0.002865,-0.164840,0.002865
0.040000,-0.164463,0.003016,-0.164463,0.003016
0.042000,-0.164087,0.003166,-0.164087,0.003166
0.044000,-0.163710,0.003317,-0.163710,0.003317
0.046000,-0.163334,0.003468,-0.163334,0.003468
0.048000,-0.162958,0.003619,-0.162958,0.003619
0.050000,-0.162581,0.003769,-0.162581,0.003769
0.052000,-0.162205,0.003920,-0.162205,0.003920
0.054000,-0.161829,0.004071,-0.161829,0.004071
0.056000,-0.161453,0.004221,-0.161453,0.004221
0.058000,-0.161077,0.004372,-0.161077,0.004372
0.060000,-0.160701,0.004523,-0.160701,0.004523
0.062000,-0.160325,0.004674,-0.160325,0.004674
0.064000,-0.159949,0.004824,-0.159949,0.004824
0.066000,-0.159574,0.004975,-0.159574,0.004975
0.068000,-0.159198,0.005126,-0.159198,0.005126
0.070000,-0.158822,0.005276,-0.158822,0.005276
0.072000,-0.158447,0.005427,-0.158447,0.005427
0.074000,-0.158071,0.005577,-0.158071,0.005577
0.076000,-0.157696,0.005728,-0.157696,0.005728
0.078000,-0.157321,0.005879,-0.157321,0.005879
0.080000,-0.156946,0.006029,-0.156946,0.006029
0.082000,-0.156571,0.006180,-0.156571,0.006180
0.084000,-0.156196,0.006331,-0.156196,0.006331
0.086000,-0.155821,0.006481,-0.155821,0.006481
0.088000,-0.155446,0.006632,-0.155446,0.006632
0.090000,-0.155072,0.006782,-0.155072,0.006782
0.092000,-0.154697,0.006933,-0.154697,0.006933
0.094000,-0.154323,0.007083,-0.154323,0.007083
0.096000,-0.153948,0.007234,-0.153948,0.007234
0.098000,-0.153574,0.007384,-0.153574,0.007384
0.100000,-0.153200,0.007535,-0.153200,0.007535
0.102000,-0.152826,0.007685,-0.152826,0.007685
0.104000,-0.152452,0.007836,-0.152452,0.007836
0.106000,-0.152079,0.007986,-0.152079,0.007986
0.108000,-0.151705,0.008137,-0.151705,0.008137
0.110000,-0.151331,0.008287,-0.151331,0.008287
0.112000,-0.150958,0.008438,-0.150958,0.008438
0.114000,-0.150585,0.008588,-0.150585,0.008588
0.116000,-0.150212,0.008738,-0.150212,0.008738
0.118000,-0.149839,0.008889,-0.149839,0.008889
0.120000,-0.149466,0.009039,-0.149466,0.009039
0.122000,-0.149094,0.009190,-0.149094,0.009190
0.124000,-0.148721,0.009340,-0.148721,0.009340
0.126000,-0.148349,0.009490,-0.148349,0.009490
0.128000,-0.147976,0.009641,-0.147976,0.009641
0.130000,-0.147604,0.009791,-0.147604,0.009791
0.132000,-0.147233,0.009941,-0.147233,0.009941
0.134000,-0.146861,0.010091,-0.146861,0.010091
0.136000,-0.146489,0.010242,-0.146489,0.010242
0.138000,-0.146118,0.010392,-0.146118,0.010392
0.140000,-0.145747,0.010542,-0.145747,0.010542
0.142000,-0.145375,0.010692,-0.145375,0.010692
0.144000,-0.145005,0.010843,-0.145005,0.010843
0.146000,-0.144634,0.010993,-0.144634,0.010993
0.148000,-0.144263,0.011143,-0.144263,0.011143
0.150000,-0.143893,0.011293,-0.143893,0.011293
0.152000,-0.143523,0.011443,-0.143523,0.011443
0.154000,-0.143153,0.011593,-0.143153,0.011593
0.156000,-0.142783,0.011743,-0.142783,0.011743
0.158000,-0.142413,0.011893,-0.142413,0.011893
0.160000,-0.142044,0.012043,-0.142044,0.012043
0.162000,-0.141674,0.012193,-0.141674,0.012193
0.164000,-0.141305,0.012343,-0.141305,0.012343
0.166000,-0.140936,0.012493,-0.140936,0.012493
0.168000,-0.140567,0.012643,-0.140567,0.012643
0.170000,-0.140199,0.012793,-0.140199,0.012793
0.172000,-0.139831,0.012943,-0.139831,0.012943
0.174000,-0.139462,0.013093,-0.139462,0.013093
0.176000,-0.139095,0.013243,-0.139095,0.013243
0.178000,-0.138727,0.013393,-0.138727,0.013393
0.180000,-0.138359,0.013543,-0.138359,0.013543
0.182000,-0.137992,0.013693,-0.137992,0.013693
0.184000,-0.137625,0.013842,-0.137625,0.013842
0.186000,-0.137258,0.013992,-0.137258,0.013992
0.188000,-0.136892,0.014142,-0.136892,0.014142
0.190000,-0.136525,0.014292,-0.136525,0.014292
0.192000,-0.136159,0.014441,-0.136159,0.014441
0.194000,-0.135793,0.014591,-0.135793,0.014591
0.196000,-0.135427,0.014741,-0.135427,0.014741
0.198000,-0.135062,0.014890,-0.135062,0.014890
0.200000,-0.134697,0.015040,-0.134697,0.015040
0.202000,-0.134331,0.015190,-0.134331,0.015190
0.204000,-0.133967,0.015339,-0.133967,0.015339
0.206000,-0.133602,0.015489,-0.133602,0.015489
0.208000,-0.133238,0.015638,-0.133238,0.015638
0.210000,-0.132874,0.015788,-0.132874,0.015788
0.212000,-0.132510,0.015937,-0.132510,0.015937
0.214000,-0.132146,0.016087,-0.132146,0.016087
0.216000,-0.131783,0.016236,-0.131783,0.016236
0.218000,-0.131420,0.016385,-0.131420,0.016385
0.220000,-0.131057,0.016535,-0.131057,0.016535
0.222000,-0.130695,0.016684,-0.130695,0.016684
0.224000,-0.130332,0.016833,-0.130332,0.016833
0.226000,-0.129970,0.016983,-0.129970,0.016983
0.228000,-0.129609,0.017132,-0.129609,0.017132
0.230000,-0.129247,0.017281,-0.129247,0.017281
0.232000,-0.128886,0.017431,-0.128886,0.017431
0.234000,-0.128525,0.017580,-0.128525,0.017580
0.236000,-0.128164,0.017729,-0.128164,0.017729
0.238000,-0.127804,0.017878,-0.127804,0.017878
0.240000,-0.127444,0.018027,-0.127444,0.018027
0.242000,-0.127084,0.018176,-0.127084,0.018176
0.244000,-0.126724,0.018325,-0.126724,0.018325
0.246000,-0.126365,0.018474,-0.126365,0.018474
0.248000,-0.126006,0.018623,-0.126006,0.018623
0.250000,-0.125647,0.018772,-0.125647,0.018772
0.252000,-0.125289,0.018921,-0.125289,0.018921
0.254000,-0.124931,0.019070,-0.124931,0.019070
0.256000,-0.124573,0.019219,-0.124573,0.019219
0.258000,-0.124216,0.019368,-0.124216,0.019368
0.260000,-0.123858,0.019516,-0.123858,0.019516
0.262000,-0.123502,0.019665,-0.123502,0.019665
0.264000,-0.123145,0.019814,-0.123145,0.019814
0.266000,-0.122789,0.019963,-0.122789,0.019963
0.268000,-0.122433,0.020111,-0.122433,0.020111
0.270000,-0.122077,0.020260,-0.122077,0.020260
0.272000,-0.121722,0.020409,-0.121722,0.020409
0.274000,-0.121367,0.020557,-0.121367,0.020557
0.276000,-0.121012,0.020706,-0.121012,0.020706
0.278000,-0.120658,0.020854,-0.120658,0.020854
0.280000,-0.120304,0.021003,-0.120304,0.021003
0.282000,-0.119950,0.021151,-0.119950,0.021151
0.284000,-0.119596,0.021300,-0.119596,0.021300
0.286000,-0.119243,0.021448,-0.119243,0.021448
0.288000,-0.118891,0.021596,-0.118891,0.021596
0.290000,-0.118538,0.021745,-0.118538,0.021745
0.292000,-0.118186,0.021893,-0.118186,0.021893
0.294000,-0.117834,0.022041,-0.117834,0.022041
0.296000,-0.117483,0.022189,-0.117483,0.022189
0.298000,-0.117132,0.022338,-0.117132,0.022338
0.300000,-0.116781,0.022486,-0.116781,0.022486
0.302000,-0.116431,0.022634,-0.116431,0.022634
0.304000,-0.116081,0.022782,-0.116081,0.022782
0.306000,-0.115731,0.022930,-0.115731,0.022930
0.308000,-0.115382,0.023078,-0.115382,0.023078
0.310000,-0.115033,0.023226,-0.115033,0.023226
0.312000,-0.114685,0.023374,-0.114685,0.023374
0.314000,-0.114336,0.023522,-0.114336,0.023522
0.316000,-0.113989,0.023670,-0.113989,0.023670
0.318000,-0.113641,0.023817,-0.113641,0.023817
0.320000,-0.113294,0.023965,-0.113294,0.023965
0.322000,-0.112947,0.024113,-0.112947,0.024113
0.324000,-0.112601,0.024261,-0.112601,0.024261
0.326000,-0.112255,0.024408,-0.112255,0.024408
0.328000,-0.111909,0.024556,-0.111909,0.024556
0.330000,-0.111564,0.024704,-0.111564,0.024704
0.332000,-0.111219,0.024851,-0.111219,0.024851
0.334000,-0.110875,0.024999,-0.110875,0.024999
0.336000,-0.110531,0.025146,-0.110531,0.025146
0.338000,-0.110187,0.025293,-0.110187,0.025293
0.340000,-0.109844,0.025441,-0.109844,0.025441
0.342000,-0.109501,0.025588,-0.109501,0.025588
0.344000,-0.109158,0.025736,-0.109158,0.025736
0.346000,-0.108816,0.025883,-0.108816,0.025883
0.348000,-0.108474,0.026030,-0.108474,0.026030
0.350000,-0.108133,0.026177,-0.108133,0.026177
0.352000,-0.107792,0.026324,-0.107792,0.026324
0.354000,-0.107452,0.026471,-0.107452,0.026471
0.356000,-0.107112,0.026618,-0.107112,0.026618
0.358000,-0.106772,0.026766,-0.106772,0.026766
0.360000,-0.106433,0.026912,-0.106433,0.026912
0.362000,-0.106094,0.027059,-0.106094,0.027059
0.364000,-0.105755,0.027206,-0.105755,0.027206
0.366000,-0.105417,0.027353,-0.105417,0.027353
0.368000,-0.105080,0.027500,-0.105080,0.027500
0.370000,-0.104743,0.027647,-0.104743,0.027647
0.372000,-0.104406,0.027793,-0.104406,0.027793
0.374000,-0.104069,0.027940,-0.104069,0.027940
0.376000,-0.103734,0.028087,-0.103734,0.028087
0.378000,-0.103398,0.028233,-0.103398,0.028233
0.380000,-0.103063,0.028380,-0.103063,0.028380
0.382000,-0.102728,0.028526,-0.102728,0.028526
0.384000,-0.102394,0.028673,-0.102394,0.028673
0.386000,-0.102061,0.028819,-0.102061,0.028819
0.388000,-0.101727,0.028966,-0.101727,0.028966
0.390000,-0.101394,0.029112,-0.101394,0.029112
0.392000,-0.101062,0.029258,-0.101062,0.029258
0.394000,-0.100730,0.029404,-0.100730,0.029404
0.396000,-0.100399,0.029551,-0.100399,0.029551
0.398000,-0.100068,0.029697,-0.100068,0.029697
0.400000,-0.099737,0.029843,-0.099737,0.029843
0.402000,-0.099407,0.029989,-0.099407,0.029989
0.404000,-0.099077,0.030135,-0.099077,0.030135
0.406000,-0.098748,0.030281,-0.098748,0.030281
0.408000,-0.098419,0.030427,-0.098419,0.030427
0.410000,-0.098091,0.030572,-0.098091,0.030572
0.412000,-0.097763,0.030718,-0.097763,0.030718
0.414000,-0.097436,0.030864,-0.097436,0.030864
0.416000,-0.097109,0.031010,-0.097109,0.031010
0.418000,-0.096782,0.031155,-0.096782,0.031155
0.420000,-0.096457,0.031301,-0.096457,0.031301
0.422000,-0.096131,0.031447,-0.096131,0.031447
0.424000,-0.095806,0.031592,-0.095806,0.031592
0.426000,-0.095482,0.031737,-0.095482,0.031737
0.428000,-0.095158,0.031883,-0.095158,0.031883
0.430000,-0.094834,0.032028,-0.094834,0.032028
0.432000,-0.094511,0.032174,-0.094511,0.032174
0.434000,-0.094188,0.032319,-0.094188,0.032319
0.436000,-0.093866,0.032464,-0.093866,0.032464
0.438000,-0.093545,0.032609,-0.093545,0.032609
0.440000,-0.093224,0.032754,-0.093224,0.032754
0.442000,-0.092903,0.032899,-0.092903,0.032899
0.444000,-0.092583,0.033044,-0.092583,0.033044
0.446000,-0.092264,0.033189,-0.092264,0.033189
0.448000,-0.091945,0.033334,-0.091945,0.033334
0.450000,-0.091626,0.033479,-0.091626,0.033479
0.452000,-0.091308,0.033624,-0.091308,0.033624
0.454000,-0.090990,0.033768,-0.090990,0.033768
0.456000,-0.090673,0.033913,-0.090673,0.033913
0.458000,-0.090357,0.034058,-0.090357,0.034058
0.460000,-0.090041,0.034202,-0.090041,0.034202
0.462000,-0.089725,0.034347,-0.089725,0.034347
0.464000,-0.089410,0.034491,-0.089410,0.034491
0.466000,-0.089096,0.034636,-0.089096,0.034636
0.468000,-0.088782,0.034780,-0.088782,0.034780
0.470000,-0.088469,0.034924,-0.088469,0.034924
0.472000,-0.088156,0.035069,-0.088156,0.035069
0.474000,-0.087843,0.035213,-0.087843,0.035213
0.476000,-0.087532,0.035357,-0.087532,0.035357
0.478000,-0.087220,0.035501,-0.087220,0.035501
0.480000,-0.086910,0.035645,-0.086910,0.035645
0.482000,-0.086599,0.035789,-0.086599,0.035789
0.484000,-0.086290,0.035933,-0.086290,0.035933
0.486000,-0.085981,0.036077,-0.085981,0.036077
0.488000,-0.085672,0.036220,-0.085672,0.036220
0.490000,-0.085364,0.036364,-0.085364,0.036364
0.492000,-0.085057,0.036508,-0.085057,0.036508
0.494000,-0.084750,0.036652,-0.084750,0.036652
0.496000,-0.084443,0.036795,-0.084443,0.036795
0.498000,-0.084137,0.036939,-0.084137,0.036939
0.500000,-0.083832,0.037082,-0.083832,0.037082
0.502000,-0.083527,0.037225,-0.083527,0.037225
0.504000,-0.083223,0.037369,-0.083223,0.037369
0.506000,-0.082920,0.037512,-0.082920,0.037512
0.508000,-0.082617,0.037655,-0.082617,0.037655
0.510000,-0.082314,0.037798,-0.082314,0.037798
0.512000,-0.082012,0.037941,-0.082012,0.037941
0.514000,-0.081711,0.038085,-0.081711,0.038085
0.516000,-0.081410,0.038227,-0.081410,0.038227
0.518000,-0.081110,0.038370,-0.081110,0.038370
0.520000,-0.080810,0.038513,-0.080810,0.038513
0.522000,-0.080511,0.038656,-0.080511,0.038656
0.524000,-0.080213,0.038799,-0.080213,0.038799
0.526000,-0.079915,0.038941,-0.079915,0.038941
0.528000,-0.079618,0.039084,-0.079618,0.039084
0.530000,-0.079321,0.039227,-0.079321,0.039227
0.532000,-0.079025,0.039369,-0.079025,0.039369
0.534000,-0.078729,0.039511,-0.078729,0.039511
0.536000,-0.078434,0.039654,-0.078434,0.039654
0.538000,-0.078140,0.039796,-0.078140,0.039796
0.540000,-0.077846,0.039938,-0.077846,0.039938
0.542000,-0.077553,0.040081,-0.077553,0.040081
0.544000,-0.077261,0.040223,-0.077261,0.040223
0.546000,-0.076969,0.040365,-0.076969,0.040365
0.548000,-0.076677,0.040507,-0.076677,0.040507
0.550000,-0.076386,0.040649,-0.076386,0.040649
0.552000,-0.076096,0.040790,-0.076096,0.040790
0.554000,-0.075807,0.040932,-0.075807,0.040932
0.556000,-0.075518,0.041074,-0.075518,0.041074
0.558000,-0.075229,0.041216,-0.075229,0.041216
0.560000,-0.074942,0.041357,-0.074942,0.041357
0.562000,-0.074654,0.041499,-0.074654,0.041499
0.564000,-0.074368,0.041640,-0.074368,0.041640
0.566000,-0.074082,0.041782,-0.074082,0.041782
0.568000,-0.073797,0.041923,-0.073797,0.041923
0.570000,-0.073512,0.042064,-0.073512,0.042064
0.572000,-0.073228,0.042205,-0.073228,0.042205
0.574000,-0.072945,0.042346,-0.072945,0.042346
0.576000,-0.072662,0.042488,-0.072662,0.042488
0.578000,-0.072380,0.042628,-0.072380,0.042628
0.580000,-0.072098,0.042769,-0.072098,0.042769
0.582000,-0.071817,0.042910,-0.071817,0.042910
0.584000,-0.071537,0.043051,-0.071537,0.043051
0.586000,-0.071257,0.043192,-0.071257,0.043192
0.588000,-0.070978,0.043332,-0.070978,0.043332
0.590000,-0.070700,0.043473,-0.070700,0.043473
0.592000,-0.070422,0.043614,-0.070422,0.043614
0.594000,-0.070145,0.043754,-0.070145,0.043754
0.596000,-0.069869,0.043894,-0.069869,0.043894
0.598000,-0.069593,0.044035,-0.069593,0.044035
0.600000,-0.069318,0.044175,-0.069318,0.044175
0.602000,-0.069043,0.044315,-0.069043,0.044315
0.604000,-0.068770,0.044455,-0.068770,0.044455
0.606000,-0.068496,0.044595,-0.068496,0.044595
0.608000,-0.068224,0.044735,-0.068224,0.044735
0.610000,-0.067952,0.044875,-0.067952,0.044875
0.612000,-0.067681,0.045015,-0.067681,0.045015
0.614000,-0.067410,0.045155,-0.067410,0.045155
0.616000,-0.067140,0.045294,-0.067140,0.045294
0.618000,-0.066871,0.045434,-0.066871,0.045434
0.620000,-0.066603,0.045573,-0.066603,0.045573
0.622000,-0.066335,0.045713,-0.066335,0.045713
0.624000,-0.066067,0.045852,-0.066067,0.045852
0.626000,-0.065801,0.045992,-0.065801,0.045992
0.628000,-0.065535,0.046131,-0.065535,0.046131
0.630000,-0.065270,0.046270,-0.065270,0.046270
0.632000,-0.065005,0.046409,-0.065005,0.046409
0.634000,-0.064741,0.046548,-0.064741,0.046548
0.636000,-0.064478,0.046687,-0.064478,0.046687
0.638000,-0.064215,0.046826,-0.064215,0.046826
0.640000,-0.063954,0.046965,-0.063954,0.046965
0.642000,-0.063692,0.047104,-0.063692,0.047104
0.644000,-0.063432,0.047242,-0.063432,0.047242
0.646000,-0.063172,0.047381,-0.063172,0.047381
0.648000,-0.062913,0.047519,-0.062913,0.047519
0.650000,-0.062655,0.047658,-0.062655,0.047658
0.652000,-0.062397,0.047796,-0.062397,0.047796
0.654000,-0.062140,0.047934,-0.062140,0.047934
0.656000,-0.061884,0.048073,-0.061884,0.048073
0.658000,-0.061628,0.048211,-0.061628,0.048211
0.660000,-0.061373,0.048349,-0.061373,0.048349
0.662000,-0.061119,0.048487,-0.061119,0.048487
0.664000,-0.060865,0.048625,-0.060865,0.048625
0.666000,-0.060612,0.048762,-0.060612,0.048762
0.668000,-0.060360,0.048900,-0.060360,0.048900
0.670000,-0.060109,0.049038,-0.060109,0.049038
0.672000,-0.059858,0.049175,-0.059858,0.049175
0.674000,-0.059608,0.049313,-0.059608,0.049313
0.676000,-0.059359,0.049450,-0.059359,0.049450
0.678000,-0.059110,0.049588,-0.059110,0.049588
0.680000,-0.058862,0.049725,-0.058862,0.049725
0.682000,-0.058615,0.049862,-0.058615,0.049862
0.684000,-0.058369,0.049999,-0.058369,0.049999
0.686000,-0.058123,0.050136,-0.058123,0.050136
0.688000,-0.057878,0.050273,-0.057878,0.050273
0.690000,-0.057634,0.050410,-0.057634,0.050410
0.692000,-0.057390,0.050547,-0.057390,0.050547
0.694000,-0.057147,0.050684,-0.057147,0.050684
0.696000,-0.056905,0.050820,-0.056905,0.050820
0.698000,-0.056664,0.050957,-0.056664,0.050957
0.700000,-0.056423,0.051094,-0.056423,0.051094
0.702000,-0.056183,0.051230,-0.056183,0.051230
0.704000,-0.055944,0.051366,-0.055944,0.051366
0.706000,-0.055705,0.051502,-0.055705,0.051502
0.708000,-0.055468,0.051639,-0.055468,0.051639
0.710000,-0.055231,0.051775,-0.055231,0.051775
0.712000,-0.054994,0.051911,-0.054994,0.051911
0.714000,-0.054759,0.052047,-0.054759,0.052047
0.716000,-0.054524,0.052182,-0.054524,0.052182
0.718000,-0.054290,0.052318,-0.054290,0.052318
0.720000,-0.054057,0.052454,-0.054057,0.052454
0.722000,-0.053824,0.052589,-0.053824,0.052589
0.724000,-0.053592,0.052725,-0.053592,0.052725
0.726000,-0.053361,0.052860,-0.053361,0.052860
0.728000,-0.053131,0.052996,-0.053131,0.052996
0.730000,-0.052901,0.053131,-0.052901,0.053131
0.732000,-0.052673,0.053266,-0.052673,0.053266
0.734000,-0.052445,0.053401,-0.052445,0.053401
0.736000,-0.052217,0.053536,-0.052217,0.053536
0.738000,-0.051991,0.053671,-0.051991,0.053671
0.740000,-0.051765,0.053806,-0.051765,0.053806
0.742000,-0.051540,0.053941,-0.051540,0.053941
0.744000,-0.051316,0.054075,-0.051316,0.054075
0.746000,-0.051092,0.054210,-0.051092,0.054210
0.748000,-0.050869,0.054344,-0.050869,0.054344
0.750000,-0.050647,0.054479,-0.050647,0.054479
0.752000,-0.050426,0.054613,-0.050426,0.054613
0.754000,-0.050206,0.054747,-0.050206,0.054747
0.756000,-0.049986,0.054882,-0.049986,0.054882
0.758000,-0.049767,0.055016,-0.049767,0.055016
0.760000,-0.049549,0.055150,-0.049549,0.055150
0.762000,-0.049332,0.055283,-0.049332,0.055283
0.764000,-0.049115,0.055417,-0.049115,0.055417
0.766000,-0.048899,0.055551,-0.048899,0.055551
0.768000,-0.048684,0.055685,-0.048684,0.055685
0.770000,-0.048470,0.055818,-0.048470,0.055818
0.772000,-0.048257,0.055952,-0.048257,0.055952
0.774000,-0.048044,0.056085,-0.048044,0.056085
0.776000,-0.047832,0.056218,-0.047832,0.056218
0.778000,-0.047621,0.056351,-0.047621,0.056351
0.780000,-0.047411,0.056484,-0.047411,0.056484
0.782000,-0.047201,0.056617,-0.047201,0.056617
0.784000,-0.046992,0.056750,-0.046992,0.056750
0.786000,-0.046784,0.056883,-0.046784,0.056883
0.788000,-0.046577,0.057016,-0.046577,0.057016
0.790000,-0.046371,0.057149,-0.046371,0.057149
0.792000,-0.046165,0.057281,-0.046165,0.057281
0.794000,-0.045960,0.057414,-0.045960,0.057414
0.796000,-0.045756,0.057546,-0.045756,0.057546
0.798000,-0.045553,0.057678,-0.045553,0.057678
0.800000,-0.045351,0.057810,-0.045351,0.057810
0.802000,-0.045149,0.057943,-0.045149,0.057943
0.804000,-0.044948,0.058075,-0.044948,0.058075
0.806000,-0.044748,0.058206,-0.044748,0.058206
0.808000,-0.044549,0.058338,-0.044549,0.058338
0.810000,-0.044351,0.058470,-0.044351,0.058470
0.812000,-0.044153,0.058602,-0.044153,0.058602
0.814000,-0.043956,0.058733,-0.043956,0.058733
0.816000,-0.043761,0.058865,-0.043761,0.058865
0.818000,-0.043565,0.058996,-0.043565,0.058996
0.820000,-0.043371,0.059127,-0.043371,0.059127
0.822000,-0.043177,0.059258,-0.043177,0.059258
0.824000,-0.042985,0.059390,-0.042985,0.059390
0.826000,-0.042793,0.059521,-0.042793,0.059521
0.828000,-0.042602,0.059651,-0.042602,0.059651
0.830000,-0.042411,0.059782,-0.042411,0.059782
0.832000,-0.042222,0.059913,-0.042222,0.059913
0.834000,-0.042033,0.060044,-0.042033,0.060044
0.836000,-0.041846,0.060174,-0.041846,0.060174
0.838000,-0.041659,0.060304,-0.041659,0.060304
0.840000,-0.041472,0.060435,-0.041472,0.060435
0.842000,-0.041287,0.060565,-0.041287,0.060565
0.844000,-0.041103,0.060695,-0.041103,0.060695
0.846000,-0.040919,0.060825,-0.040919,0.060825
0.848000,-0.040736,0.060955,-0.040736,0.060955
0.850000,-0.040554,0.061085,-0.040554,0.061085
0.852000,-0.040373,0.061215,-0.040373,0.061215
0.854000,-0.040192,0.061344,-0.040192,0.061344
0.856000,-0.040013,0.061474,-0.040013,0.061474
0.858000,-0.039834,0.061603,-0.039834,0.061603
0.860000,-0.039656,0.061733,-0.039656,0.061733
0.862000,-0.039479,0.061862,-0.039479,0.061862
0.864000,-0.039303,0.061991,-0.039303,0.061991
0.866000,-0.039128,0.062120,-0.039128,0.062120
0.868000,-0.038953,0.062249,-0.038953,0.062249
0.870000,-0.038780,0.062378,-0.038780,0.062378
0.872000,-0.038607,0.062507,-0.038607,0.062507
0.874000,-0.038435,0.062636,-0.038435,0.062636
0.876000,-0.038264,0.062764,-0.038264,0.062764
0.878000,-0.038093,0.062893,-0.038093,0.062893
0.880000,-0.037924,0.063021,-0.037924,0.063021
0.882000,-0.037755,0.063149,-0.037755,0.063149
0.884000,-0.037587,0.063277,-0.037587,0.063277
0.886000,-0.037420,0.063405,-0.037420,0.063405
0.888000,-0.037254,0.063533,-0.037254,0.063533
0.890000,-0.037089,0.063661,-0.037089,0.063661
0.892000,-0.036925,0.063789,-0.036925,0.063789
0.894000,-0.036761,0.063917,-0.036761,0.063917
0.896000,-0.036599,0.064044,-0.036599,0.064044
0.898000,-0.036437,0.064172,-0.036437,0.064172
0.900000,-0.036276,0.064299,-0.036276,0.064299
0.902000,-0.036116,0.064426,-0.036116,0.064426
0.904000,-0.035957,0.064554,-0.035957,0.064554
0.906000,-0.035798,0.064681,-0.035798,0.064681
0.908000,-0.035641,0.064808,-0.035641,0.064808
0.910000,-0.035484,0.064935,-0.035484,0.064935
0.912000,-0.035328,0.065061,-0.035328,0.065061
0.914000,-0.035173,0.065188,-0.035173,0.065188
0.916000,-0.035019,0.065315,-0.035019,0.065315
0.918000,-0.034866,0.065441,-0.034866,0.065441
0.920000,-0.034714,0.065567,-0.034714,0.065567
0.922000,-0.034562,0.065694,-0.034562,0.065694
0.924000,-0.034412,0.065820,-0.034412,0.065820
0.926000,-0.034262,0.065946,-0.034262,0.065946
0.928000,-0.034113,0.066072,-0.034113,0.066072
0.930000,-0.033965,0.066198,-0.033965,0.066198
0.932000,-0.033818,0.066323,-0.033818,0.066323
0.934000,-0.033672,0.066449,-0.033672,0.066449
0.936000,-0.033527,0.066574,-0.033527,0.066574
0.938000,-0.033382,0.066700,-0.033382,0.066700
0.940000,-0.033238,0.066825,-0.033238,0.066825
0.942000,-0.033096,0.066950,-0.033096,0.066950
0.944000,-0.032954,0.067075,-0.032954,0.067075
0.946000,-0.032813,0.067200,-0.032813,0.067200
0.948000,-0.032673,0.067325,-0.032673,0.067325
0.950000,-0.032534,0.067450,-0.032534,0.067450
0.952000,-0.032395,0.067575,-0.032395,0.067575
0.954000,-0.032258,0.067699,-0.032258,0.067699
0.956000,-0.032121,0.067824,-0.032121,0.067824
0.958000,-0.031985,0.067948,-0.031985,0.067948
0.960000,-0.031851,0.068072,-0.031851,0.068072
0.962000,-0.031717,0.068196,-0.031717,0.068196
0.964000,-0.031584,0.068320,-0.031584,0.068320
0.966000,-0.031452,0.068444,-0.031452,0.068444
0.968000,-0.031320,0.068568,-0.031320,0.068568
0.970000,-0.031190,0.068692,-0.031190,0.068692
0.972000,-0.031060,0.068815,-0.031060,0.068815
0.974000,-0.030932,0.068939,-0.030932,0.068939
0.976000,-0.030804,0.069062,-0.030804,0.069062
0.978000,-0.030677,0.069186,-0.030677,0.069186
0.980000,-0.030551,0.069309,-0.030551,0.069309
0.982000,-0.030426,0.069432,-0.030426,0.069432
0.984000,-0.030302,0.069555,-0.030302,0.069555
0.986000,-0.030179,0.069678,-0.030179,0.069678
0.988000,-0.030057,0.069800,-0.030057,0.069800
0.990000,-0.029935,0.069923,-0.029935,0.069923
0.992000,-0.029815,0.070045,-0.029815,0.070045
0.994000,-0.029695,0.070168,-0.029695,0.070168
0.996000,-0.029576,0.070290,-0.029576,0.070290
0.998000,-0.029458,0.070412,-0.029458,0.070412
1.000000,-0.029342,0.070534,-0.029342,0.070534
1.002000,-0.029225,0.070656,-0.029225,0.070656
1.004000,-0.029110,0.070778,-0.029110,0.070778
1.006000,-0.028996,0.070900,-0.028996,0.070900
1.008000,-0.028883,0.071021,-0.028883,0.071021
1.010000,-0.028770,0.071143,-0.028770,0.071143
1.012000,-0.028659,0.071264,-0.028659,0.071264
1.014000,-0.028548,0.071385,-0.028548,0.071385
1.016000,-0.028438,0.071507,-0.028438,0.071507
1.018000,-0.028330,0.071628,-0.028330,0.071628
1.020000,-0.028222,0.071749,-0.028222,0.071749
1.022000,-0.028115,0.071869,-0.028115,0.071869
1.024000,-0.028009,0.071990,-0.028009,0.071990
1.026000,-0.027903,0.072111,-0.027903,0.072111
1.028000,-0.027799,0.072231,-0.027799,0.072231
1.030000,-0.027696,0.072352,-0.027696,0.072352
1.032000,-0.027593,0.072472,-0.027593,0.072472
1.034000,-0.027492,0.072592,-0.027492,0.072592
1.036000,-0.027391,0.072712,-0.027391,0.072712
1.038000,-0.027292,0.072832,-0.027292,0.072832
1.040000,-0.027193,0.072952,-0.027193,0.072952
1.042000,-0.027095,0.073071,-0.027095,0.073071
1.044000,-0.026998,0.073191,-0.026998,0.073191
1.046000,-0.026902,0.073310,-0.026902,0.073310
1.048000,-0.026807,0.073430,-0.026807,0.073430
1.050000,-0.026713,0.073549,-0.026713,0.073549
1.052000,-0.026619,0.073668,-0.026619,0.073668
1.054000,-0.026527,0.073787,-0.026527,0.073787
1.056000,-0.026435,0.073906,-0.026435,0.073906
1.058000,-0.026345,0.074025,-0.026345,0.074025
1.060000,-0.026255,0.074143,-0.026255,0.074143
1.062000,-0.026167,0.074262,-0.026167,0.074262
1.064000,-0.026079,0.074380,-0.026079,0.074380
1.066000,-0.025992,0.074498,-0.025992,0.074498
1.068000,-0.025906,0.074616,-0.025906,0.074616
1.070000,-0.025821,0.074735,-0.025821,0.074735
1.072000,-0.025737,0.074852,-0.025737,0.074852
1.074000,-0.025654,0.074970,-0.025654,0.074970
1.076000,-0.025571,0.075088,-0.025571,0.075088
1.078000,-0.025490,0.075206,-0.025490,0.075206
1.080000,-0.025410,0.075323,-0.025410,0.075323
1.082000,-0.025330,0.075440,-0.025330,0.075440
1.084000,-0.025252,0.075558,-0.025252,0.075558
1.086000,-0.025174,0.075675,-0.025174,0.075675
1.088000,-0.025097,0.075792,-0.025097,0.075792
1.090000,-0.025022,0.075908,-0.025022,0.075908
1.092000,-0.024947,0.076025,-0.024947,0.076025
1.094000,-0.024873,0.076142,-0.024873,0.076142
1.096000,-0.024800,0.076258,-0.024800,0.076258
1.098000,-0.024728,0.076375,-0.024728,0.076375
1.100000,-0.024657,0.076491,-0.024657,0.076491
1.102000,-0.024587,0.076607,-0.024587,0.076607
1.104000,-0.024517,0.076723,-0.024517,0.076723
1.106000,-0.024449,0.076839,-0.024449,0.076839
1.108000,-0.024382,0.076955,-0.024382,0.076955
1.110000,-0.024315,0.077070,-0.024315,0.077070
1.112000,-0.024250,0.077186,-0.024250,0.077186
1.114000,-0.024185,0.077301,-0.024185,0.077301
1.116000,-0.024122,0.077417,-0.024122,0.077417
1.118000,-0.024059,0.077532,-0.024059,0.077532
1.120000,-0.023997,0.077647,-0.023997,0.077647
1.122000,-0.023936,0.077762,-0.023936,0.077762
1.124000,-0.023876,0.077876,-0.023876,0.077876
1.126000,-0.023817,0.077991,-0.023817,0.077991
1.128000,-0.023759,0.078106,-0.023759,0.078106
1.130000,-0.023702,0.078220,-0.023702,0.078220
1.132000,-0.023646,0.078334,-0.023646,0.078334
1.134000,-0.023591,0.078449,-0.023591,0.078449
1.136000,-0.023537,0.078563,-0.023537,0.078563
1.138000,-0.023483,0.078676,-0.023483,0.078676
1.140000,-0.023431,0.078790,-0.023431,0.078790
1.142000,-0.023379,0.078904,-0.023379,0.078904
1.144000,-0.023329,0.079018,-0.023329,0.079018
1.146000,-0.023279,0.079131,-0.023279,0.079131
1.148000,-0.023231,0.079244,-0.023231,0.079244
1.150000,-0.023183,0.079357,-0.023183,0.079357
1.152000,-0.023136,0.079470,-0.023136,0.079470
1.154000,-0.023090,0.079583,-0.023090,0.079583
1.156000,-0.023045,0.079696,-0.023045,0.079696
1.158000,-0.023001,0.079809,-0.023001,0.079809
1.160000,-0.022958,0.079921,-0.022958,0.079921
1.162000,-0.022916,0.080034,-0.022916,0.080034
1.164000,-0.022875,0.080146,-0.022875,0.080146
1.166000,-0.022835,0.080258,-0.022835,0.080258
1.168000,-0.022796,0.080370,-0.022796,0.080370
1.170000,-0.022757,0.080482,-0.022757,0.080482
1.172000,-0.022720,0.080594,-0.022720,0.080594
1.174000,-0.022684,0.080706,-0.022684,0.080706
1.176000,-0.022648,0.080817,-0.022648,0.080817
1.178000,-0.022614,0.080929,-0.022614,0.080929
1.180000,-0.022580,0.081040,-0.022580,0.081040
1.182000,-0.022547,0.081151,-0.022547,0.081151
1.184000,-0.022516,0.081262,-0.022516,0.081262
1.186000,-0.022485,0.081373,-0.022485,0.081373
1.188000,-0.022455,0.081484,-0.022455,0.081484
1.190000,-0.022426,0.081594,-0.022426,0.081594
1.192000,-0.022398,0.081705,-0.022398,0.081705
1.194000,-0.022371,0.081815,-0.022371,0.081815
1.196000,-0.022345,0.081926,-0.022345,0.081926
1.198000,-0.022320,0.082036,-0.022320,0.082036
1.200000,-0.022296,0.082146,-0.022296,0.082146
1.202000,-0.022273,0.082256,-0.022273,0.082256
1.204000,-0.022251,0.082365,-0.022251,0.082365
1.206000,-0.022229,0.082475,-0.022229,0.082475
1.208000,-0.022209,0.082584,-0.022209,0.082584
1.210000,-0.022189,0.082694,-0.022189,0.082694
1.212000,-0.022171,0.082803,-0.022171,0.082803
1.214000,-0.022153,0.082912,-0.022153,0.082912
1.216000,-0.022137,0.083021,-0.022137,0.083021
1.218000,-0.022121,0.083130,-0.022121,0.083130
1.220000,-0.022107,0.083238,-0.022107,0.083238
1.222000,-0.022093,0.083347,-0.022093,0.083347
1.224000,-0.022080,0.083455,-0.022080,0.083455
1.226000,-0.022068,0.083564,-0.022068,0.083564
1.228000,-0.022057,0.083672,-0.022057,0.083672
1.230000,-0.022047,0.083780,-0.022047,0.083780
1.232000,-0.022038,0.083888,-0.022038,0.083888
1.234000,-0.022030,0.083996,-0.022030,0.083996
1.236000,-0.022023,0.084103,-0.022023,0.084103
1.238000,-0.022017,0.084211,-0.022017,0.084211
1.240000,-0.022012,0.084318,-0.022012,0.084318
1.242000,-0.022008,0.084425,-0.022008,0.084425
1.244000,-0.022004,0.084532,-0.022004,0.084532
1.246000,-0.022002,0.084639,-0.022002,0.084639
1.248000,-0.022000,0.084746,-0.022000,0.084746
1.250000,-0.022000,0.084853,-0.022000,0.084853
1.252000,-0.022000,0.084959,-0.022000,0.084959
1.254000,-0.022002,0.085066,-0.022002,0.085066
1.256000,-0.022004,0.085172,-0.022004,0.085172
1.258000,-0.022008,0.085278,-0.022008,0.085278
1.260000,-0.022012,0.085384,-0.022012,0.085384
1.262000,-0.022017,0.085490,-0.022017,0.085490
1.264000,-0.022023,0.085596,-0.022023,0.085596
1.266000,-0.022030,0.085702,-0.022030,0.085702
1.268000,-0.022038,0.085807,-0.022038,0.085807
1.270000,-0.022047,0.085912,-0.022047,0.085912
1.272000,-0.022057,0.086018,-0.022057,0.086018
1.274000,-0.022068,0.086123,-0.022068,0.086123
1.276000,-0.022080,0.086228,-0.022080,0.086228
1.278000,-0.022093,0.086332,-0.022093,0.086332
1.280000,-0.022107,0.086437,-0.022107,0.086437
1.282000,-0.022121,0.086542,-0.022121,0.086542
1.284000,-0.022137,0.086646,-0.022137,0.086646
1.286000,-0.022153,0.086750,-0.022153,0.086750
1.288000,-0.022171,0.086854,-0.022171,0.086854
1.290000,-0.022189,0.086958,-0.022189,0.086958
1.292000,-0.022209,0.087062,-0.022209,0.087062
1.294000,-0.022229,0.087166,-0.022229,0.087166
1.296000,-0.022251,0.087270,-0.022251,0.087270
1.298000,-0.022273,0.087373,-0.022273,0.087373
1.300000,-0.022296,0.087476,-0.022296,0.087476
1.302000,-0.022320,0.087579,-0.022320,0.087579
1.304000,-0.022345,0.087682,-0.022345,0.087682
1.306000,-0.022371,0.087785,-0.022371,0.087785
1.308000,-0.022398,0.087888,-0.022398,0.087888
1.310000,-0.022426,0.087991,-0.022426,0.087991
1.312000,-0.022455,0.088093,-0.022455,0.088093
1.314000,-0.022485,0.088195,-0.022485,0.088195
1.316000,-0.022516,0.088298,-0.022516,0.088298
1.318000,-0.022547,0.088400,-0.022547,0.088400
1.320000,-0.022580,0.088502,-0.022580,0.088502
1.322000,-0.022614,0.088603,-0.022614,0.088603
1.324000,-0.022648,0.088705,-0.022648,0.088705
1.326000,-0.022684,0.088806,-0.022684,0.088806
1.328000,-0.022720,0.088908,-0.022720,0.088908
1.330000,-0.022757,0.089009,-0.022757,0.089009
1.332000,-0.022796,0.089110,-0.022796,0.089110
1.334000,-0.022835,0.089211,-0.022835,0.089211
1.336000,-0.022875,0.089312,-0.022875,0.089312
1.338000,-0.022916,0.089412,-0.022916,0.089412
1.340000,-0.022958,0.089513,-0.022958,0.089513
1.342000,-0.023001,0.089613,-0.023001,0.089613
1.344000,-0.023045,0.089714,-0.023045,0.089714
1.346000,-0.023090,0.089814,-0.023090,0.089814
1.348000,-0.023136,0.089914,-0.023136,0.089914
1.350000,-0.023183,0.090013,-0.023183,0.090013
1.352000,-0.023231,0.090113,-0.023231,0.090113
1.354000,-0.023279,0.090212,-0.023279,0.090212
1.356000,-0.023329,0.090312,-0.023329,0.090312
1.358000,-0.023379,0.090411,-0.023379,0.090411
1.360000,-0.023431,0.090510,-0.023431,0.090510
1.362000,-0.023483,0.090609,-0.023483,0.090609
1.364000,-0.023537,0.090708,-0.023537,0.090708
1.366000,-0.023591,0.090807,-0.023591,0.090807
1.368000,-0.023646,0.090905,-0.023646,0.090905
1.370000,-0.023702,0.091003,-0.023702,0.091003
1.372000,-0.023759,0.091102,-0.023759,0.091102
1.374000,-0.023817,0.091200,-0.023817,0.091200
1.376000,-0.023876,0.091298,-0.023876,0.091298
1.378000,-0.023936,0.091395,-0.023936,0.091395
1.380000,-0.023997,0.091493,-0.023997,0.091493
1.382000,-0.024059,0.091591,-0.024059,0.091591
1.384000,-0.024122,0.091688,-0.024122,0.091688
1.386000,-0.024185,0.091785,-0.024185,0.091785
1.388000,-0.024250,0.091882,-0.024250,0.091882
1.390000,-0.024315,0.091979,-0.024315,0.091979
1.392000,-0.024382,0.092076,-0.024382,0.092076
1.394000,-0.024449,0.092173,-0.024449,0.092173
1.396000,-0.024517,0.092269,-0.024517,0.092269
1.398000,-0.024587,0.092365,-0.024587,0.092365
1.400000,-0.024657,0.092462,-0.024657,0.092462
1.402000,-0.024728,0.092558,-0.024728,0.092558
1.404000,-0.024800,0.092654,-0.024800,0.092654
1.406000,-0.024873,0.092749,-0.024873,0.092749
1.408000,-0.024947,0.092845,-0.024947,0.092845
1.410000,-0.025022,0.092940,-0.025022,0.092940
1.412000,-0.025097,0.093036,-0.025097,0.093036
1.414000,-0.025174,0.093131,-0.025174,0.093131
1.416000,-0.025252,0.093226,-0.025252,0.093226
1.418000,-0.025330,0.093321,-0.025330,0.093321
1.420000,-0.025410,0.093415,-0.025410,0.093415
1.422000,-0.025490,0.093510,-0.025490,0.093510
1.424000,-0.025571,0.093604,-0.025571,0.093604
1.426000,-0.025654,0.093699,-0.025654,0.093699
1.428000,-0.025737,0.093793,-0.025737,0.093793
1.430000,-0.025821,0.093887,-0.025821,0.093887
1.432000,-0.025906,0.093981,-0.025906,0.093981
1.434000,-0.025992,0.094074,-0.025992,0.094074
1.436000,-0.026079,0.094168,-0.026079,0.094168
1.438000,-0.026167,0.094261,-0.026167,0.094261
1.440000,-0.026255,0.094355,-0.026255,0.094355
1.442000,-0.026345,0.094448,-0.026345,0.094448
1.444000,-0.026435,0.094541,-0.026435,0.094541
1.446000,-0.026527,0.094633,-0.026527,0.094633
1.448000,-0.026619,0.094726,-0.026619,0.094726
1.450000,-0.026713,0.094819,-0.026713,0.094819
1.452000,-0.026807,0.094911,-0.026807,0.094911
1.454000,-0.026902,0.095003,-0.026902,0.095003
1.456000,-0.026998,0.095095,-0.026998,0.095095
1.458000,-0.027095,0.095187,-0.027095,0.095187
1.460000,-0.027193,0.095279,-0.027193,0.095279
1.462000,-0.027292,0.095370,-0.027292,0.095370
1.464000,-0.027391,0.095462,-0.027391,0.095462
1.466000,-0.027492,0.095553,-0.027492,0.095553
1.468000,-0.027593,0.095644,-0.027593,0.095644
1.470000,-0.027696,0.095735,-0.027696,0.095735
1.472000,-0.027799,0.095826,-0.027799,0.095826
1.474000,-0.027903,0.095917,-0.027903,0.095917
1.476000,-0.028009,0.096007,-0.028009,0.096007
1.478000,-0.028115,0.096098,-0.028115,0.096098
1.480000,-0.028222,0.096188,-0.028222,0.096188
1.482000,-0.028330,0.096278,-0.028330,0.096278
1.484000,-0.028438,0.096368,-0.028438,0.096368
1.486000,-0.028548,0.096458,-0.028548,0.096458
1.488000,-0.028659,0.096547,-0.028659,0.096547
1.490000,-0.028770,0.096637,-0.028770,0.096637
1.492000,-0.028883,0.096726,-0.028883,0.096726
1.494000,-0.028996,0.096815,-0.028996,0.096815
1.496000,-0.029110,0.096904,-0.029110,0.096904
1.498000,-0.029225,0.096993,-0.029225,0.096993
1.500000,-0.029342,0.097082,-0.029342,0.097082
1.502000,-0.029458,0.097171,-0.029458,0.097171
1.504000,-0.029576,0.097259,-0.029576,0.097259
1.506000,-0.029695,0.097347,-0.029695,0.097347
1.508000,-0.029815,0.097435,-0.029815,0.097435
1.510000,-0.029935,0.097523,-0.029935,0.097523
1.512000,-0.030057,0.097611,-0.030057,0.097611
1.514000,-0.030179,0.097699,-0.030179,0.097699
1.516000,-0.030302,0.097786,-0.030302,0.097786
1.518000,-0.030426,0.097874,-0.030426,0.097874
1.520000,-0.030551,0.097961,-0.030551,0.097961
1.522000,-0.030677,0.098048,-0.030677,0.098048
1.524000,-0.030804,0.098135,-0.030804,0.098135
1.526000,-0.030932,0.098221,-0.030932,0.098221
1.528000,-0.031060,0.098308,-0.031060,0.098308
1.530000,-0.031190,0.098394,-0.031190,0.098394
1.532000,-0.031320,0.098480,-0.031320,0.098480
1.534000,-0.031452,0.098567,-0.031452,0.098567
1.536000,-0.031584,0.098653,-0.031584,0.098653
1.538000,-0.031717,0.098738,-0.031717,0.098738
1.540000,-0.031851,0.098824,-0.031851,0.098824
1.542000,-0.031985,0.098909,-0.031985,0.098909
1.544000,-0.032121,0.098995,-0.032121,0.098995
1.546000,-0.032258,0.099080,-0.032258,0.099080
1.548000,-0.032395,0.099165,-0.032395,0.099165
1.550000,-0.032534,0.099250,-0.032534,0.099250
1.552000,-0.032673,0.099334,-0.032673,0.099334
1.554000,-0.032813,0.099419,-0.032813,0.099419
1.556000,-0.032954,0.099503,-0.032954,0.099503
1.558000,-0.033096,0.099587,-0.033096,0.099587
1.560000,-0.033238,0.099672,-0.033238,0.099672
1.562000,-0.033382,0.099755,-0.033382,0.099755
1.564000,-0.033527,0.099839,-0.033527,0.099839
1.566000,-0.033672,0.099923,-0.033672,0.099923
1.568000,-0.033818,0.100006,-0.033818,0.100006
1.570000,-0.033965,0.100089,-0.033965,0.100089
1.572000,-0.034113,0.100173,-0.034113,0.100173
1.574000,-0.034262,0.100255,-0.034262,0.100255
1.576000,-0.034412,0.100338,-0.034412,0.100338
1.578000,-0.034562,0.100421,-0.034562,0.100421
1.580000,-0.034714,0.100503,-0.034714,0.100503
1.582000,-0.034866,0.100586,-0.034866,0.100586
1.584000,-0.035019,0.100668,-0.035019,0.100668
1.586000,-0.035173,0.100750,-0.035173,0.100750
1.588000,-0.035328,0.100832,-0.035328,0.100832
1.590000,-0.035484,0.100913,-0.035484,0.100913
1.592000,-0.035641,0.100995,-0.035641,0.100995
1.594000,-0.035798,0.101076,-0.035798,0.101076
1.596000,-0.035957,0.101157,-0.035957,0.101157
1.598000,-0.036116,0.101238,-0.036116,0.101238
1.600000,-0.036276,0.101319,-0.036276,0.101319
1.602000,-0.036437,0.101400,-0.036437,0.101400
1.604000,-0.036599,0.101481,-0.036599,0.101481
1.606000,-0.036761,0.101561,-0.036761,0.101561
1.608000,-0.036925,0.101641,-0.036925,0.101641
1.610000,-0.037089,0.101721,-0.037089,0.101721
1.612000,-0.037254,0.101801,-0.037254,0.101801
1.614000,-0.037420,0.101881,-0.037420,0.101881
1.616000,-0.037587,0.101961,-0.037587,0.101961
1.618000,-0.037755,0.102040,-0.037755,0.102040
1.620000,-0.037924,0.102119,-0.037924,0.102119
1.622000,-0.038093,0.102198,-0.038093,0.102198
1.624000,-0.038264,0.102277,-0.038264,0.102277
1.626000,-0.038435,0.102356,-0.038435,0.102356
1.628000,-0.038607,0.102435,-0.038607,0.102435
1.630000,-0.038780,0.102513,-0.038780,0.102513
1.632000,-0.038953,0.102592,-0.038953,0.102592
1.634000,-0.039128,0.102670,-0.039128,0.102670
1.636000,-0.039303,0.102748,-0.039303,0.102748
1.638000,-0.039479,0.102826,-0.039479,0.102826
1.640000,-0.039656,0.102903,-0.039656,0.102903
1.642000,-0.039834,0.102981,-0.039834,0.102981
1.644000,-0.040013,0.103058,-0.040013,0.103058
1.646000,-0.040192,0.103135,-0.040192,0.103135
1.648000,-0.040373,0.103212,-0.040373,0.103212
1.650000,-0.040554,0.103289,-0.040554,0.103289
1.652000,-0.040736,0.103366,-0.040736,0.103366
1.654000,-0.040919,0.103442,-0.040919,0.103442
1.656000,-0.041103,0.103519,-0.041103,0.103519
1.658000,-0.041287,0.103595,-0.041287,0.103595
1.660000,-0.041472,0.103671,-0.041472,0.103671
1.662000,-0.041659,0.103747,-0.041659,0.103747
1.664000,-0.041846,0.103822,-0.041846,0.103822
1.666000,-0.042033,0.103898,-0.042033,0.103898
1.668000,-0.042222,0.103973,-0.042222,0.103973
1.670000,-0.042411,0.104048,-0.042411,0.104048
1.672000,-0.042602,0.104124,-0.042602,0.104124
1.674000,-0.042793,0.104198,-0.042793,0.104198
1.676000,-0.042985,0.104273,-0.042985,0.104273
1.678000,-0.043177,0.104348,-0.043177,0.104348
1.680000,-0.043371,0.104422,-0.043371,0.104422
1.682000,-0.043565,0.104496,-0.043565,0.104496
1.684000,-0.043761,0.104570,-0.043761,0.104570
1.686000,-0.043956,0.104644,-0.043956,0.104644
1.688000,-0.044153,0.104718,-0.044153,0.104718
1.690000,-0.044351,0.104791,-0.044351,0.104791
1.692000,-0.044549,0.104865,-0.044549,0.104865
1.694000,-0.044748,0.104938,-0.044748,0.104938
1.696000,-0.044948,0.105011,-0.044948,0.105011
1.698000,-0.045149,0.105084,-0.045149,0.105084
1.700000,-0.045351,0.105157,-0.045351,0.105157
1.702000,-0.045553,0.105229,-0.045553,0.105229
1.704000,-0.045756,0.105302,-0.045756,0.105302
1.706000,-0.045960,0.105374,-0.045960,0.105374
1.708000,-0.046165,0.105446,-0.046165,0.105446
1.710000,-0.046371,0.105518,-0.046371,0.105518
1.712000,-0.046577,0.105590,-0.046577,0.105590
1.714000,-0.046784,0.105661,-0.046784,0.105661
1.716000,-0.046992,0.105733,-0.046992,0.105733
1.718000,-0.047201,0.105804,-0.047201,0.105804
1.720000,-0.047411,0.105875,-0.047411,0.105875
1.722000,-0.047621,0.105946,-0.047621,0.105946
1.724000,-0.047832,0.106017,-0.047832,0.106017
1.726000,-0.048044,0.106087,-0.048044,0.106087
1.728000,-0.048257,0.106158,-0.048257,0.106158
1.730000,-0.048470,0.106228,-0.048470,0.106228
1.732000,-0.048684,0.106298,-0.048684,0.106298
1.734000,-0.048899,0.106368,-0.048899,0.106368
1.736000,-0.049115,0.106437,-0.049115,0.106437
1.738000,-0.049332,0.106507,-0.049332,0.106507
1.740000,-0.049549,0.106576,-0.049549,0.106576
1.742000,-0.049767,0.106646,-0.049767,0.106646
1.744000,-0.049986,0.106715,-0.049986,0.106715
1.746000,-0.050206,0.106784,-0.050206,0.106784
1.748000,-0.050426,0.106852,-0.050426,0.106852
1.750000,-0.050647,0.106921,-0.050647,0.106921
1.752000,-0.050869,0.106989,-0.050869,0.106989
1.754000,-0.051092,0.107057,-0.051092,0.107057
1.756000,-0.051316,0.107125,-0.051316,0.107125
1.758000,-0.051540,0.107193,-0.051540,0.107193
1.760000,-0.051765,0.107261,-0.051765,0.107261
1.762000,-0.051991,0.107329,-0.051991,0.107329
1.764000,-0.052217,0.107396,-0.052217,0.107396
1.766000,-0.052445,0.107463,-0.052445,0.107463
1.768000,-0.052673,0.107530,-0.052673,0.107530
1.770000,-0.052901,0.107597,-0.052901,0.107597
1.772000,-0.053131,0.107664,-0.053131,0.107664
1.774000,-0.053361,0.107730,-0.053361,0.107730
1.776000,-0.053592,0.107796,-0.053592,0.107796
1.778000,-0.053824,0.107863,-0.053824,0.107863
1.780000,-0.054057,0.107929,-0.054057,0.107929
1.782000,-0.054290,0.107994,-0.054290,0.107994
1.784000,-0.054524,0.108060,-0.054524,0.108060
1.786000,-0.054759,0.108126,-0.054759,0.108126
1.788000,-0.054994,0.108191,-0.054994,0.108191
1.790000,-0.055231,0.108256,-0.055231,0.108256
1.792000,-0.055468,0.108321,-0.055468,0.108321
1.794000,-0.055705,0.108386,-0.055705,0.108386
1.796000,-0.055944,0.108450,-0.055944,0.108450
1.798000,-0.056183,0.108515,-0.056183,0.108515
1.800000,-0.056423,0.108579,-0.056423,0.108579
1.802000,-0.056664,0.108643,-0.056664,0.108643
1.804000,-0.056905,0.108707,-0.056905,0.108707
1.806000,-0.057147,0.108771,-0.057147,0.108771
1.808000,-0.057390,0.108835,-0.057390,0.108835
1.810000,-0.057634,0.108898,-0.057634,0.108898
1.812000,-0.057878,0.108961,-0.057878,0.108961
1.814000,-0.058123,0.109024,-0.058123,0.109024
1.816000,-0.058369,0.109087,-0.058369,0.109087
1.818000,-0.058615,0.109150,-0.058615,0.109150
1.820000,-0.058862,0.109213,-0.058862,0.109213
1.822000,-0.059110,0.109275,-0.059110,0.109275
1.824000,-0.059359,0.109337,-0.059359,0.109337
1.826000,-0.059608,0.109399,-0.059608,0.109399
1.828000,-0.059858,0.109461,-0.059858,0.109461
1.830000,-0.060109,0.109523,-0.060109,0.109523
1.832000,-0.060360,0.109585,-0.060360,0.109585
1.834000,-0.060612,0.109646,-0.060612,0.109646
1.836000,-0.060865,0.109707,-0.060865,0.109707
1.838000,-0.061119,0.109768,-0.061119,0.109768
1.840000,-0.061373,0.109829,-0.061373,0.109829
1.842000,-0.061628,0.109890,-0.061628,0.109890
1.844000,-0.061884,0.109950,-0.061884,0.109950
1.846000,-0.062140,0.110010,-0.062140,0.110010
1.848000,-0.062397,0.110071,-0.062397,0.110071
1.850000,-0.062655,0.110131,-0.062655,0.110131
1.852000,-0.062913,0.110190,-0.062913,0.110190
1.854000,-0.063172,0.110250,-0.063172,0.110250
1.856000,-0.063432,0.110309,-0.063432,0.110309
1.858000,-0.063692,0.110369,-0.063692,0.110369
1.860000,-0.063954,0.110428,-0.063954,0.110428
1.862000,-0.064215,0.110487,-0.064215,0.110487
1.864000,-0.064478,0.110546,-0.064478,0.110546
1.866000,-0.064741,0.110604,-0.064741,0.110604
1.868000,-0.065005,0.110662,-0.065005,0.110662
1.870000,-0.065270,0.110721,-0.065270,0.110721
1.872000,-0.065535,0.110779,-0.065535,0.110779
1.874000,-0.065801,0.110837,-0.065801,0.110837
1.876000,-0.066067,0.110894,-0.066067,0.110894
1.878000,-0.066335,0.110952,-0.066335,0.110952
1.880000,-0.066603,0.111009,-0.066603,0.111009
1.882000,-0.066871,0.111066,-0.066871,0.111066
1.884000,-0.067140,0.111123,-0.067140,0.111123
1.886000,-0.067410,0.111180,-0.067410,0.111180
1.888000,-0.067681,0.111237,-0.067681,0.111237
1.890000,-0.067952,0.111293,-0.067952,0.111293
1.892000,-0.068224,0.111350,-0.068224,0.111350
1.894000,-0.068496,0.111406,-0.068496,0.111406
1.896000,-0.068770,0.111462,-0.068770,0.111462
1.898000,-0.069043,0.111518,-0.069043,0.111518
1.900000,-0.069318,0.111573,-0.069318,0.111573
1.902000,-0.069593,0.111629,-0.069593,0.111629
1.904000,-0.069869,0.111684,-0.069869,0.111684
1.906000,-0.070145,0.111739,-0.070145,0.111739
1.908000,-0.070422,0.111794,-0.070422,0.111794
1.910000,-0.070700,0.111849,-0.070700,0.111849
1.912000,-0.070978,0.111903,-0.070978,0.111903
1.914000,-0.071257,0.111957,-0.071257,0.111957
1.916000,-0.071537,0.112012,-0.071537,0.112012
1.918000,-0.071817,0.112066,-0.071817,0.112066
1.920000,-0.072098,0.112119,-0.072098,0.112119
1.922000,-0.072380,0.112173,-0.072380,0.112173
1.924000,-0.072662,0.112227,-0.072662,0.112227
1.926000,-0.072945,0.112280,-0.072945,0.112280
1.928000,-0.073228,0.112333,-0.073228,0.112333
1.930000,-0.073512,0.112386,-0.073512,0.112386
1.932000,-0.073797,0.112439,-0.073797,0.112439
1.934000,-0.074082,0.112491,-0.074082,0.112491
1.936000,-0.074368,0.112544,-0.074368,0.112544
1.938000,-0.074654,0.112596,-0.074654,0.112596
1.940000,-0.074942,0.112648,-0.074942,0.112648
1.942000,-0.075229,0.112700,-0.075229,0.112700
1.944000,-0.075518,0.112752,-0.075518,0.112752
1.946000,-0.075807,0.112803,-0.075807,0.112803
1.948000,-0.076096,0.112855,-0.076096,0.112855
1.950000,-0.076386,0.112906,-0.076386,0.112906
1.952000,-0.076677,0.112957,-0.076677,0.112957
1.954000,-0.076969,0.113007,-0.076969,0.113007
1.956000,-0.077261,0.113058,-0.077261,0.113058
1.958000,-0.077553,0.113109,-0.077553,0.113109
1.960000,-0.077846,0.113159,-0.077846,0.113159
1.962000,-0.078140,0.113209,-0.078140,0.113209
1.964000,-0.078434,0.113259,-0.078434,0.113259
1.966000,-0.078729,0.113309,-0.078729,0.113309
1.968000,-0.079025,0.113358,-0.079025,0.113358
1.970000,-0.079321,0.113408,-0.079321,0.113408
1.972000,-0.079618,0.113457,-0.079618,0.113457
1.974000,-0.079915,0.113506,-0.079915,0.113506
1.976000,-0.080213,0.113555,-0.080213,0.113555
1.978000,-0.080511,0.113603,-0.080511,0.113603
1.980000,-0.080810,0.113652,-0.080810,0.113652
1.982000,-0.081110,0.113700,-0.081110,0.113700
1.984000,-0.081410,0.113748,-0.081410,0.113748
1.986000,-0.081711,0.113796,-0.081711,0.113796
1.988000,-0.082012,0.113844,-0.082012,0.113844
1.990000,-0.082314,0.113892,-0.082314,0.113892
1.992000,-0.082617,0.113939,-0.082617,0.113939
1.994000,-0.082920,0.113986,-0.082920,0.113986
1.996000,-0.083223,0.114033,-0.083223,0.114033
1.998000,-0.083527,0.114080,-0.083527,0.114080
2.000000,-0.083832,0.114127,-0.083832,0.114127
2.002000,-0.084137,0.114173,-0.084137,0.114173
2.004000,-0.084443,0.114220,-0.084443,0.114220
2.006000,-0.084750,0.114266,-0.084750,0.114266
2.008000,-0.085057,0.114312,-0.085057,0.114312
2.010000,-0.085364,0.114358,-0.085364,0.114358
2.012000,-0.085672,0.114403,-0.085672,0.114403
2.014000,-0.085981,0.114449,-0.085981,0.114449
2.016000,-0.086290,0.114494,-0.086290,0.114494
2.018000,-0.086599,0.114539,-0.086599,0.114539
2.020000,-0.086910,0.114584,-0.086910,0.114584
2.022000,-0.087220,0.114628,-0.087220,0.114628
2.024000,-0.087532,0.114673,-0.087532,0.114673
2.026000,-0.087843,0.114717,-0.087843,0.114717
2.028000,-0.088156,0.114761,-0.088156,0.114761
2.030000,-0.088469,0.114805,-0.088469,0.114805
2.032000,-0.088782,0.114849,-0.088782,0.114849
2.034000,-0.089096,0.114893,-0.089096,0.114893
2.036000,-0.089410,0.114936,-0.089410,0.114936
2.038000,-0.089725,0.114980,-0.089725,0.114980
2.040000,-0.090041,0.115023,-0.090041,0.115023
2.042000,-0.090357,0.115066,-0.090357,0.115066
2.044000,-0.090673,0.115108,-0.090673,0.115108
2.046000,-0.090990,0.115151,-0.090990,0.115151
2.048000,-0.091308,0.115193,-0.091308,0.115193
2.050000,-0.091626,0.115235,-0.091626,0.115235
2.052000,-0.091945,0.115277,-0.091945,0.115277
2.054000,-0.092264,0.115319,-0.092264,0.115319
2.056000,-0.092583,0.115361,-0.092583,0.115361
2.058000,-0.092903,0.115402,-0.092903,0.115402
2.060000,-0.093224,0.115443,-0.093224,0.115443
2.062000,-0.093545,0.115484,-0.093545,0.115484
2.064000,-0.093866,0.115525,-0.093866,0.115525
2.066000,-0.094188,0.115566,-0.094188,0.115566
2.068000,-0.094511,0.115607,-0.094511,0.115607
2.070000,-0.094834,0.115647,-0.094834,0.115647
2.072000,-0.095158,0.115687,-0.095158,0.115687
2.074000,-0.095482,0.115727,-0.095482,0.115727
2.076000,-0.095806,0.115767,-0.095806,0.115767
2.078000,-0.096131,0.115806,-0.096131,0.115806
2.080000,-0.096457,0.115846,-0.096457,0.115846
2.082000,-0.096782,0.115885,-0.096782,0.115885
2.084000,-0.097109,0.115924,-0.097109,0.115924
2.086000,-0.097436,0.115963,-0.097436,0.115963
2.088000,-0.097763,0.116002,-0.097763,0.116002
2.090000,-0.098091,0.116040,-0.098091,0.116040
2.092000,-0.098419,0.116079,-0.098419,0.116079
2.094000,-0.098748,0.116117,-0.098748,0.116117
2.096000,-0.099077,0.116155,-0.099077,0.116155
2.098000,-0.099407,0.116192,-0.099407,0.116192
2.100000,-0.099737,0.116230,-0.099737,0.116230
2.102000,-0.100068,0.116267,-0.100068,0.116267
2.104000,-0.100399,0.116305,-0.100399,0.116305
2.106000,-0.100730,0.116342,-0.100730,0.116342
2.108000,-0.101062,0.116379,-0.101062,0.116379
2.110000,-0.101394,0.116415,-0.101394,0.116415
2.112000,-0.101727,0.116452,-0.101727,0.116452
2.114000,-0.102061,0.116488,-0.102061,0.116488
2.116000,-0.102394,0.116524,-0.102394,0.116524
2.118000,-0.102728,0.116560,-0.102728,0.116560
2.120000,-0.103063,0.116596,-0.103063,0.116596
2.122000,-0.103398,0.116631,-0.103398,0.116631
2.124000,-0.103734,0.116667,-0.103734,0.116667
2.126000,-0.104069,0.116702,-0.104069,0.116702
2.128000,-0.104406,0.116737,-0.104406,0.116737
2.130000,-0.104743,0.116772,-0.104743,0.116772
2.132000,-0.105080,0.116806,-0.105080,0.116806
2.134000,-0.105417,0.116841,-0.105417,0.116841
2.136000,-0.105755,0.116875,-0.105755,0.116875
2.138000,-0.106094,0.116909,-0.106094,0.116909
2.140000,-0.106433,0.116943,-0.106433,0.116943
2.142000,-0.106772,0.116977,-0.106772,0.116977
2.144000,-0.107112,0.117010,-0.107112,0.117010
2.146000,-0.107452,0.117044,-0.107452,0.117044
2.148000,-0.107792,0.117077,-0.107792,0.117077
2.150000,-0.108133,0.117110,-0.108133,0.117110
2.152000,-0.108474,0.117143,-0.108474,0.117143
2.154000,-0.108816,0.117175,-0.108816,0.117175
2.156000,-0.109158,0.117208,-0.109158,0.117208
2.158000,-0.109501,0.117240,-0.109501,0.117240
2.160000,-0.109844,0.117272,-0.109844,0.117272
2.162000,-0.110187,0.117304,-0.110187,0.117304
2.164000,-0.110531,0.117336,-0.110531,0.117336
2.166000,-0.110875,0.117367,-0.110875,0.117367
2.168000,-0.111219,0.117399,-0.111219,0.117399
2.170000,-0.111564,0.117430,-0.111564,0.117430
2.172000,-0.111909,0.117461,-0.111909,0.117461
2.174000,-0.112255,0.117491,-0.112255,0.117491
2.176000,-0.112601,0.117522,-0.112601,0.117522
2.178000,-0.112947,0.117552,-0.112947,0.117552
2.180000,-0.113294,0.117583,-0.113294,0.117583
2.182000,-0.113641,0.117613,-0.113641,0.117613
2.184000,-0.113989,0.117642,-0.113989,0.117642
2.186000,-0.114336,0.117672,-0.114336,0.117672
2.188000,-0.114685,0.117702,-0.114685,0.117702
2.190000,-0.115033,0.117731,-0.115033,0.117731
2.192000,-0.115382,0.117760,-0.115382,0.117760
2.194000,-0.115731,0.117789,-0.115731,0.117789
2.196000,-0.116081,0.117818,-0.116081,0.117818
2.198000,-0.116431,0.117846,-0.116431,0.117846
2.200000,-0.116781,0.117874,-0.116781,0.117874
2.202000,-0.117132,0.117903,-0.117132,0.117903
2.204000,-0.117483,0.117931,-0.117483,0.117931
2.206000,-0.117834,0.117958,-0.117834,0.117958
2.208000,-0.118186,0.117986,-0.118186,0.117986
2.210000,-0.118538,0.118013,-0.118538,0.118013
2.212000,-0.118891,0.118041,-0.118891,0.118041
2.214000,-0.119243,0.118068,-0.119243,0.118068
2.216000,-0.119596,0.118095,-0.119596,0.118095
2.218000,-0.119950,0.118121,-0.119950,0.118121
2.220000,-0.120304,0.118148,-0.120304,0.118148
2.222000,-0.120658,0.118174,-0.120658,0.118174
2.224000,-0.121012,0.118200,-0.121012,0.118200
2.226000,-0.121367,0.118226,-0.121367,0.118226
2.228000,-0.121722,0.118252,-0.121722,0.118252
2.230000,-0.122077,0.118277,-0.122077,0.118277
2.232000,-0.122433,0.118303,-0.122433,0.118303
2.234000,-0.122789,0.118328,-0.122789,0.118328
2.236000,-0.123145,0.118353,-0.123145,0.118353
2.238000,-0.123502,0.118378,-0.123502,0.118378
2.240000,-0.123858,0.118402,-0.123858,0.118402
2.242000,-0.124216,0.118427,-0.124216,0.118427
2.244000,-0.124573,0.118451,-0.124573,0.118451
2.246000,-0.124931,0.118475,-0.124931,0.118475
2.248000,-0.125289,0.118499,-0.125289,0.118499
2.250000,-0.125647,0.118523,-0.125647,0.118523
2.252000,-0.126006,0.118546,-0.126006,0.118546
2.254000,-0.126365,0.118569,-0.126365,0.118569
2.256000,-0.126724,0.118593,-0.126724,0.118593
2.258000,-0.127084,0.118615,-0.127084,0.118615
2.260000,-0.127444,0.118638,-0.127444,0.118638
2.262000,-0.127804,0.118661,-0.127804,0.118661
2.264000,-0.128164,0.118683,-0.128164,0.118683
2.266000,-0.128525,0.118705,-0.128525,0.118705
2.268000,-0.128886,0.118727,-0.128886,0.118727
2.270000,-0.129247,0.118749,-0.129247,0.118749
2.272000,-0.129609,0.118771,-0.129609,0.118771
2.274000,-0.129970,0.118792,-0.129970,0.118792
2.276000,-0.130332,0.118813,-0.130332,0.118813
2.278000,-0.130695,0.118834,-0.130695,0.118834
2.280000,-0.131057,0.118855,-0.131057,0.118855
2.282000,-0.131420,0.118876,-0.131420,0.118876
2.284000,-0.131783,0.118897,-0.131783,0.118897
2.286000,-0.132146,0.118917,-0.132146,0.118917
2.288000,-0.132510,0.118937,-0.132510,0.118937
2.290000,-0.132874,0.118957,-0.132874,0.118957
2.292000,-0.133238,0.118977,-0.133238,0.118977
2.294000,-0.133602,0.118996,-0.133602,0.118996
2.296000,-0.133967,0.119016,-0.133967,0.119016
2.298000,-0.134331,0.119035,-0.134331,0.119035
2.300000,-0.134697,0.119054,-0.134697,0.119054
2.302000,-0.135062,0.119073,-0.135062,0.119073
2.304000,-0.135427,0.119091,-0.135427,0.119091
2.306000,-0.135793,0.119110,-0.135793,0.119110
2.308000,-0.136159,0.119128,-0.136159,0.119128
2.310000,-0.136525,0.119146,-0.136525,0.119146
2.312000,-0.136892,0.119164,-0.136892,0.119164
2.314000,-0.137258,0.119181,-0.137258,0.119181
2.316000,-0.137625,0.119199,-0.137625,0.119199
2.318000,-0.137992,0.119216,-0.137992,0.119216
2.320000,-0.138359,0.119233,-0.138359,0.119233
2.322000,-0.138727,0.119250,-0.138727,0.119250
2.324000,-0.139095,0.119267,-0.139095,0.119267
2.326000,-0.139462,0.119284,-0.139462,0.119284
2.328000,-0.139831,0.119300,-0.139831,0.119300
2.330000,-0.140199,0.119316,-0.140199,0.119316
2.332000,-0.140567,0.119332,-0.140567,0.119332
2.334000,-0.140936,0.119348,-0.140936,0.119348
2.336000,-0.141305,0.119363,-0.141305,0.119363
2.338000,-0.141674,0.119379,-0.141674,0.119379
2.340000,-0.142044,0.119394,-0.142044,0.119394
2.342000,-0.142413,0.119409,-0.142413,0.119409
2.344000,-0.142783,0.119424,-0.142783,0.119424
2.346000,-0.143153,0.119439,-0.143153,0.119439
2.348000,-0.143523,0.119453,-0.143523,0.119453
2.350000,-0.143893,0.119467,-0.143893,0.119467
2.352000,-0.144263,0.119482,-0.144263,0.119482
2.354000,-0.144634,0.119495,-0.144634,0.119495
2.356000,-0.145005,0.119509,-0.145005,0.119509
2.358000,-0.145375,0.119523,-0.145375,0.119523
2.360000,-0.145747,0.119536,-0.145747,0.119536
2.362000,-0.146118,0.119549,-0.146118,0.119549
2.364000,-0.146489,0.119562,-0.146489,0.119562
2.366000,-0.146861,0.119575,-0.146861,0.119575
2.368000,-0.147233,0.119588,-0.147233,0.119588
2.370000,-0.147604,0.119600,-0.147604,0.119600
2.372000,-0.147976,0.119612,-0.147976,0.119612
2.374000,-0.148349,0.119624,-0.148349,0.119624
2.376000,-0.148721,0.119636,-0.148721,0.119636
2.378000,-0.149094,0.119648,-0.149094,0.119648
2.380000,-0.149466,0.119659,-0.149466,0.119659
2.382000,-0.149839,0.119670,-0.149839,0.119670
2.384000,-0.150212,0.119681,-0.150212,0.119681
2.386000,-0.150585,0.119692,-0.150585,0.119692
2.388000,-0.150958,0.119703,-0.150958,0.119703
2.390000,-0.151331,0.119714,-0.151331,0.119714
2.392000,-0.151705,0.119724,-0.151705,0.119724
2.394000,-0.152079,0.119734,-0.152079,0.119734
2.396000,-0.152452,0.119744,-0.152452,0.119744
2.398000,-0.152826,0.119754,-0.152826,0.119754
2.400000,-0.153200,0.119763,-0.153200,0.119763
2.402000,-0.153574,0.119773,-0.153574,0.119773
2.404000,-0.153948,0.119782,-0.153948,0.119782
2.406000,-0.154323,0.119791,-0.154323,0.119791
2.408000,-0.154697,0.119800,-0.154697,0.119800
2.410000,-0.155072,0.119808,-0.155072,0.119808
2.412000,-0.155446,0.119817,-0.155446,0.119817
2.414000,-0.155821,0.119825,-0.155821,0.119825
2.416000,-0.156196,0.119833,-0.156196,0.119833
2.418000,-0.156571,0.119841,-0.156571,0.119841
2.420000,-0.156946,0.119848,-0.156946,0.119848
2.422000,-0.157321,0.119856,-0.157321,0.119856
2.424000,-0.157696,0.119863,-0.157696,0.119863
2.426000,-0.158071,0.119870,-0.158071,0.119870
2.428000,-0.158447,0.119877,-0.158447,0.119877
2.430000,-0.158822,0.119884,-0.158822,0.119884
2.432000,-0.159198,0.119890,-0.159198,0.119890
2.434000,-0.159574,0.119897,-0.159574,0.119897
2.436000,-0.159949,0.119903,-0.159949,0.119903
2.438000,-0.160325,0.119909,-0.160325,0.119909
2.440000,-0.160701,0.119915,-0.160701,0.119915
2.442000,-0.161077,0.119920,-0.161077,0.119920
2.444000,-0.161453,0.119926,-0.161453,0.119926
2.446000,-0.161829,0.119931,-0.161829,0.119931
2.448000,-0.162205,0.119936,-0.162205,0.119936
2.450000,-0.162581,0.119941,-0.162581,0.119941
2.452000,-0.162958,0.119945,-0.162958,0.119945
2.454000,-0.163334,0.119950,-0.163334,0.119950
2.456000,-0.163710,0.119954,-0.163710,0.119954
2.458000,-0.164087,0.119958,-0.164087,0.119958
2.460000,-0.164463,0.119962,-0.164463,0.119962
2.462000,-0.164840,0.119966,-0.164840,0.119966
2.464000,-0.165216,0.119969,-0.165216,0.119969
2.466000,-0.165593,0.119973,-0.165593,0.119973
2.468000,-0.165970,0.119976,-0.165970,0.119976
2.470000,-0.166346,0.119979,-0.166346,0.119979
2.472000,-0.166723,0.119981,-0.166723,0.119981
2.474000,-0.167100,0.119984,-0.167100,0.119984
2.476000,-0.167477,0.119986,-0.167477,0.119986
2.478000,-0.167854,0.119989,-0.167854,0.119989
2.480000,-0.168230,0.119991,-0.168230,0.119991
2.482000,-0.168607,0.119992,-0.168607,0.119992
2.484000,-0.168984,0.119994,-0.168984,0.119994
2.486000,-0.169361,0.119995,-0.169361,0.119995
2.488000,-0.169738,0.119997,-0.169738,0.119997
2.490000,-0.170115,0.119998,-0.170115,0.119998
2.492000,-0.170492,0.119998,-0.170492,0.119998
2.494000,-0.170869,0.119999,-0.170869,0.119999
2.496000,-0.171246,0.120000,-0.171246,0.120000
2.498000,-0.171623,0.120000,-0.171623,0.120000
2.500000,-0.172000,0.120000,-0.172000,0.120000
2.502000,-0.172377,0.120000,-0.172377,0.120000
2.504000,-0.172754,0.120000,-0.172754,0.120000
2.506000,-0.173131,0.119999,-0.173131,0.119999
2.508000,-0.173508,0.119998,-0.173508,0.119998
2.510000,-0.173885,0.119998,-0.173885,0.119998
2.512000,-0.174262,0.119997,-0.174262,0.119997
2.514000,-0.174639,0.119995,-0.174639,0.119995
2.516000,-0.175016,0.119994,-0.175016,0.119994
2.518000,-0.175393,0.119992,-0.175393,0.119992
2.520000,-0.175770,0.119991,-0.175770,0.119991
2.522000,-0.176146,0.119989,-0.176146,0.119989
2.524000,-0.176523,0.119986,-0.176523,0.119986
2.526000,-0.176900,0.119984,-0.176900,0.119984
2.528000,-0.177277,0.119981,-0.177277,0.119981
2.530000,-0.177654,0.119979,-0.177654,0.119979
2.532000,-0.178030,0.119976,-0.178030,0.119976
2.534000,-0.178407,0.119973,-0.178407,0.119973
2.536000,-0.178784,0.119969,-0.178784,0.119969
2.538000,-0.179160,0.119966,-0.179160,0.119966
2.540000,-0.179537,0.119962,-0.179537,0.119962
2.542000,-0.179913,0.119958,-0.179913,0.119958
2.544000,-0.180290,0.119954,-0.180290,0.119954
2.546000,-0.180666,0.119950,-0.180666,0.119950
2.548000,-0.181042,0.119945,-0.181042,0.119945
2.550000,-0.181419,0.119941,-0.181419,0.119941
2.552000,-0.181795,0.119936,-0.181795,0.119936
2.554000,-0.182171,0.119931,-0.182171,0.119931
2.556000,-0.182547,0.119926,-0.182547,0.119926
2.558000,-0.182923,0.119920,-0.182923,0.119920
2.560000,-0.183299,0.119915,-0.183299,0.119915
2.562000,-0.183675,0.119909,-0.183675,0.119909
2.564000,-0.184051,0.119903,-0.184051,0.119903
2.566000,-0.184426,0.119897,-0.184426,0.119897
2.568000,-0.184802,0.119890,-0.184802,0.119890
2.570000,-0.185178,0.119884,-0.185178,0.119884
2.572000,-0.185553,0.119877,-0.185553,0.119877
2.574000,-0.185929,0.119870,-0.185929,0.119870
2.576000,-0.186304,0.119863,-0.186304,0.119863
2.578000,-0.186679,0.119856,-0.186679,0.119856
2.580000,-0.187054,0.119848,-0.187054,0.119848
2.582000,-0.187429,0.119841,-0.187429,0.119841
2.584000,-0.187804,0.119833,-0.187804,0.119833
2.586000,-0.188179,0.119825,-0.188179,0.119825
2.588000,-0.188554,0.119817,-0.188554,0.119817
2.590000,-0.188928,0.119808,-0.188928,0.119808
2.592000,-0.189303,0.119800,-0.189303,0.119800
2.594000,-0.189677,0.119791,-0.189677,0.119791
2.596000,-0.190052,0.119782,-0.190052,0.119782
2.598000,-0.190426,0.119773,-0.190426,0.119773
2.600000,-0.190800,0.119763,-0.190800,0.119763
2.602000,-0.191174,0.119754,-0.191174,0.119754
2.604000,-0.191548,0.119744,-0.191548,0.119744
2.606000,-0.191921,0.119734,-0.191921,0.119734
2.608000,-0.192295,0.119724,-0.192295,0.119724
2.610000,-0.192669,0.119714,-0.192669,0.119714
2.612000,-0.193042,0.119703,-0.193042,0.119703
2.614000,-0.193415,0.119692,-0.193415,0.119692
2.616000,-0.193788,0.119681,-0.193788,0.119681
2.618000,-0.194161,0.119670,-0.194161,0.119670
2.620000,-0.194534,0.119659,-0.194534,0.119659
2.622000,-0.194906,0.119648,-0.194906,0.119648
2.624000,-0.195279,0.119636,-0.195279,0.119636
2.626000,-0.195651,0.119624,-0.195651,0.119624
2.628000,-0.196024,0.119612,-0.196024,0.119612
2.630000,-0.196396,0.119600,-0.196396,0.119600
2.632000,-0.196767,0.119588,-0.196767,0.119588
2.634000,-0.197139,0.119575,-0.197139,0.119575
2.636000,-0.197511,0.119562,-0.197511,0.119562
2.638000,-0.197882,0.119549,-0.197882,0.119549
2.640000,-0.198253,0.119536,-0.198253,0.119536
2.642000,-0.198625,0.119523,-0.198625,0.119523
2.644000,-0.198995,0.119509,-0.198995,0.119509
2.646000,-0.199366,0.119495,-0.199366,0.119495
2.648000,-0.199737,0.119482,-0.199737,0.119482
2.650000,-0.200107,0.119467,-0.200107,0.119467
2.652000,-0.200477,0.119453,-0.200477,0.119453
2.654000,-0.200847,0.119439,-0.200847,0.119439
2.656000,-0.201217,0.119424,-0.201217,0.119424
2.658000,-0.201587,0.119409,-0.201587,0.119409
2.660000,-0.201956,0.119394,-0.201956,0.119394
2.662000,-0.202326,0.119379,-0.202326,0.119379
2.664000,-0.202695,0.119363,-0.202695,0.119363
2.666000,-0.203064,0.119348,-0.203064,0.119348
2.668000,-0.203433,0.119332,-0.203433,0.119332
2.670000,-0.203801,0.119316,-0.203801,0.119316
2.672000,-0.204169,0.119300,-0.204169,0.119300
2.674000,-0.204538,0.119284,-0.204538,0.119284
2.676000,-0.204905,0.119267,-0.204905,0.119267
2.678000,-0.205273,0.119250,-0.205273,0.119250
2.680000,-0.205641,0.119233,-0.205641,0.119233
2.682000,-0.206008,0.119216,-0.206008,0.119216
2.684000,-0.206375,0.119199,-0.206375,0.119199
2.686000,-0.206742,0.119181,-0.206742,0.119181
2.688000,-0.207108,0.119164,-0.207108,0.119164
2.690000,-0.207475,0.119146,-0.207475,0.119146
2.692000,-0.207841,0.119128,-0.207841,0.119128
2.694000,-0.208207,0.119110,-0.208207,0.119110
2.696000,-0.208573,0.119091,-0.208573,0.119091
2.698000,-0.208938,0.119073,-0.208938,0.119073
2.700000,-0.209303,0.119054,-0.209303,0.119054
2.702000,-0.209669,0.119035,-0.209669,0.119035
2.704000,-0.210033,0.119016,-0.210033,0.119016
2.706000,-0.210398,0.118996,-0.210398,0.118996
2.708000,-0.210762,0.118977,-0.210762,0.118977
2.710000,-0.211126,0.118957,-0.211126,0.118957
2.712000,-0.211490,0.118937,-0.211490,0.118937
2.714000,-0.211854,0.118917,-0.211854,0.118917
2.716000,-0.212217,0.118897,-0.212217,0.118897
2.718000,-0.212580,0.118876,-0.212580,0.118876
2.720000,-0.212943,0.118855,-0.212943,0.118855
2.722000,-0.213305,0.118834,-0.213305,0.118834
2.724000,-0.213668,0.118813,-0.213668,0.118813
2.726000,-0.214030,0.118792,-0.214030,0.118792
2.728000,-0.214391,0.118771,-0.214391,0.118771
2.730000,-0.214753,0.118749,-0.214753,0.118749
2.732000,-0.215114,0.118727,-0.215114,0.118727
2.734000,-0.215475,0.118705,-0.215475,0.118705
2.736000,-0.215836,0.118683,-0.215836,0.118683
2.738000,-0.216196,0.118661,-0.216196,0.118661
2.740000,-0.216556,0.118638,-0.216556,0.118638
2.742000,-0.216916,0.118615,-0.216916,0.118615
2.744000,-0.217276,0.118593,-0.217276,0.118593
2.746000,-0.217635,0.118569,-0.217635,0.118569
2.748000,-0.217994,0.118546,-0.217994,0.118546
2.750000,-0.218353,0.118523,-0.218353,0.118523
2.752000,-0.218711,0.118499,-0.218711,0.118499
2.754000,-0.219069,0.118475,-0.219069,0.118475
2.756000,-0.219427,0.118451,-0.219427,0.118451
2.758000,-0.219784,0.118427,-0.219784,0.118427
2.760000,-0.220142,0.118402,-0.220142,0.118402
2.762000,-0.220498,0.118378,-0.220498,0.118378
2.764000,-0.220855,0.118353,-0.220855,0.118353
2.766000,-0.221211,0.118328,-0.221211,0.118328
2.768000,-0.221567,0.118303,-0.221567,0.118303
2.770000,-0.221923,0.118277,-0.221923,0.118277
2.772000,-0.222278,0.118252,-0.222278,0.118252
2.774000,-0.222633,0.118226,-0.222633,0.118226
2.776000,-0.222988,0.118200,-0.222988,0.118200
2.778000,-0.223342,0.118174,-0.223342,0.118174
2.780000,-0.223696,0.118148,-0.223696,0.118148
2.782000,-0.224050,0.118121,-0.224050,0.118121
2.784000,-0.224404,0.118095,-0.224404,0.118095
2.786000,-0.224757,0.118068,-0.224757,0.118068
2.788000,-0.225109,0.118041,-0.225109,0.118041
2.790000,-0.225462,0.118013,-0.225462,0.118013
2.792000,-0.225814,0.117986,-0.225814,0.117986
2.794000,-0.226166,0.117958,-0.226166,0.117958
2.796000,-0.226517,0.117931,-0.226517,0.117931
2.798000,-0.226868,0.117903,-0.226868,0.117903
2.800000,-0.227219,0.117874,-0.227219,0.117874
2.802000,-0.227569,0.117846,-0.227569,0.117846
2.804000,-0.227919,0.117818,-0.227919,0.117818
2.806000,-0.228269,0.117789,-0.228269,0.117789
2.808000,-0.228618,0.117760,-0.228618,0.117760
2.810000,-0.228967,0.117731,-0.228967,0.117731
2.812000,-0.229315,0.117702,-0.229315,0.117702
2.814000,-0.229664,0.117672,-0.229664,0.117672
2.816000,-0.230011,0.117642,-0.230011,0.117642
2.818000,-0.230359,0.117613,-0.230359,0.117613
2.820000,-0.230706,0.117583,-0.230706,0.117583
2.822000,-0.231053,0.117552,-0.231053,0.117552
2.824000,-0.231399,0.117522,-0.231399,0.117522
2.826000,-0.231745,0.117491,-0.231745,0.117491
2.828000,-0.232091,0.117461,-0.232091,0.117461
2.830000,-0.232436,0.117430,-0.232436,0.117430
2.832000,-0.232781,0.117399,-0.232781,0.117399
2.834000,-0.233125,0.117367,-0.233125,0.117367
2.836000,-0.233469,0.117336,-0.233469,0.117336
2.838000,-0.233813,0.117304,-0.233813,0.117304
2.840000,-0.234156,0.117272,-0.234156,0.117272
2.842000,-0.234499,0.117240,-0.234499,0.117240
2.844000,-0.234842,0.117208,-0.234842,0.117208
2.846000,-0.235184,0.117175,-0.235184,0.117175
2.848000,-0.235526,0.117143,-0.235526,0.117143
2.850000,-0.235867,0.117110,-0.235867,0.117110
2.852000,-0.236208,0.117077,-0.236208,0.117077
2.854000,-0.236548,0.117044,-0.236548,0.117044
2.856000,-0.236888,0.117010,-0.236888,0.117010
2.858000,-0.237228,0.116977,-0.237228,0.116977
2.860000,-0.237567,0.116943,-0.237567,0.116943
2.862000,-0.237906,0.116909,-0.237906,0.116909
2.864000,-0.238245,0.116875,-0.238245,0.116875
2.866000,-0.238583,0.116841,-0.238583,0.116841
2.868000,-0.238920,0.116806,-0.238920,0.116806
2.870000,-0.239257,0.116772,-0.239257,0.116772
2.872000,-0.239594,0.116737,-0.239594,0.116737
2.874000,-0.239931,0.116702,-0.239931,0.116702
2.876000,-0.240266,0.116667,-0.240266,0.116667
2.878000,-0.240602,0.116631,-0.240602,0.116631
2.880000,-0.240937,0.116596,-0.240937,0.116596
2.882000,-0.241272,0.116560,-0.241272,0.116560
2.884000,-0.241606,0.116524,-0.241606,0.116524
2.886000,-0.241939,0.116488,-0.241939,0.116488
2.888000,-0.242273,0.116452,-0.242273,0.116452
2.890000,-0.242606,0.116415,-0.242606,0.116415
2.892000,-0.242938,0.116379,-0.242938,0.116379
2.894000,-0.243270,0.116342,-0.243270,0.116342
2.896000,-0.243601,0.116305,-0.243601,0.116305
2.898000,-0.243932,0.116267,-0.243932,0.116267
2.900000,-0.244263,0.116230,-0.244263,0.116230
2.902000,-0.244593,0.116192,-0.244593,0.116192
2.904000,-0.244923,0.116155,-0.244923,0.116155
2.906000,-0.245252,0.116117,-0.245252,0.116117
2.908000,-0.245581,0.116079,-0.245581,0.116079
2.910000,-0.245909,0.116040,-0.245909,0.116040
2.912000,-0.246237,0.116002,-0.246237,0.116002
2.914000,-0.246564,0.115963,-0.246564,0.115963
2.916000,-0.246891,0.115924,-0.246891,0.115924
2.918000,-0.247218,0.115885,-0.247218,0.115885
2.920000,-0.247543,0.115846,-0.247543,0.115846
2.922000,-0.247869,0.115806,-0.247869,0.115806
2.924000,-0.248194,0.115767,-0.248194,0.115767
2.926000,-0.248518,0.115727,-0.248518,0.115727
2.928000,-0.248842,0.115687,-0.248842,0.115687
2.930000,-0.249166,0.115647,-0.249166,0.115647
2.932000,-0.249489,0.115607,-0.249489,0.115607
2.934000,-0.249812,0.115566,-0.249812,0.115566
2.936000,-0.250134,0.115525,-0.250134,0.115525
2.938000,-0.250455,0.115484,-0.250455,0.115484
2.940000,-0.250776,0.115443,-0.250776,0.115443
2.942000,-0.251097,0.115402,-0.251097,0.115402
2.944000,-0.251417,0.115361,-0.251417,0.115361
2.946000,-0.251736,0.115319,-0.251736,0.115319
2.948000,-0.252055,0.115277,-0.252055,0.115277
2.950000,-0.252374,0.115235,-0.252374,0.115235
2.952000,-0.252692,0.115193,-0.252692,0.115193
2.954000,-0.253010,0.115151,-0.253010,0.115151
2.956000,-0.253327,0.115108,-0.253327,0.115108
2.958000,-0.253643,0.115066,-0.253643,0.115066
2.960000,-0.253959,0.115023,-0.253959,0.115023
2.962000,-0.254275,0.114980,-0.254275,0.114980
2.964000,-0.254590,0.114936,-0.254590,0.114936
2.966000,-0.254904,0.114893,-0.254904,0.114893
2.968000,-0.255218,0.114849,-0.255218,0.114849
2.970000,-0.255531,0.114805,-0.255531,0.114805
2.972000,-0.255844,0.114761,-0.255844,0.114761
2.974000,-0.256157,0.114717,-0.256157,0.114717
2.976000,-0.256468,0.114673,-0.256468,0.114673
2.978000,-0.256780,0.114628,-0.256780,0.114628
2.980000,-0.257090,0.114584,-0.257090,0.114584
2.982000,-0.257401,0.114539,-0.257401,0.114539
2.984000,-0.257710,0.114494,-0.257710,0.114494
2.986000,-0.258019,0.114449,-0.258019,0.114449
2.988000,-0.258328,0.114403,-0.258328,0.114403
2.990000,-0.258636,0.114358,-0.258636,0.114358
2.992000,-0.258943,0.114312,-0.258943,0.114312
2.994000,-0.259250,0.114266,-0.259250,0.114266
2.996000,-0.259557,0.114220,-0.259557,0.114220
2.998000,-0.259863,0.114173,-0.259863,0.114173
3.000000,-0.260168,0.114127,-0.260168,0.114127
3.002000,-0.260473,0.114080,-0.260473,0.114080
3.004000,-0.260777,0.114033,-0.260777,0.114033
3.006000,-0.261080,0.113986,-0.261080,0.113986
3.008000,-0.261383,0.113939,-0.261383,0.113939
3.010000,-0.261686,0.113892,-0.261686,0.113892
3.012000,-0.261988,0.113844,-0.261988,0.113844
3.014000,-0.262289,0.113796,-0.262289,0.113796
3.016000,-0.262590,0.113748,-0.262590,0.113748
3.018000,-0.262890,0.113700,-0.262890,0.113700
3.020000,-0.263190,0.113652,-0.263190,0.113652
3.022000,-0.263489,0.113603,-0.263489,0.113603
3.024000,-0.263787,0.113555,-0.263787,0.113555
3.026000,-0.264085,0.113506,-0.264085,0.113506
3.028000,-0.264382,0.113457,-0.264382,0.113457
3.030000,-0.264679,0.113408,-0.264679,0.113408
3.032000,-0.264975,0.113358,-0.264975,0.113358
3.034000,-0.265271,0.113309,-0.265271,0.113309
3.036000,-0.265566,0.113259,-0.265566,0.113259
3.038000,-0.265860,0.113209,-0.265860,0.113209
3.040000,-0.266154,0.113159,-0.266154,0.113159
3.042000,-0.266447,0.113109,-0.266447,0.113109
3.044000,-0.266739,0.113058,-0.266739,0.113058
3.046000,-0.267031,0.113007,-0.267031,0.113007
3.048000,-0.267323,0.112957,-0.267323,0.112957
3.050000,-0.267614,0.112906,-0.267614,0.112906
3.052000,-0.267904,0.112855,-0.267904,0.112855
3.054000,-0.268193,0.112803,-0.268193,0.112803
3.056000,-0.268482,0.112752,-0.268482,0.112752
3.058000,-0.268771,0.112700,-0.268771,0.112700
3.060000,-0.269058,0.112648,-0.269058,0.112648
3.062000,-0.269346,0.112596,-0.269346,0.112596
3.064000,-0.269632,0.112544,-0.269632,0.112544
3.066000,-0.269918,0.112491,-0.269918,0.112491
3.068000,-0.270203,0.112439,-0.270203,0.112439
3.070000,-0.270488,0.112386,-0.270488,0.112386
3.072000,-0.270772,0.112333,-0.270772,0.112333
3.074000,-0.271055,0.112280,-0.271055,0.112280
3.076000,-0.271338,0.112227,-0.271338,0.112227
3.078000,-0.271620,0.112173,-0.271620,0.112173
3.080000,-0.271902,0.112119,-0.271902,0.112119
3.082000,-0.272183,0.112066,-0.272183,0.112066
3.084000,-0.272463,0.112012,-0.272463,0.112012
3.086000,-0.272743,0.111957,-0.272743,0.111957
3.088000,-0.273022,0.111903,-0.273022,0.111903
3.090000,-0.273300,0.111849,-0.273300,0.111849
3.092000,-0.273578,0.111794,-0.273578,0.111794
3.094000,-0.273855,0.111739,-0.273855,0.111739
3.096000,-0.274131,0.111684,-0.274131,0.111684
3.098000,-0.274407,0.111629,-0.274407,0.111629
3.100000,-0.274682,0.111573,-0.274682,0.111573
3.102000,-0.274957,0.111518,-0.274957,0.111518
3.104000,-0.275230,0.111462,-0.275230,0.111462
3.106000,-0.275504,0.111406,-0.275504,0.111406
3.108000,-0.275776,0.111350,-0.275776,0.111350
3.110000,-0.276048,0.111293,-0.276048,0.111293
3.112000,-0.276319,0.111237,-0.276319,0.111237
3.114000,-0.276590,0.111180,-0.276590,0.111180
3.116000,-0.276860,0.111123,-0.276860,0.111123
3.118000,-0.277129,0.111066,-0.277129,0.111066
3.120000,-0.277397,0.111009,-0.277397,0.111009
3.122000,-0.277665,0.110952,-0.277665,0.110952
3.124000,-0.277933,0.110894,-0.277933,0.110894
3.126000,-0.278199,0.110837,-0.278199,0.110837
3.128000,-0.278465,0.110779,-0.278465,0.110779
3.130000,-0.278730,0.110721,-0.278730,0.110721
3.132000,-0.278995,0.110662,-0.278995,0.110662
3.134000,-0.279259,0.110604,-0.279259,0.110604
3.136000,-0.279522,0.110546,-0.279522,0.110546
3.138000,-0.279785,0.110487,-0.279785,0.110487
3.140000,-0.280046,0.110428,-0.280046,0.110428
3.142000,-0.280308,0.110369,-0.280308,0.110369
3.144000,-0.280568,0.110309,-0.280568,0.110309
3.146000,-0.280828,0.110250,-0.280828,0.110250
3.148000,-0.281087,0.110190,-0.281087,0.110190
3.150000,-0.281345,0.110131,-0.281345,0.110131
3.152000,-0.281603,0.110071,-0.281603,0.110071
3.154000,-0.281860,0.110010,-0.281860,0.110010
3.156000,-0.282116,0.109950,-0.282116,0.109950
3.158000,-0.282372,0.109890,-0.282372,0.109890
3.160000,-0.282627,0.109829,-0.282627,0.109829
3.162000,-0.282881,0.109768,-0.282881,0.109768
3.164000,-0.283135,0.109707,-0.283135,0.109707
3.166000,-0.283388,0.109646,-0.283388,0.109646
3.168000,-0.283640,0.109585,-0.283640,0.109585
3.170000,-0.283891,0.109523,-0.283891,0.109523
3.172000,-0.284142,0.109461,-0.284142,0.109461
3.174000,-0.284392,0.109399,-0.284392,0.109399
3.176000,-0.284641,0.109337,-0.284641,0.109337
3.178000,-0.284890,0.109275,-0.284890,0.109275
3.180000,-0.285138,0.109213,-0.285138,0.109213
3.182000,-0.285385,0.109150,-0.285385,0.109150
3.184000,-0.285631,0.109087,-0.285631,0.109087
3.186000,-0.285877,0.109024,-0.285877,0.109024
3.188000,-0.286122,0.108961,-0.286122,0.108961
3.190000,-0.286366,0.108898,-0.286366,0.108898
3.192000,-0.286610,0.108835,-0.286610,0.108835
3.194000,-0.286853,0.108771,-0.286853,0.108771
3.196000,-0.287095,0.108707,-0.287095,0.108707
3.198000,-0.287336,0.108643,-0.287336,0.108643
3.200000,-0.287577,0.108579,-0.287577,0.108579
3.202000,-0.287817,0.108515,-0.287817,0.108515
3.204000,-0.288056,0.108450,-0.288056,0.108450
3.206000,-0.288295,0.108386,-0.288295,0.108386
3.208000,-0.288532,0.108321,-0.288532,0.108321
3.210000,-0.288769,0.108256,-0.288769,0.108256
3.212000,-0.289006,0.108191,-0.289006,0.108191
3.214000,-0.289241,0.108126,-0.289241,0.108126
3.216000,-0.289476,0.108060,-0.289476,0.108060
3.218000,-0.289710,0.107994,-0.289710,0.107994
3.220000,-0.289943,0.107929,-0.289943,0.107929
3.222000,-0.290176,0.107863,-0.290176,0.107863
3.224000,-0.290408,0.107796,-0.290408,0.107796
3.226000,-0.290639,0.107730,-0.290639,0.107730
3.228000,-0.290869,0.107664,-0.290869,0.107664
3.230000,-0.291099,0.107597,-0.291099,0.107597
3.232000,-0.291327,0.107530,-0.291327,0.107530
3.234000,-0.291555,0.107463,-0.291555,0.107463
3.236000,-0.291783,0.107396,-0.291783,0.107396
3.238000,-0.292009,0.107329,-0.292009,0.107329
3.240000,-0.292235,0.107261,-0.292235,0.107261
3.242000,-0.292460,0.107193,-0.292460,0.107193
3.244000,-0.292684,0.107125,-0.292684,0.107125
3.246000,-0.292908,0.107057,-0.292908,0.107057
3.248000,-0.293131,0.106989,-0.293131,0.106989
3.250000,-0.293353,0.106921,-0.293353,0.106921
3.252000,-0.293574,0.106852,-0.293574,0.106852
3.254000,-0.293794,0.106784,-0.293794,0.106784
3.256000,-0.294014,0.106715,-0.294014,0.106715
3.258000,-0.294233,0.106646,-0.294233,0.106646
3.260000,-0.294451,0.106576,-0.294451,0.106576
3.262000,-0.294668,0.106507,-0.294668,0.106507
3.264000,-0.294885,0.106437,-0.294885,0.106437
3.266000,-0.295101,0.106368,-0.295101,0.106368
3.268000,-0.295316,0.106298,-0.295316,0.106298
3.270000,-0.295530,0.106228,-0.295530,0.106228
3.272000,-0.295743,0.106158,-0.295743,0.106158
3.274000,-0.295956,0.106087,-0.295956,0.106087
3.276000,-0.296168,0.106017,-0.296168,0.106017
3.278000,-0.296379,0.105946,-0.296379,0.105946
3.280000,-0.296589,0.105875,-0.296589,0.105875
3.282000,-0.296799,0.105804,-0.296799,0.105804
3.284000,-0.297008,0.105733,-0.297008,0.105733
3.286000,-0.297216,0.105661,-0.297216,0.105661
3.288000,-0.297423,0.105590,-0.297423,0.105590
3.290000,-0.297629,0.105518,-0.297629,0.105518
3.292000,-0.297835,0.105446,-0.297835,0.105446
3.294000,-0.298040,0.105374,-0.298040,0.105374
3.296000,-0.298244,0.105302,-0.298244,0.105302
3.298000,-0.298447,0.105229,-0.298447,0.105229
3.300000,-0.298649,0.105157,-0.298649,0.105157
3.302000,-0.298851,0.105084,-0.298851,0.105084
3.304000,-0.299052,0.105011,-0.299052,0.105011
3.306000,-0.299252,0.104938,-0.299252,0.104938
3.308000,-0.299451,0.104865,-0.299451,0.104865
3.310000,-0.299649,0.104791,-0.299649,0.104791
3.312000,-0.299847,0.104718,-0.299847,0.104718
3.314000,-0.300044,0.104644,-0.300044,0.104644
3.316000,-0.300239,0.104570,-0.300239,0.104570
3.318000,-0.300435,0.104496,-0.300435,0.104496
3.320000,-0.300629,0.104422,-0.300629,0.104422
3.322000,-0.300823,0.104348,-0.300823,0.104348
3.324000,-0.301015,0.104273,-0.301015,0.104273
3.326000,-0.301207,0.104198,-0.301207,0.104198
3.328000,-0.301398,0.104124,-0.301398,0.104124
3.330000,-0.301589,0.104048,-0.301589,0.104048
3.332000,-0.301778,0.103973,-0.301778,0.103973
3.334000,-0.301967,0.103898,-0.301967,0.103898
3.336000,-0.302154,0.103822,-0.302154,0.103822
3.338000,-0.302341,0.103747,-0.302341,0.103747
3.340000,-0.302528,0.103671,-0.302528,0.103671
3.342000,-0.302713,0.103595,-0.302713,0.103595
3.344000,-0.302897,0.103519,-0.302897,0.103519
3.346000,-0.303081,0.103442,-0.303081,0.103442
3.348000,-0.303264,0.103366,-0.303264,0.103366
3.350000,-0.303446,0.103289,-0.303446,0.103289
3.352000,-0.303627,0.103212,-0.303627,0.103212
3.354000,-0.303808,0.103135,-0.303808,0.103135
3.356000,-0.303987,0.103058,-0.303987,0.103058
3.358000,-0.304166,0.102981,-0.304166,0.102981
3.360000,-0.304344,0.102903,-0.304344,0.102903
3.362000,-0.304521,0.102826,-0.304521,0.102826
3.364000,-0.304697,0.102748,-0.304697,0.102748
3.366000,-0.304872,0.102670,-0.304872,0.102670
3.368000,-0.305047,0.102592,-0.305047,0.102592
3.370000,-0.305220,0.102513,-0.305220,0.102513
3.372000,-0.305393,0.102435,-0.305393,0.102435
3.374000,-0.305565,0.102356,-0.305565,0.102356
3.376000,-0.305736,0.102277,-0.305736,0.102277
3.378000,-0.305907,0.102198,-0.305907,0.102198
3.380000,-0.306076,0.102119,-0.306076,0.102119
3.382000,-0.306245,0.102040,-0.306245,0.102040
3.384000,-0.306413,0.101961,-0.306413,0.101961
3.386000,-0.306580,0.101881,-0.306580,0.101881
3.388000,-0.306746,0.101801,-0.306746,0.101801
3.390000,-0.306911,0.101721,-0.306911,0.101721
3.392000,-0.307075,0.101641,-0.307075,0.101641
3.394000,-0.307239,0.101561,-0.307239,0.101561
3.396000,-0.307401,0.101481,-0.307401,0.101481
3.398000,-0.307563,0.101400,-0.307563,0.101400
3.400000,-0.307724,0.101319,-0.307724,0.101319
3.402000,-0.307884,0.101238,-0.307884,0.101238
3.404000,-0.308043,0.101157,-0.308043,0.101157
3.406000,-0.308202,0.101076,-0.308202,0.101076
3.408000,-0.308359,0.100995,-0.308359,0.100995
3.410000,-0.308516,0.100913,-0.308516,0.100913
3.412000,-0.308672,0.100832,-0.308672,0.100832
3.414000,-0.308827,0.100750,-0.308827,0.100750
3.416000,-0.308981,0.100668,-0.308981,0.100668
3.418000,-0.309134,0.100586,-0.309134,0.100586
3.420000,-0.309286,0.100503,-0.309286,0.100503
3.422000,-0.309438,0.100421,-0.309438,0.100421
3.424000,-0.309588,0.100338,-0.309588,0.100338
3.426000,-0.309738,0.100255,-0.309738,0.100255
3.428000,-0.309887,0.100173,-0.309887,0.100173
3.430000,-0.310035,0.100089,-0.310035,0.100089
3.432000,-0.310182,0.100006,-0.310182,0.100006
3.434000,-0.310328,0.099923,-0.310328,0.099923
3.436000,-0.310473,0.099839,-0.310473,0.099839
3.438000,-0.310618,0.099755,-0.310618,0.099755
3.440000,-0.310762,0.099672,-0.310762,0.099672
3.442000,-0.310904,0.099587,-0.310904,0.099587
3.444000,-0.311046,0.099503,-0.311046,0.099503
3.446000,-0.311187,0.099419,-0.311187,0.099419
3.448000,-0.311327,0.099334,-0.311327,0.099334
3.450000,-0.311466,0.099250,-0.311466,0.099250
3.452000,-0.311605,0.099165,-0.311605,0.099165
3.454000,-0.311742,0.099080,-0.311742,0.099080
3.456000,-0.311879,0.098995,-0.311879,0.098995
3.458000,-0.312015,0.098909,-0.312015,0.098909
3.460000,-0.312149,0.098824,-0.312149,0.098824
3.462000,-0.312283,0.098738,-0.312283,0.098738
3.464000,-0.312416,0.098653,-0.312416,0.098653
3.466000,-0.312548,0.098567,-0.312548,0.098567
3.468000,-0.312680,0.098480,-0.312680,0.098480
3.470000,-0.312810,0.098394,-0.312810,0.098394
3.472000,-0.312940,0.098308,-0.312940,0.098308
3.474000,-0.313068,0.098221,-0.313068,0.098221
3.476000,-0.313196,0.098135,-0.313196,0.098135
3.478000,-0.313323,0.098048,-0.313323,0.098048
3.480000,-0.313449,0.097961,-0.313449,0.097961
3.482000,-0.313574,0.097874,-0.313574,0.097874
3.484000,-0.313698,0.097786,-0.313698,0.097786
3.486000,-0.313821,0.097699,-0.313821,0.097699
3.488000,-0.313943,0.097611,-0.313943,0.097611
3.490000,-0.314065,0.097523,-0.314065,0.097523
3.492000,-0.314185,0.097435,-0.314185,0.097435
3.494000,-0.314305,0.097347,-0.314305,0.097347
3.496000,-0.314424,0.097259,-0.314424,0.097259
3.498000,-0.314542,0.097171,-0.314542,0.097171
3.500000,-0.314658,0.097082,-0.314658,0.097082
3.502000,-0.314775,0.096993,-0.314775,0.096993
3.504000,-0.314890,0.096904,-0.314890,0.096904
3.506000,-0.315004,0.096815,-0.315004,0.096815
3.508000,-0.315117,0.096726,-0.315117,0.096726
3.510000,-0.315230,0.096637,-0.315230,0.096637
3.512000,-0.315341,0.096547,-0.315341,0.096547
3.514000,-0.315452,0.096458,-0.315452,0.096458
3.516000,-0.315562,0.096368,-0.315562,0.096368
3.518000,-0.315670,0.096278,-0.315670,0.096278
3.520000,-0.315778,0.096188,-0.315778,0.096188
3.522000,-0.315885,0.096098,-0.315885,0.096098
3.524000,-0.315991,0.096007,-0.315991,0.096007
3.526000,-0.316097,0.095917,-0.316097,0.095917
3.528000,-0.316201,0.095826,-0.316201,0.095826
3.530000,-0.316304,0.095735,-0.316304,0.095735
3.532000,-0.316407,0.095644,-0.316407,0.095644
3.534000,-0.316508,0.095553,-0.316508,0.095553
3.536000,-0.316609,0.095462,-0.316609,0.095462
3.538000,-0.316708,0.095370,-0.316708,0.095370
3.540000,-0.316807,0.095279,-0.316807,0.095279
3.542000,-0.316905,0.095187,-0.316905,0.095187
3.544000,-0.317002,0.095095,-0.317002,0.095095
3.546000,-0.317098,0.095003,-0.317098,0.095003
3.548000,-0.317193,0.094911,-0.317193,0.094911
3.550000,-0.317287,0.094819,-0.317287,0.094819
3.552000,-0.317381,0.094726,-0.317381,0.094726
3.554000,-0.317473,0.094633,-0.317473,0.094633
3.556000,-0.317565,0.094541,-0.317565,0.094541
3.558000,-0.317655,0.094448,-0.317655,0.094448
3.560000,-0.317745,0.094355,-0.317745,0.094355
3.562000,-0.317833,0.094261,-0.317833,0.094261
3.564000,-0.317921,0.094168,-0.317921,0.094168
3.566000,-0.318008,0.094074,-0.318008,0.094074
3.568000,-0.318094,0.093981,-0.318094,0.093981
3.570000,-0.318179,0.093887,-0.318179,0.093887
3.572000,-0.318263,0.093793,-0.318263,0.093793
3.574000,-0.318346,0.093699,-0.318346,0.093699
3.576000,-0.318429,0.093604,-0.318429,0.093604
3.578000,-0.318510,0.093510,-0.318510,0.093510
3.580000,-0.318590,0.093415,-0.318590,0.093415
3.582000,-0.318670,0.093321,-0.318670,0.093321
3.584000,-0.318748,0.093226,-0.318748,0.093226
3.586000,-0.318826,0.093131,-0.318826,0.093131
3.588000,-0.318903,0.093036,-0.318903,0.093036
3.590000,-0.318978,0.092940,-0.318978,0.092940
3.592000,-0.319053,0.092845,-0.319053,0.092845
3.594000,-0.319127,0.092749,-0.319127,0.092749
3.596000,-0.319200,0.092654,-0.319200,0.092654
3.598000,-0.319272,0.092558,-0.319272,0.092558
3.600000,-0.319343,0.092462,-0.319343,0.092462
3.602000,-0.319413,0.092365,-0.319413,0.092365
3.604000,-0.319483,0.092269,-0.319483,0.092269
3.606000,-0.319551,0.092173,-0.319551,0.092173
3.608000,-0.319618,0.092076,-0.319618,0.092076
3.610000,-0.319685,0.091979,-0.319685,0.091979
3.612000,-0.319750,0.091882,-0.319750,0.091882
3.614000,-0.319815,0.091785,-0.319815,0.091785
3.616000,-0.319878,0.091688,-0.319878,0.091688
3.618000,-0.319941,0.091591,-0.319941,0.091591
3.620000,-0.320003,0.091493,-0.320003,0.091493
3.622000,-0.320064,0.091395,-0.320064,0.091395
3.624000,-0.320124,0.091298,-0.320124,0.091298
3.626000,-0.320183,0.091200,-0.320183,0.091200
3.628000,-0.320241,0.091102,-0.320241,0.091102
3.630000,-0.320298,0.091003,-0.320298,0.091003
3.632000,-0.320354,0.090905,-0.320354,0.090905
3.634000,-0.320409,0.090807,-0.320409,0.090807
3.636000,-0.320463,0.090708,-0.320463,0.090708
3.638000,-0.320517,0.090609,-0.320517,0.090609
3.640000,-0.320569,0.090510,-0.320569,0.090510
3.642000,-0.320621,0.090411,-0.320621,0.090411
3.644000,-0.320671,0.090312,-0.320671,0.090312
3.646000,-0.320721,0.090212,-0.320721,0.090212
3.648000,-0.320769,0.090113,-0.320769,0.090113
3.650000,-0.320817,0.090013,-0.320817,0.090013
3.652000,-0.320864,0.089914,-0.320864,0.089914
3.654000,-0.320910,0.089814,-0.320910,0.089814
3.656000,-0.320955,0.089714,-0.320955,0.089714
3.658000,-0.320999,0.089613,-0.320999,0.089613
3.660000,-0.321042,0.089513,-0.321042,0.089513
3.662000,-0.321084,0.089412,-0.321084,0.089412
3.664000,-0.321125,0.089312,-0.321125,0.089312
3.666000,-0.321165,0.089211,-0.321165,0.089211
3.668000,-0.321204,0.089110,-0.321204,0.089110
3.670000,-0.321243,0.089009,-0.321243,0.089009
3.672000,-0.321280,0.088908,-0.321280,0.088908
3.674000,-0.321316,0.088806,-0.321316,0.088806
3.676000,-0.321352,0.088705,-0.321352,0.088705
3.678000,-0.321386,0.088603,-0.321386,0.088603
3.680000,-0.321420,0.088502,-0.321420,0.088502
3.682000,-0.321453,0.088400,-0.321453,0.088400
3.684000,-0.321484,0.088298,-0.321484,0.088298
3.686000,-0.321515,0.088195,-0.321515,0.088195
3.688000,-0.321545,0.088093,-0.321545,0.088093
3.690000,-0.321574,0.087991,-0.321574,0.087991
3.692000,-0.321602,0.087888,-0.321602,0.087888
3.694000,-0.321629,0.087785,-0.321629,0.087785
3.696000,-0.321655,0.087682,-0.321655,0.087682
3.698000,-0.321680,0.087579,-0.321680,0.087579
3.700000,-0.321704,0.087476,-0.321704,0.087476
3.702000,-0.321727,0.087373,-0.321727,0.087373
3.704000,-0.321749,0.087270,-0.321749,0.087270
3.706000,-0.321771,0.087166,-0.321771,0.087166
3.708000,-0.321791,0.087062,-0.321791,0.087062
3.710000,-0.321811,0.086958,-0.321811,0.086958
3.712000,-0.321829,0.086854,-0.321829,0.086854
3.714000,-0.321847,0.086750,-0.321847,0.086750
3.716000,-0.321863,0.086646,-0.321863,0.086646
3.718000,-0.321879,0.086542,-0.321879,0.086542
3.720000,-0.321893,0.086437,-0.321893,0.086437
3.722000,-0.321907,0.086332,-0.321907,0.086332
3.724000,-0.321920,0.086228,-0.321920,0.086228
3.726000,-0.321932,0.086123,-0.321932,0.086123
3.728000,-0.321943,0.086018,-0.321943,0.086018
3.730000,-0.321953,0.085912,-0.321953,0.085912
3.732000,-0.321962,0.085807,-0.321962,0.085807
3.734000,-0.321970,0.085702,-0.321970,0.085702
3.736000,-0.321977,0.085596,-0.321977,0.085596
3.738000,-0.321983,0.085490,-0.321983,0.085490
3.740000,-0.321988,0.085384,-0.321988,0.085384
3.742000,-0.321992,0.085278,-0.321992,0.085278
3.744000,-0.321996,0.085172,-0.321996,0.085172
3.746000,-0.321998,0.085066,-0.321998,0.085066
3.748000,-0.322000,0.084959,-0.322000,0.084959
3.750000,-0.322000,0.084853,-0.322000,0.084853
3.752000,-0.322000,0.084746,-0.322000,0.084746
3.754000,-0.321998,0.084639,-0.321998,0.084639
3.756000,-0.321996,0.084532,-0.321996,0.084532
3.758000,-0.321992,0.084425,-0.321992,0.084425
3.760000,-0.321988,0.084318,-0.321988,0.084318
3.762000,-0.321983,0.084211,-0.321983,0.084211
3.764000,-0.321977,0.084103,-0.321977,0.084103
3.766000,-0.321970,0.083996,-0.321970,0.083996
3.768000,-0.321962,0.083888,-0.321962,0.083888
3.770000,-0.321953,0.083780,-0.321953,0.083780
3.772000,-0.321943,0.083672,-0.321943,0.083672
3.774000,-0.321932,0.083564,-0.321932,0.083564
3.776000,-0.321920,0.083455,-0.321920,0.083455
3.778000,-0.321907,0.083347,-0.321907,0.083347
3.780000,-0.321893,0.083238,-0.321893,0.083238
3.782000,-0.321879,0.083130,-0.321879,0.083130
3.784000,-0.321863,0.083021,-0.321863,0.083021
3.786000,-0.321847,0.082912,-0.321847,0.082912
3.788000,-0.321829,0.082803,-0.321829,0.082803
3.790000,-0.321811,0.082694,-0.321811,0.082694
3.792000,-0.321791,0.082584,-0.321791,0.082584
3.794000,-0.321771,0.082475,-0.321771,0.082475
3.796000,-0.321749,0.082365,-0.321749,0.082365
3.798000,-0.321727,0.082256,-0.321727,0.082256
3.800000,-0.321704,0.082146,-0.321704,0.082146
3.802000,-0.321680,0.082036,-0.321680,0.082036
3.804000,-0.321655,0.081926,-0.321655,0.081926
3.806000,-0.321629,0.081815,-0.321629,0.081815
3.808000,-0.321602,0.081705,-0.321602,0.081705
3.810000,-0.321574,0.081594,-0.321574,0.081594
3.812000,-0.321545,0.081484,-0.321545,0.081484
3.814000,-0.321515,0.081373,-0.321515,0.081373
3.816000,-0.321484,0.081262,-0.321484,0.081262
3.818000,-0.321453,0.081151,-0.321453,0.081151
3.820000,-0.321420,0.081040,-0.321420,0.081040
3.822000,-0.321386,0.080929,-0.321386,0.080929
3.824000,-0.321352,0.080817,-0.321352,0.080817
3.826000,-0.321316,0.080706,-0.321316,0.080706
3.828000,-0.321280,0.080594,-0.321280,0.080594
3.830000,-0.321243,0.080482,-0.321243,0.080482
3.832000,-0.321204,0.080370,-0.321204,0.080370
3.834000,-0.321165,0.080258,-0.321165,0.080258
3.836000,-0.321125,0.080146,-0.321125,0.080146
3.838000,-0.321084,0.080034,-0.321084,0.080034
3.840000,-0.321042,0.079921,-0.321042,0.079921
3.842000,-0.320999,0.079809,-0.320999,0.079809
3.844000,-0.320955,0.079696,-0.320955,0.079696
3.846000,-0.320910,0.079583,-0.320910,0.079583
3.848000,-0.320864,0.079470,-0.320864,0.079470
3.850000,-0.320817,0.079357,-0.320817,0.079357
3.852000,-0.320769,0.079244,-0.320769,0.079244
3.854000,-0.320721,0.079131,-0.320721,0.079131
3.856000,-0.320671,0.079018,-0.320671,0.079018
3.858000,-0.320621,0.078904,-0.320621,0.078904
3.860000,-0.320569,0.078790,-0.320569,0.078790
3.862000,-0.320517,0.078676,-0.320517,0.078676
3.864000,-0.320463,0.078563,-0.320463,0.078563
3.866000,-0.320409,0.078449,-0.320409,0.078449
3.868000,-0.320354,0.078334,-0.320354,0.078334
3.870000,-0.320298,0.078220,-0.320298,0.078220
3.872000,-0.320241,0.078106,-0.320241,0.078106
3.874000,-0.320183,0.077991,-0.320183,0.077991
3.876000,-0.320124,0.077876,-0.320124,0.077876
3.878000,-0.320064,0.077762,-0.320064,0.077762
3.880000,-0.320003,0.077647,-0.320003,0.077647
3.882000,-0.319941,0.077532,-0.319941,0.077532
3.884000,-0.319878,0.077417,-0.319878,0.077417
3.886000,-0.319815,0.077301,-0.319815,0.077301
3.888000,-0.319750,0.077186,-0.319750,0.077186
3.890000,-0.319685,0.077070,-0.319685,0.077070
3.892000,-0.319618,0.076955,-0.319618,0.076955
3.894000,-0.319551,0.076839,-0.319551,0.076839
3.896000,-0.319483,0.076723,-0.319483,0.076723
3.898000,-0.319413,0.076607,-0.319413,0.076607
3.900000,-0.319343,0.076491,-0.319343,0.076491
3.902000,-0.319272,0.076375,-0.319272,0.076375
3.904000,-0.319200,0.076258,-0.319200,0.076258
3.906000,-0.319127,0.076142,-0.319127,0.076142
3.908000,-0.319053,0.076025,-0.319053,0.076025
3.910000,-0.318978,0.075908,-0.318978,0.075908
3.912000,-0.318903,0.075792,-0.318903,0.075792
3.914000,-0.318826,0.075675,-0.318826,0.075675
3.916000,-0.318748,0.075558,-0.318748,0.075558
3.918000,-0.318670,0.075440,-0.318670,0.075440
3.920000,-0.318590,0.075323,-0.318590,0.075323
3.922000,-0.318510,0.075206,-0.318510,0.075206
3.924000,-0.318429,0.075088,-0.318429,0.075088
3.926000,-0.318346,0.074970,-0.318346,0.074970
3.928000,-0.318263,0.074852,-0.318263,0.074852
3.930000,-0.318179,0.074735,-0.318179,0.074735
3.932000,-0.318094,0.074616,-0.318094,0.074616
3.934000,-0.318008,0.074498,-0.318008,0.074498
3.936000,-0.317921,0.074380,-0.317921,0.074380
3.938000,-0.317833,0.074262,-0.317833,0.074262
3.940000,-0.317745,0.074143,-0.317745,0.074143
3.942000,-0.317655,0.074025,-0.317655,0.074025
3.944000,-0.317565,0.073906,-0.317565,0.073906
3.946000,-0.317473,0.073787,-0.317473,0.073787
3.948000,-0.317381,0.073668,-0.317381,0.073668
3.950000,-0.317287,0.073549,-0.317287,0.073549
3.952000,-0.317193,0.073430,-0.317193,0.073430
3.954000,-0.317098,0.073310,-0.317098,0.073310
3.956000,-0.317002,0.073191,-0.317002,0.073191
3.958000,-0.316905,0.073071,-0.316905,0.073071
3.960000,-0.316807,0.072952,-0.316807,0.072952
3.962000,-0.316708,0.072832,-0.316708,0.072832
3.964000,-0.316609,0.072712,-0.316609,0.072712
3.966000,-0.316508,0.072592,-0.316508,0.072592
3.968000,-0.316407,0.072472,-0.316407,0.072472
3.970000,-0.316304,0.072352,-0.316304,0.072352
3.972000,-0.316201,0.072231,-0.316201,0.072231
3.974000,-0.316097,0.072111,-0.316097,0.072111
3.976000,-0.315991,0.071990,-0.315991,0.071990
3.978000,-0.315885,0.071869,-0.315885,0.071869
3.980000,-0.315778,0.071749,-0.315778,0.071749
3.982000,-0.315670,0.071628,-0.315670,0.071628
3.984000,-0.315562,0.071507,-0.315562,0.071507
3.986000,-0.315452,0.071385,-0.315452,0.071385
3.988000,-0.315341,0.071264,-0.315341,0.071264
3.990000,-0.315230,0.071143,-0.315230,0.071143
3.992000,-0.315117,0.071021,-0.315117,0.071021
3.994000,-0.315004,0.070900,-0.315004,0.070900
3.996000,-0.314890,0.070778,-0.314890,0.070778
3.998000,-0.314775,0.070656,-0.314775,0.070656
4.000000,-0.314658,0.070534,-0.314658,0.070534
4.002000,-0.314542,0.070412,-0.314542,0.070412
4.004000,-0.314424,0.070290,-0.314424,0.070290
4.006000,-0.314305,0.070168,-0.314305,0.070168
4.008000,-0.314185,0.070045,-0.314185,0.070045
4.010000,-0.314065,0.069923,-0.314065,0.069923
4.012000,-0.313943,0.069800,-0.313943,0.069800
4.014000,-0.313821,0.069678,-0.313821,0.069678
4.016000,-0.313698,0.069555,-0.313698,0.069555
4.018000,-0.313574,0.069432,-0.313574,0.069432
4.020000,-0.313449,0.069309,-0.313449,0.069309
4.022000,-0.313323,0.069186,-0.313323,0.069186
4.024000,-0.313196,0.069062,-0.313196,0.069062
4.026000,-0.313068,0.068939,-0.313068,0.068939
4.028000,-0.312940,0.068815,-0.312940,0.068815
4.030000,-0.312810,0.068692,-0.312810,0.068692
4.032000,-0.312680,0.068568,-0.312680,0.068568
4.034000,-0.312548,0.068444,-0.312548,0.068444
4.036000,-0.312416,0.068320,-0.312416,0.068320
4.038000,-0.312283,0.068196,-0.312283,0.068196
4.040000,-0.312149,0.068072,-0.312149,0.068072
4.042000,-0.312015,0.067948,-0.312015,0.067948
4.044000,-0.311879,0.067824,-0.311879,0.067824
4.046000,-0.311742,0.067699,-0.311742,0.067699
4.048000,-0.311605,0.067575,-0.311605,0.067575
4.050000,-0.311466,0.067450,-0.311466,0.067450
4.052000,-0.311327,0.067325,-0.311327,0.067325
4.054000,-0.311187,0.067200,-0.311187,0.067200
4.056000,-0.311046,0.067075,-0.311046,0.067075
4.058000,-0.310904,0.066950,-0.310904,0.066950
4.060000,-0.310762,0.066825,-0.310762,0.066825
4.062000,-0.310618,0.066700,-0.310618,0.066700
4.064000,-0.310473,0.066574,-0.310473,0.066574
4.066000,-0.310328,0.066449,-0.310328,0.066449
4.068000,-0.310182,0.066323,-0.310182,0.066323
4.070000,-0.310035,0.066198,-0.310035,0.066198
4.072000,-0.309887,0.066072,-0.309887,0.066072
4.074000,-0.309738,0.065946,-0.309738,0.065946
4.076000,-0.309588,0.065820,-0.309588,0.065820
4.078000,-0.309438,0.065694,-0.309438,0.065694
4.080000,-0.309286,0.065567,-0.309286,0.065567
4.082000,-0.309134,0.065441,-0.309134,0.065441
4.084000,-0.308981,0.065315,-0.308981,0.065315
4.086000,-0.308827,0.065188,-0.308827,0.065188
4.088000,-0.308672,0.065061,-0.308672,0.065061
4.090000,-0.308516,0.064935,-0.308516,0.064935
4.092000,-0.308359,0.064808,-0.308359,0.064808
4.094000,-0.308202,0.064681,-0.308202,0.064681
4.096000,-0.308043,0.064554,-0.308043,0.064554
4.098000,-0.307884,0.064426,-0.307884,0.064426
4.100000,-0.307724,0.064299,-0.307724,0.064299
4.102000,-0.307563,0.064172,-0.307563,0.064172
4.104000,-0.307401,0.064044,-0.307401,0.064044
4.106000,-0.307239,0.063917,-0.307239,0.063917
4.108000,-0.307075,0.063789,-0.307075,0.063789
4.110000,-0.306911,0.063661,-0.306911,0.063661
4.112000,-0.306746,0.063533,-0.306746,0.063533
4.114000,-0.306580,0.063405,-0.306580,0.063405
4.116000,-0.306413,0.063277,-0.306413,0.063277
4.118000,-0.306245,0.063149,-0.306245,0.063149
4.120000,-0.306076,0.063021,-0.306076,0.063021
4.122000,-0.305907,0.062893,-0.305907,0.062893
4.124000,-0.305736,0.062764,-0.305736,0.062764
4.126000,-0.305565,0.062636,-0.305565,0.062636
4.128000,-0.305393,0.062507,-0.305393,0.062507
4.130000,-0.305220,0.062378,-0.305220,0.062378
4.132000,-0.305047,0.062249,-0.305047,0.062249
4.134000,-0.304872,0.062120,-0.304872,0.062120
4.136000,-0.304697,0.061991,-0.304697,0.061991
4.138000,-0.304521,0.061862,-0.304521,0.061862
4.140000,-0.304344,0.061733,-0.304344,0.061733
4.142000,-0.304166,0.061603,-0.304166,0.061603
4.144000,-0.303987,0.061474,-0.303987,0.061474
4.146000,-0.303808,0.061344,-0.303808,0.061344
4.148000,-0.303627,0.061215,-0.303627,0.061215
4.150000,-0.303446,0.061085,-0.303446,0.061085
4.152000,-0.303264,0.060955,-0.303264,0.060955
4.154000,-0.303081,0.060825,-0.303081,0.060825
4.156000,-0.302897,0.060695,-0.302897,0.060695
4.158000,-0.302713,0.060565,-0.302713,0.060565
4.160000,-0.302528,0.060435,-0.302528,0.060435
4.162000,-0.302341,0.060304,-0.302341,0.060304
4.164000,-0.302154,0.060174,-0.302154,0.060174
4.166000,-0.301967,0.060044,-0.301967,0.060044
4.168000,-0.301778,0.059913,-0.301778,0.059913
4.170000,-0.301589,0.059782,-0.301589,0.059782
4.172000,-0.301398,0.059651,-0.301398,0.059651
4.174000,-0.301207,0.059521,-0.301207,0.059521
4.176000,-0.301015,0.059390,-0.301015,0.059390
4.178000,-0.300823,0.059258,-0.300823,0.059258
4.180000,-0.300629,0.059127,-0.300629,0.059127
4.182000,-0.300435,0.058996,-0.300435,0.058996
4.184000,-0.300239,0.058865,-0.300239,0.058865
4.186000,-0.300044,0.058733,-0.300044,0.058733
4.188000,-0.299847,0.058602,-0.299847,0.058602
4.190000,-0.299649,0.058470,-0.299649,0.058470
4.192000,-0.299451,0.058338,-0.299451,0.058338
4.194000,-0.299252,0.058206,-0.299252,0.058206
4.196000,-0.299052,0.058075,-0.299052,0.058075
4.198000,-0.298851,0.057943,-0.298851,0.057943
4.200000,-0.298649,0.057810,-0.298649,0.057810
4.202000,-0.298447,0.057678,-0.298447,0.057678
4.204000,-0.298244,0.057546,-0.298244,0.057546
4.206000,-0.298040,0.057414,-0.298040,0.057414
4.208000,-0.297835,0.057281,-0.297835,0.057281
4.210000,-0.297629,0.057149,-0.297629,0.057149
4.212000,-0.297423,0.057016,-0.297423,0.057016
4.214000,-0.297216,0.056883,-0.297216,0.056883
4.216000,-0.297008,0.056750,-0.297008,0.056750
4.218000,-0.296799,0.056617,-0.296799,0.056617
4.220000,-0.296589,0.056484,-0.296589,0.056484
4.222000,-0.296379,0.056351,-0.296379,0.056351
4.224000,-0.296168,0.056218,-0.296168,0.056218
4.226000,-0.295956,0.056085,-0.295956,0.056085
4.228000,-0.295743,0.055952,-0.295743,0.055952
4.230000,-0.295530,0.055818,-0.295530,0.055818
4.232000,-0.295316,0.055685,-0.295316,0.055685
4.234000,-0.295101,0.055551,-0.295101,0.055551
4.236000,-0.294885,0.055417,-0.294885,0.055417
4.238000,-0.294668,0.055283,-0.294668,0.055283
4.240000,-0.294451,0.055150,-0.294451,0.055150
4.242000,-0.294233,0.055016,-0.294233,0.055016
4.244000,-0.294014,0.054882,-0.294014,0.054882
4.246000,-0.293794,0.054747,-0.293794,0.054747
4.248000,-0.293574,0.054613,-0.293574,0.054613
4.250000,-0.293353,0.054479,-0.293353,0.054479
4.252000,-0.293131,0.054344,-0.293131,0.054344
4.254000,-0.292908,0.054210,-0.292908,0.054210
4.256000,-0.292684,0.054075,-0.292684,0.054075
4.258000,-0.292460,0.053941,-0.292460,0.053941
4.260000,-0.292235,0.053806,-0.292235,0.053806
4.262000,-0.292009,0.053671,-0.292009,0.053671
4.264000,-0.291783,0.053536,-0.291783,0.053536
4.266000,-0.291555,0.053401,-0.291555,0.053401
4.268000,-0.291327,0.053266,-0.291327,0.053266
4.270000,-0.291099,0.053131,-0.291099,0.053131
4.272000,-0.290869,0.052996,-0.290869,0.052996
4.274000,-0.290639,0.052860,-0.290639,0.052860
4.276000,-0.290408,0.052725,-0.290408,0.052725
4.278000,-0.290176,0.052589,-0.290176,0.052589
4.280000,-0.289943,0.052454,-0.289943,0.052454
4.282000,-0.289710,0.052318,-0.289710,0.052318
4.284000,-0.289476,0.052182,-0.289476,0.052182
4.286000,-0.289241,0.052047,-0.289241,0.052047
4.288000,-0.289006,0.051911,-0.289006,0.051911
4.290000,-0.288769,0.051775,-0.288769,0.051775
4.292000,-0.288532,0.051639,-0.288532,0.051639
4.294000,-0.288295,0.051502,-0.288295,0.051502
4.296000,-0.288056,0.051366,-0.288056,0.051366
4.298000,-0.287817,0.051230,-0.287817,0.051230
4.300000,-0.287577,0.051094,-0.287577,0.051094
4.302000,-0.287336,0.050957,-0.287336,0.050957
4.304000,-0.287095,0.050820,-0.287095,0.050820
4.306000,-0.286853,0.050684,-0.286853,0.050684
4.308000,-0.286610,0.050547,-0.286610,0.050547
4.310000,-0.286366,0.050410,-0.286366,0.050410
4.312000,-0.286122,0.050273,-0.286122,0.050273
4.314000,-0.285877,0.050136,-0.285877,0.050136
4.316000,-0.285631,0.049999,-0.285631,0.049999
4.318000,-0.285385,0.049862,-0.285385,0.049862
4.320000,-0.285138,0.049725,-0.285138,0.049725
4.322000,-0.284890,0.049588,-0.284890,0.049588
4.324000,-0.284641,0.049450,-0.284641,0.049450
4.326000,-0.284392,0.049313,-0.284392,0.049313
4.328000,-0.284142,0.049175,-0.284142,0.049175
4.330000,-0.283891,0.049038,-0.283891,0.049038
4.332000,-0.283640,0.048900,-0.283640,0.048900
4.334000,-0.283388,0.048762,-0.283388,0.048762
4.336000,-0.283135,0.048625,-0.283135,0.048625
4.338000,-0.282881,0.048487,-0.282881,0.048487
4.340000,-0.282627,0.048349,-0.282627,0.048349
4.342000,-0.282372,0.048211,-0.282372,0.048211
4.344000,-0.282116,0.048073,-0.282116,0.048073
4.346000,-0.281860,0.047934,-0.281860,0.047934
4.348000,-0.281603,0.047796,-0.281603,0.047796
4.350000,-0.281345,0.047658,-0.281345,0.047658
4.352000,-0.281087,0.047519,-0.281087,0.047519
4.354000,-0.280828,0.047381,-0.280828,0.047381
4.356000,-0.280568,0.047242,-0.280568,0.047242
4.358000,-0.280308,0.047104,-0.280308,0.047104
4.360000,-0.280046,0.046965,-0.280046,0.046965
4.362000,-0.279785,0.046826,-0.279785,0.046826
4.364000,-0.279522,0.046687,-0.279522,0.046687
4.366000,-0.279259,0.046548,-0.279259,0.046548
4.368000,-0.278995,0.046409,-0.278995,0.046409
4.370000,-0.278730,0.046270,-0.278730,0.046270
4.372000,-0.278465,0.046131,-0.278465,0.046131
4.374000,-0.278199,0.045992,-0.278199,0.045992
4.376000,-0.277933,0.045852,-0.277933,0.045852
4.378000,-0.277665,0.045713,-0.277665,0.045713
4.380000,-0.277397,0.045573,-0.277397,0.045573
4.382000,-0.277129,0.045434,-0.277129,0.045434
4.384000,-0.276860,0.045294,-0.276860,0.045294
4.386000,-0.276590,0.045155,-0.276590,0.045155
4.388000,-0.276319,0.045015,-0.276319,0.045015
4.390000,-0.276048,0.044875,-0.276048,0.044875
4.392000,-0.275776,0.044735,-0.275776,0.044735
4.394000,-0.275504,0.044595,-0.275504,0.044595
4.396000,-0.275230,0.044455,-0.275230,0.044455
4.398000,-0.274957,0.044315,-0.274957,0.044315
4.400000,-0.274682,0.044175,-0.274682,0.044175
4.402000,-0.274407,0.044035,-0.274407,0.044035
4.404000,-0.274131,0.043894,-0.274131,0.043894
4.406000,-0.273855,0.043754,-0.273855,0.043754
4.408000,-0.273578,0.043614,-0.273578,0.043614
4.410000,-0.273300,0.043473,-0.273300,0.043473
4.412000,-0.273022,0.043332,-0.273022,0.043332
4.414000,-0.272743,0.043192,-0.272743,0.043192
4.416000,-0.272463,0.043051,-0.272463,0.043051
4.418000,-0.272183,0.042910,-0.272183,0.042910
4.420000,-0.271902,0.042769,-0.271902,0.042769
4.422000,-0.271620,0.042628,-0.271620,0.042628
4.424000,-0.271338,0.042488,-0.271338,0.042488
4.426000,-0.271055,0.042346,-0.271055,0.042346
4.428000,-0.270772,0.042205,-0.270772,0.042205
4.430000,-0.270488,0.042064,-0.270488,0.042064
4.432000,-0.270203,0.041923,-0.270203,0.041923
4.434000,-0.269918,0.041782,-0.269918,0.041782
4.436000,-0.269632,0.041640,-0.269632,0.041640
4.438000,-0.269346,0.041499,-0.269346,0.041499
4.440000,-0.269058,0.041357,-0.269058,0.041357
4.442000,-0.268771,0.041216,-0.268771,0.041216
4.444000,-0.268482,0.041074,-0.268482,0.041074
4.446000,-0.268193,0.040932,-0.268193,0.040932
4.448000,-0.267904,0.040790,-0.267904,0.040790
4.450000,-0.267614,0.040649,-0.267614,0.040649
4.452000,-0.267323,0.040507,-0.267323,0.040507
4.454000,-0.267031,0.040365,-0.267031,0.040365
4.456000,-0.266739,0.040223,-0.266739,0.040223
4.458000,-0.266447,0.040081,-0.266447,0.040081
4.460000,-0.266154,0.039938,-0.266154,0.039938
4.462000,-0.265860,0.039796,-0.265860,0.039796
4.464000,-0.265566,0.039654,-0.265566,0.039654
4.466000,-0.265271,0.039511,-0.265271,0.039511
4.468000,-0.264975,0.039369,-0.264975,0.039369
4.470000,-0.264679,0.039227,-0.264679,0.039227
4.472000,-0.264382,0.039084,-0.264382,0.039084
4.474000,-0.264085,0.038941,-0.264085,0.038941
4.476000,-0.263787,0.038799,-0.263787,0.038799
4.478000,-0.263489,0.038656,-0.263489,0.038656
4.480000,-0.263190,0.038513,-0.263190,0.038513
4.482000,-0.262890,0.038370,-0.262890,0.038370
4.484000,-0.262590,0.038227,-0.262590,0.038227
4.486000,-0.262289,0.038085,-0.262289,0.038085
4.488000,-0.261988,0.037941,-0.261988,0.037941
4.490000,-0.261686,0.037798,-0.261686,0.037798
4.492000,-0.261383,0.037655,-0.261383,0.037655
4.494000,-0.261080,0.037512,-0.261080,0.037512
4.496000,-0.260777,0.037369,-0.260777,0.037369
4.498000,-0.260473,0.037225,-0.260473,0.037225
4.500000,-0.260168,0.037082,-0.260168,0.037082
4.502000,-0.259863,0.036939,-0.259863,0.036939
4.504000,-0.259557,0.036795,-0.259557,0.036795
4.506000,-0.259250,0.036652,-0.259250,0.036652
4.508000,-0.258943,0.036508,-0.258943,0.036508
4.510000,-0.258636,0.036364,-0.258636,0.036364
4.512000,-0.258328,0.036220,-0.258328,0.036220
4.514000,-0.258019,0.036077,-0.258019,0.036077
4.516000,-0.257710,0.035933,-0.257710,0.035933
4.518000,-0.257401,0.035789,-0.257401,0.035789
4.520000,-0.257090,0.035645,-0.257090,0.035645
4.522000,-0.256780,0.035501,-0.256780,0.035501
4.524000,-0.256468,0.035357,-0.256468,0.035357
4.526000,-0.256157,0.035213,-0.256157,0.035213
4.528000,-0.255844,0.035069,-0.255844,0.035069
4.530000,-0.255531,0.034924,-0.255531,0.034924
4.532000,-0.255218,0.034780,-0.255218,0.034780
4.534000,-0.254904,0.034636,-0.254904,0.034636
4.536000,-0.254590,0.034491,-0.254590,0.034491
4.538000,-0.254275,0.034347,-0.254275,0.034347
4.540000,-0.253959,0.034202,-0.253959,0.034202
4.542000,-0.253643,0.034058,-0.253643,0.034058
4.544000,-0.253327,0.033913,-0.253327,0.033913
4.546000,-0.253010,0.033768,-0.253010,0.033768
4.548000,-0.252692,0.033624,-0.252692,0.033624
4.550000,-0.252374,0.033479,-0.252374,0.033479
4.552000,-0.252055,0.033334,-0.252055,0.033334
4.554000,-0.251736,0.033189,-0.251736,0.033189
4.556000,-0.251417,0.033044,-0.251417,0.033044
4.558000,-0.251097,0.032899,-0.251097,0.032899
4.560000,-0.250776,0.032754,-0.250776,0.032754
4.562000,-0.250455,0.032609,-0.250455,0.032609
4.564000,-0.250134,0.032464,-0.250134,0.032464
4.566000,-0.249812,0.032319,-0.249812,0.032319
4.568000,-0.249489,0.032174,-0.249489,0.032174
4.570000,-0.249166,0.032028,-0.249166,0.032028
4.572000,-0.248842,0.031883,-0.248842,0.031883
4.574000,-0.248518,0.031737,-0.248518,0.031737
4.576000,-0.248194,0.031592,-0.248194,0.031592
4.578000,-0.247869,0.031447,-0.247869,0.031447
4.580000,-0.247543,0.031301,-0.247543,0.031301
4.582000,-0.247218,0.031155,-0.247218,0.031155
4.584000,-0.246891,0.031010,-0.246891,0.031010
4.586000,-0.246564,0.030864,-0.246564,0.030864
4.588000,-0.246237,0.030718,-0.246237,0.030718
4.590000,-0.245909,0.030572,-0.245909,0.030572
4.592000,-0.245581,0.030427,-0.245581,0.030427
4.594000,-0.245252,0.030281,-0.245252,0.030281
4.596000,-0.244923,0.030135,-0.244923,0.030135
4.598000,-0.244593,0.029989,-0.244593,0.029989
4.600000,-0.244263,0.029843,-0.244263,0.029843
4.602000,-0.243932,0.029697,-0.243932,0.029697
4.604000,-0.243601,0.029551,-0.243601,0.029551
4.606000,-0.243270,0.029404,-0.243270,0.029404
4.608000,-0.242938,0.029258,-0.242938,0.029258
4.610000,-0.242606,0.029112,-0.242606,0.029112
4.612000,-0.242273,0.028966,-0.242273,0.028966
4.614000,-0.241939,0.028819,-0.241939,0.028819
4.616000,-0.241606,0.028673,-0.241606,0.028673
4.618000,-0.241272,0.028526,-0.241272,0.028526
4.620000,-0.240937,0.028380,-0.240937,0.028380
4.622000,-0.240602,0.028233,-0.240602,0.028233
4.624000,-0.240266,0.028087,-0.240266,0.028087
4.626000,-0.239931,0.027940,-0.239931,0.027940
4.628000,-0.239594,0.027793,-0.239594,0.027793
4.630000,-0.239257,0.027647,-0.239257,0.027647
4.632000,-0.238920,0.027500,-0.238920,0.027500
4.634000,-0.238583,0.027353,-0.238583,0.027353
4.636000,-0.238245,0.027206,-0.238245,0.027206
4.638000,-0.237906,0.027059,-0.237906,0.027059
4.640000,-0.237567,0.026912,-0.237567,0.026912
4.642000,-0.237228,0.026766,-0.237228,0.026766
4.644000,-0.236888,0.026618,-0.236888,0.026618
4.646000,-0.236548,0.026471,-0.236548,0.026471
4.648000,-0.236208,0.026324,-0.236208,0.026324
4.650000,-0.235867,0.026177,-0.235867,0.026177
4.652000,-0.235526,0.026030,-0.235526,0.026030
4.654000,-0.235184,0.025883,-0.235184,0.025883
4.656000,-0.234842,0.025736,-0.234842,0.025736
4.658000,-0.234499,0.025588,-0.234499,0.025588
4.660000,-0.234156,0.025441,-0.234156,0.025441
4.662000,-0.233813,0.025293,-0.233813,0.025293
4.664000,-0.233469,0.025146,-0.233469,0.025146
4.666000,-0.233125,0.024999,-0.233125,0.024999
4.668000,-0.232781,0.024851,-0.232781,0.024851
4.670000,-0.232436,0.024704,-0.232436,0.024704
4.672000,-0.232091,0.024556,-0.232091,0.024556
4.674000,-0.231745,0.024408,-0.231745,0.024408
4.676000,-0.231399,0.024261,-0.231399,0.024261
4.678000,-0.231053,0.024113,-0.231053,0.024113
4.680000,-0.230706,0.023965,-0.230706,0.023965
4.682000,-0.230359,0.023817,-0.230359,0.023817
4.684000,-0.230011,0.023670,-0.230011,0.023670
4.686000,-0.229664,0.023522,-0.229664,0.023522
4.688000,-0.229315,0.023374,-0.229315,0.023374
4.690000,-0.228967,0.023226,-0.228967,0.023226
4.692000,-0.228618,0.023078,-0.228618,0.023078
4.694000,-0.228269,0.022930,-0.228269,0.022930
4.696000,-0.227919,0.022782,-0.227919,0.022782
4.698000,-0.227569,0.022634,-0.227569,0.022634
4.700000,-0.227219,0.022486,-0.227219,0.022486
4.702000,-0.226868,0.022338,-0.226868,0.022338
4.704000,-0.226517,0.022189,-0.226517,0.022189
4.706000,-0.226166,0.022041,-0.226166,0.022041
4.708000,-0.225814,0.021893,-0.225814,0.021893
4.710000,-0.225462,0.021745,-0.225462,0.021745
4.712000,-0.225109,0.021596,-0.225109,0.021596
4.714000,-0.224757,0.021448,-0.224757,0.021448
4.716000,-0.224404,0.021300,-0.224404,0.021300
4.718000,-0.224050,0.021151,-0.224050,0.021151
4.720000,-0.223696,0.021003,-0.223696,0.021003
4.722000,-0.223342,0.020854,-0.223342,0.020854
4.724000,-0.222988,0.020706,-0.222988,0.020706
4.726000,-0.222633,0.020557,-0.222633,0.020557
4.728000,-0.222278,0.020409,-0.222278,0.020409
4.730000,-0.221923,0.020260,-0.221923,0.020260
4.732000,-0.221567,0.020111,-0.221567,0.020111
4.734000,-0.221211,0.019963,-0.221211,0.019963
4.736000,-0.220855,0.019814,-0.220855,0.019814
4.738000,-0.220498,0.019665,-0.220498,0.019665
4.740000,-0.220142,0.019516,-0.220142,0.019516
4.742000,-0.219784,0.019368,-0.219784,0.019368
4.744000,-0.219427,0.019219,-0.219427,0.019219
4.746000,-0.219069,0.019070,-0.219069,0.019070
4.748000,-0.218711,0.018921,-0.218711,0.018921
4.750000,-0.218353,0.018772,-0.218353,0.018772
4.752000,-0.217994,0.018623,-0.217994,0.018623
4.754000,-0.217635,0.018474,-0.217635,0.018474
4.756000,-0.217276,0.018325,-0.217276,0.018325
4.758000,-0.216916,0.018176,-0.216916,0.018176
4.760000,-0.216556,0.018027,-0.216556,0.018027
4.762000,-0.216196,0.017878,-0.216196,0.017878
4.764000,-0.215836,0.017729,-0.215836,0.017729
4.766000,-0.215475,0.017580,-0.215475,0.017580
4.768000,-0.215114,0.017431,-0.215114,0.017431
4.770000,-0.214753,0.017281,-0.214753,0.017281
4.772000,-0.214391,0.017132,-0.214391,0.017132
4.774000,-0.214030,0.016983,-0.214030,0.016983
4.776000,-0.213668,0.016833,-0.213668,0.016833
4.778000,-0.213305,0.016684,-0.213305,0.016684
4.780000,-0.212943,0.016535,-0.212943,0.016535
4.782000,-0.212580,0.016385,-0.212580,0.016385
4.784000,-0.212217,0.016236,-0.212217,0.016236
4.786000,-0.211854,0.016087,-0.211854,0.016087
4.788000,-0.211490,0.015937,-0.211490,0.015937
4.790000,-0.211126,0.015788,-0.211126,0.015788
4.792000,-0.210762,0.015638,-0.210762,0.015638
4.794000,-0.210398,0.015489,-0.210398,0.015489
4.796000,-0.210033,0.015339,-0.210033,0.015339
4.798000,-0.209669,0.015190,-0.209669,0.015190
4.800000,-0.209303,0.015040,-0.209303,0.015040
4.802000,-0.208938,0.014890,-0.208938,0.014890
4.804000,-0.208573,0.014741,-0.208573,0.014741
4.806000,-0.208207,0.014591,-0.208207,0.014591
4.808000,-0.207841,0.014441,-0.207841,0.014441
4.810000,-0.207475,0.014292,-0.207475,0.014292
4.812000,-0.207108,0.014142,-0.207108,0.014142
4.814000,-0.206742,0.013992,-0.206742,0.013992
4.816000,-0.206375,0.013842,-0.206375,0.013842
4.818000,-0.206008,0.013693,-0.206008,0.013693
4.820000,-0.205641,0.013543,-0.205641,0.013543
4.822000,-0.205273,0.013393,-0.205273,0.013393
4.824000,-0.204905,0.013243,-0.204905,0.013243
4.826000,-0.204538,0.013093,-0.204538,0.013093
4.828000,-0.204169,0.012943,-0.204169,0.012943
4.830000,-0.203801,0.012793,-0.203801,0.012793
4.832000,-0.203433,0.012643,-0.203433,0.012643
4.834000,-0.203064,0.012493,-0.203064,0.012493
4.836000,-0.202695,0.012343,-0.202695,0.012343
4.838000,-0.202326,0.012193,-0.202326,0.012193
4.840000,-0.201956,0.012043,-0.201956,0.012043
4.842000,-0.201587,0.011893,-0.201587,0.011893
4.844000,-0.201217,0.011743,-0.201217,0.011743
4.846000,-0.200847,0.011593,-0.200847,0.011593
4.848000,-0.200477,0.011443,-0.200477,0.011443
4.850000,-0.200107,0.011293,-0.200107,0.011293
4.852000,-0.199737,0.011143,-0.199737,0.011143
4.854000,-0.199366,0.010993,-0.199366,0.010993
4.856000,-0.198995,0.010843,-0.198995,0.010843
4.858000,-0.198625,0.010692,-0.198625,0.010692
4.860000,-0.198253,0.010542,-0.198253,0.010542
4.862000,-0.197882,0.010392,-0.197882,0.010392
4.864000,-0.197511,0.010242,-0.197511,0.010242
4.866000,-0.197139,0.010091,-0.197139,0.010091
4.868000,-0.196767,0.009941,-0.196767,0.009941
4.870000,-0.196396,0.009791,-0.196396,0.009791
4.872000,-0.196024,0.009641,-0.196024,0.009641
4.874000,-0.195651,0.009490,-0.195651,0.009490
4.876000,-0.195279,0.009340,-0.195279,0.009340
4.878000,-0.194906,0.009190,-0.194906,0.009190
4.880000,-0.194534,0.009039,-0.194534,0.009039
4.882000,-0.194161,0.008889,-0.194161,0.008889
4.884000,-0.193788,0.008738,-0.193788,0.008738
4.886000,-0.193415,0.008588,-0.193415,0.008588
4.888000,-0.193042,0.008438,-0.193042,0.008438
4.890000,-0.192669,0.008287,-0.192669,0.008287
4.892000,-0.192295,0.008137,-0.192295,0.008137
4.894000,-0.191921,0.007986,-0.191921,0.007986
4.896000,-0.191548,0.007836,-0.191548,0.007836
4.898000,-0.191174,0.007685,-0.191174,0.007685
4.900000,-0.190800,0.007535,-0.190800,0.007535
4.902000,-0.190426,0.007384,-0.190426,0.007384
4.904000,-0.190052,0.007234,-0.190052,0.007234
4.906000,-0.189677,0.007083,-0.189677,0.007083
4.908000,-0.189303,0.006933,-0.189303,0.006933
4.910000,-0.188928,0.006782,-0.188928,0.006782
4.912000,-0.188554,0.006632,-0.188554,0.006632
4.914000,-0.188179,0.006481,-0.188179,0.006481
4.916000,-0.187804,0.006331,-0.187804,0.006331
4.918000,-0.187429,0.006180,-0.187429,0.006180
4.920000,-0.187054,0.006029,-0.187054,0.006029
4.922000,-0.186679,0.005879,-0.186679,0.005879
4.924000,-0.186304,0.005728,-0.186304,0.005728
4.926000,-0.185929,0.005577,-0.185929,0.005577
4.928000,-0.185553,0.005427,-0.185553,0.005427
4.930000,-0.185178,0.005276,-0.185178,0.005276
4.932000,-0.184802,0.005126,-0.184802,0.005126
4.934000,-0.184426,0.004975,-0.184426,0.004975
4.936000,-0.184051,0.004824,-0.184051,0.004824
4.938000,-0.183675,0.004674,-0.183675,0.004674
4.940000,-0.183299,0.004523,-0.183299,0.004523
4.942000,-0.182923,0.004372,-0.182923,0.004372
4.944000,-0.182547,0.004221,-0.182547,0.004221
4.946000,-0.182171,0.004071,-0.182171,0.004071
4.948000,-0.181795,0.003920,-0.181795,0.003920
4.950000,-0.181419,0.003769,-0.181419,0.003769
4.952000,-0.181042,0.003619,-0.181042,0.003619
4.954000,-0.180666,0.003468,-0.180666,0.003468
4.956000,-0.180290,0.003317,-0.180290,0.003317
4.958000,-0.179913,0.003166,-0.179913,0.003166
4.960000,-0.179537,0.003016,-0.179537,0.003016
4.962000,-0.179160,0.002865,-0.179160,0.002865
4.964000,-0.178784,0.002714,-0.178784,0.002714
4.966000,-0.178407,0.002563,-0.178407,0.002563
4.968000,-0.178030,0.002413,-0.178030,0.002413
4.970000,-0.177654,0.002262,-0.177654,0.002262
4.972000,-0.177277,0.002111,-0.177277,0.002111
4.974000,-0.176900,0.001960,-0.176900,0.001960
4.976000,-0.176523,0.001809,-0.176523,0.001809
4.978000,-0.176146,0.001659,-0.176146,0.001659
4.980000,-0.175770,0.001508,-0.175770,0.001508
4.982000,-0.175393,0.001357,-0.175393,0.001357
4.984000,-0.175016,0.001206,-0.175016,0.001206
4.986000,-0.174639,0.001056,-0.174639,0.001056
4.988000,-0.174262,0.000905,-0.174262,0.000905
4.990000,-0.173885,0.000754,-0.173885,0.000754
4.992000,-0.173508,0.000603,-0.173508,0.000603
4.994000,-0.173131,0.000452,-0.173131,0.000452
4.996000,-0.172754,0.000302,-0.172754,0.000302
4.998000,-0.172377,0.000151,-0.172377,0.000151
5.000000,-0.172000,0.000000,-0.172000,0.000000
5.002000,-0.171623,-0.000151,-0.171623,-0.000151
5.004000,-0.171246,-0.000302,-0.171246,-0.000302
5.006000,-0.170869,-0.000452,-0.170869,-0.000452
5.008000,-0.170492,-0.000603,-0.170492,-0.000603
5.010000,-0.170115,-0.000754,-0.170115,-0.000754
5.012000,-0.169738,-0.000905,-0.169738,-0.000905
5.014000,-0.169361,-0.001056,-0.169361,-0.001056
5.016000,-0.168984,-0.001206,-0.168984,-0.001206
5.018000,-0.168607,-0.001357,-0.168607,-0.001357
5.020000,-0.168230,-0.001508,-0.168230,-0.001508
5.022000,-0.167854,-0.001659,-0.167854,-0.001659
5.024000,-0.167477,-0.001809,-0.167477,-0.001809
5.026000,-0.167100,-0.001960,-0.167100,-0.001960
5.028000,-0.166723,-0.002111,-0.166723,-0.002111
5.030000,-0.166346,-0.002262,-0.166346,-0.002262
5.032000,-0.165970,-0.002413,-0.165970,-0.002413
5.034000,-0.165593,-0.002563,-0.165593,-0.002563
5.036000,-0.165216,-0.002714,-0.165216,-0.002714
5.038000,-0.164840,-0.002865,-0.164840,-0.002865
5.040000,-0.164463,-0.003016,-0.164463,-0.003016
5.042000,-0.164087,-0.003166,-0.164087,-0.003166
5.044000,-0.163710,-0.003317,-0.163710,-0.003317
5.046000,-0.163334,-0.003468,-0.163334,-0.003468
5.048000,-0.162958,-0.003619,-0.162958,-0.003619
5.050000,-0.162581,-0.003769,-0.162581,-0.003769
5.052000,-0.162205,-0.003920,-0.162205,-0.003920
5.054000,-0.161829,-0.004071,-0.161829,-0.004071
5.056000,-0.161453,-0.004221,-0.161453,-0.004221
5.058000,-0.161077,-0.004372,-0.161077,-0.004372
5.060000,-0.160701,-0.004523,-0.160701,-0.004523
5.062000,-0.160325,-0.004674,-0.160325,-0.004674
5.064000,-0.159949,-0.004824,-0.159949,-0.004824
5.066000,-0.159574,-0.004975,-0.159574,-0.004975
5.068000,-0.159198,-0.005126,-0.159198,-0.005126
5.070000,-0.158822,-0.005276,-0.158822,-0.005276
5.072000,-0.158447,-0.005427,-0.158447,-0.005427
5.074000,-0.158071,-0.005577,-0.158071,-0.005577
5.076000,-0.157696,-0.005728,-0.157696,-0.005728
5.078000,-0.157321,-0.005879,-0.157321,-0.005879
5.080000,-0.156946,-0.006029,-0.156946,-0.006029
5.082000,-0.156571,-0.006180,-0.156571,-0.006180
5.084000,-0.156196,-0.006331,-0.156196,-0.006331
5.086000,-0.155821,-0.006481,-0.155821,-0.006481
5.088000,-0.155446,-0.006632,-0.155446,-0.006632
5.090000,-0.155072,-0.006782,-0.155072,-0.006782
5.092000,-0.154697,-0.006933,-0.154697,-0.006933
5.094000,-0.154323,-0.007083,-0.154323,-0.007083
5.096000,-0.153948,-0.007234,-0.153948,-0.007234
5.098000,-0.153574,-0.007384,-0.153574,-0.007384
5.100000,-0.153200,-0.007535,-0.153200,-0.007535
5.102000,-0.152826,-0.007685,-0.152826,-0.007685
5.104000,-0.152452,-0.007836,-0.152452,-0.007836
5.106000,-0.152079,-0.007986,-0.152079,-0.007986
5.108000,-0.151705,-0.008137,-0.151705,-0.008137
5.110000,-0.151331,-0.008287,-0.151331,-0.008287
5.112000,-0.150958,-0.008438,-0.150958,-0.008438
5.114000,-0.150585,-0.008588,-0.150585,-0.008588
5.116000,-0.150212,-0.008738,-0.150212,-0.008738
5.118000,-0.149839,-0.008889,-0.149839,-0.008889
5.120000,-0.149466,-0.009039,-0.149466,-0.009039
5.122000,-0.149094,-0.009190,-0.149094,-0.009190
5.124000,-0.148721,-0.009340,-0.148721,-0.009340
5.126000,-0.148349,-0.009490,-0.148349,-0.009490
5.128000,-0.147976,-0.009641,-0.147976,-0.009641
5.130000,-0.147604,-0.009791,-0.147604,-0.009791
5.132000,-0.147233,-0.009941,-0.147233,-0.009941
5.134000,-0.146861,-0.010091,-0.146861,-0.010091
5.136000,-0.146489,-0.010242,-0.146489,-0.010242
5.138000,-0.146118,-0.010392,-0.146118,-0.010392
5.140000,-0.145747,-0.010542,-0.145747,-0.010542
5.142000,-0.145375,-0.010692,-0.145375,-0.010692
5.144000,-0.145005,-0.010843,-0.145005,-0.010843
5.146000,-0.144634,-0.010993,-0.144634,-0.010993
5.148000,-0.144263,-0.011143,-0.144263,-0.011143
5.150000,-0.143893,-0.011293,-0.143893,-0.011293
5.152000,-0.143523,-0.011443,-0.143523,-0.011443
5.154000,-0.143153,-0.011593,-0.143153,-0.011593
5.156000,-0.142783,-0.011743,-0.142783,-0.011743
5.158000,-0.142413,-0.011893,-0.142413,-0.011893
5.160000,-0.142044,-0.012043,-0.142044,-0.012043
5.162000,-0.141674,-0.012193,-0.141674,-0.012193
5.164000,-0.141305,-0.012343,-0.141305,-0.012343
5.166000,-0.140936,-0.012493,-0.140936,-0.012493
5.168000,-0.140567,-0.012643,-0.140567,-0.012643
5.170000,-0.140199,-0.012793,-0.140199,-0.012793
5.172000,-0.139831,-0.012943,-0.139831,-0.012943
5.174000,-0.139462,-0.013093,-0.139462,-0.013093
5.176000,-0.139095,-0.013243,-0.139095,-0.013243
5.178000,-0.138727,-0.013393,-0.138727,-0.013393
5.180000,-0.138359,-0.013543,-0.138359,-0.013543
5.182000,-0.137992,-0.013693,-0.137992,-0.013693
5.184000,-0.137625,-0.013842,-0.137625,-0.013842
5.186000,-0.137258,-0.013992,-0.137258,-0.013992
5.188000,-0.136892,-0.014142,-0.136892,-0.014142
5.190000,-0.136525,-0.014292,-0.136525,-0.014292
5.192000,-0.136159,-0.014441,-0.136159,-0.014441
5.194000,-0.135793,-0.014591,-0.135793,-0.014591
5.196000,-0.135427,-0.014741,-0.135427,-0.014741
5.198000,-0.135062,-0.014890,-0.135062,-0.014890
5.200000,-0.134697,-0.015040,-0.134697,-0.015040
5.202000,-0.134331,-0.015190,-0.134331,-0.015190
5.204000,-0.133967,-0.015339,-0.133967,-0.015339
5.206000,-0.133602,-0.015489,-0.133602,-0.015489
5.208000,-0.133238,-0.015638,-0.133238,-0.015638
5.210000,-0.132874,-0.015788,-0.132874,-0.015788
5.212000,-0.132510,-0.015937,-0.132510,-0.015937
5.214000,-0.132146,-0.016087,-0.132146,-0.016087
5.216000,-0.131783,-0.016236,-0.131783,-0.016236
5.218000,-0.131420,-0.016385,-0.131420,-0.016385
5.220000,-0.131057,-0.016535,-0.131057,-0.016535
5.222000,-0.130695,-0.016684,-0.130695,-0.016684
5.224000,-0.130332,-0.016833,-0.130332,-0.016833
5.226000,-0.129970,-0.016983,-0.129970,-0.016983
5.228000,-0.129609,-0.017132,-0.129609,-0.017132
5.230000,-0.129247,-0.017281,-0.129247,-0.017281
5.232000,-0.128886,-0.017431,-0.128886,-0.017431
5.234000,-0.128525,-0.017580,-0.128525,-0.017580
5.236000,-0.128164,-0.017729,-0.128164,-0.017729
5.238000,-0.127804,-0.017878,-0.127804,-0.017878
5.240000,-0.127444,-0.018027,-0.127444,-0.018027
5.242000,-0.127084,-0.018176,-0.127084,-0.018176
5.244000,-0.126724,-0.018325,-0.126724,-0.018325
5.246000,-0.126365,-0.018474,-0.126365,-0.018474
5.248000,-0.126006,-0.018623,-0.126006,-0.018623
5.250000,-0.125647,-0.018772,-0.125647,-0.018772
5.252000,-0.125289,-0.018921,-0.125289,-0.018921
5.254000,-0.124931,-0.019070,-0.124931,-0.019070
5.256000,-0.124573,-0.019219,-0.124573,-0.019219
5.258000,-0.124216,-0.019368,-0.124216,-0.019368
5.260000,-0.123858,-0.019516,-0.123858,-0.019516
5.262000,-0.123502,-0.019665,-0.123502,-0.019665
5.264000,-0.123145,-0.019814,-0.123145,-0.019814
5.266000,-0.122789,-0.019963,-0.122789,-0.019963
5.268000,-0.122433,-0.020111,-0.122433,-0.020111
5.270000,-0.122077,-0.020260,-0.122077,-0.020260
5.272000,-0.121722,-0.020409,-0.121722,-0.020409
5.274000,-0.121367,-0.020557,-0.121367,-0.020557
5.276000,-0.121012,-0.020706,-0.121012,-0.020706
5.278000,-0.120658,-0.020854,-0.120658,-0.020854
5.280000,-0.120304,-0.021003,-0.120304,-0.021003
5.282000,-0.119950,-0.021151,-0.119950,-0.021151
5.284000,-0.119596,-0.021300,-0.119596,-0.021300
5.286000,-0.119243,-0.021448,-0.119243,-0.021448
5.288000,-0.118891,-0.021596,-0.118891,-0.021596
5.290000,-0.118538,-0.021745,-0.118538,-0.021745
5.292000,-0.118186,-0.021893,-0.118186,-0.021893
5.294000,-0.117834,-0.022041,-0.117834,-0.022041
5.296000,-0.117483,-0.022189,-0.117483,-0.022189
5.298000,-0.117132,-0.022338,-0.117132,-0.022338
5.300000,-0.116781,-0.022486,-0.116781,-0.022486
5.302000,-0.116431,-0.022634,-0.116431,-0.022634
5.304000,-0.116081,-0.022782,-0.116081,-0.022782
5.306000,-0.115731,-0.022930,-0.115731,-0.022930
5.308000,-0.115382,-0.023078,-0.115382,-0.023078
5.310000,-0.115033,-0.023226,-0.115033,-0.023226
5.312000,-0.114685,-0.023374,-0.114685,-0.023374
5.314000,-0.114336,-0.023522,-0.114336,-0.023522
5.316000,-0.113989,-0.023670,-0.113989,-0.023670
5.318000,-0.113641,-0.023817,-0.113641,-0.023817
5.320000,-0.113294,-0.023965,-0.113294,-0.023965
5.322000,-0.112947,-0.024113,-0.112947,-0.024113
5.324000,-0.112601,-0.024261,-0.112601,-0.024261
5.326000,-0.112255,-0.024408,-0.112255,-0.024408
5.328000,-0.111909,-0.024556,-0.111909,-0.024556
5.330000,-0.111564,-0.024704,-0.111564,-0.024704
5.332000,-0.111219,-0.024851,-0.111219,-0.024851
5.334000,-0.110875,-0.024999,-0.110875,-0.024999
5.336000,-0.110531,-0.025146,-0.110531,-0.025146
5.338000,-0.110187,-0.025293,-0.110187,-0.025293
5.340000,-0.109844,-0.025441,-0.109844,-0.025441
5.342000,-0.109501,-0.025588,-0.109501,-0.025588
5.344000,-0.109158,-0.025736,-0.109158,-0.025736
5.346000,-0.108816,-0.025883,-0.108816,-0.025883
5.348000,-0.108474,-0.026030,-0.108474,-0.026030
5.350000,-0.108133,-0.026177,-0.108133,-0.026177
5.352000,-0.107792,-0.026324,-0.107792,-0.026324
5.354000,-0.107452,-0.026471,-0.107452,-0.026471
5.356000,-0.107112,-0.026618,-0.107112,-0.026618
5.358000,-0.106772,-0.026766,-0.106772,-0.026766
5.360000,-0.106433,-0.026912,-0.106433,-0.026912
5.362000,-0.106094,-0.027059,-0.106094,-0.027059
5.364000,-0.105755,-0.027206,-0.105755,-0.027206
5.366000,-0.105417,-0.027353,-0.105417,-0.027353
5.368000,-0.105080,-0.027500,-0.105080,-0.027500
5.370000,-0.104743,-0.027647,-0.104743,-0.027647
5.372000,-0.104406,-0.027793,-0.104406,-0.027793
5.374000,-0.104069,-0.027940,-0.104069,-0.027940
5.376000,-0.103734,-0.028087,-0.103734,-0.028087
5.378000,-0.103398,-0.028233,-0.103398,-0.028233
5.380000,-0.103063,-0.028380,-0.103063,-0.028380
5.382000,-0.102728,-0.028526,-0.102728,-0.028526
5.384000,-0.102394,-0.028673,-0.102394,-0.028673
5.386000,-0.102061,-0.028819,-0.102061,-0.028819
5.388000,-0.101727,-0.028966,-0.101727,-0.028966
5.390000,-0.101394,-0.029112,-0.101394,-0.029112
5.392000,-0.101062,-0.029258,-0.101062,-0.029258
5.394000,-0.100730,-0.029404,-0.100730,-0.029404
5.396000,-0.100399,-0.029551,-0.100399,-0.029551
5.398000,-0.100068,-0.029697,-0.100068,-0.029697
5.400000,-0.099737,-0.029843,-0.099737,-0.029843
5.402000,-0.099407,-0.029989,-0.099407,-0.029989
5.404000,-0.099077,-0.030135,-0.099077,-0.030135
5.406000,-0.098748,-0.030281,-0.098748,-0.030281
5.408000,-0.098419,-0.030427,-0.098419,-0.030427
5.410000,-0.098091,-0.030572,-0.098091,-0.030572
5.412000,-0.097763,-0.030718,-0.097763,-0.030718
5.414000,-0.097436,-0.030864,-0.097436,-0.030864
5.416000,-0.097109,-0.031010,-0.097109,-0.031010
5.418000,-0.096782,-0.031155,-0.096782,-0.031155
5.420000,-0.096457,-0.031301,-0.096457,-0.031301
5.422000,-0.096131,-0.031447,-0.096131,-0.031447
5.424000,-0.095806,-0.031592,-0.095806,-0.031592
5.426000,-0.095482,-0.031737,-0.095482,-0.031737
5.428000,-0.095158,-0.031883,-0.095158,-0.031883
5.430000,-0.094834,-0.032028,-0.094834,-0.032028
5.432000,-0.094511,-0.032174,-0.094511,-0.032174
5.434000,-0.094188,-0.032319,-0.094188,-0.032319
5.436000,-0.093866,-0.032464,-0.093866,-0.032464
5.438000,-0.093545,-0.032609,-0.093545,-0.032609
5.440000,-0.093224,-0.032754,-0.093224,-0.032754
5.442000,-0.092903,-0.032899,-0.092903,-0.032899
5.444000,-0.092583,-0.033044,-0.092583,-0.033044
5.446000,-0.092264,-0.033189,-0.092264,-0.033189
5.448000,-0.091945,-0.033334,-0.091945,-0.033334
5.450000,-0.091626,-0.033479,-0.091626,-0.033479
5.452000,-0.091308,-0.033624,-0.091308,-0.033624
5.454000,-0.090990,-0.033768,-0.090990,-0.033768
5.456000,-0.090673,-0.033913,-0.090673,-0.033913
5.458000,-0.090357,-0.034058,-0.090357,-0.034058
5.460000,-0.090041,-0.034202,-0.090041,-0.034202
5.462000,-0.089725,-0.034347,-0.089725,-0.034347
5.464000,-0.089410,-0.034491,-0.089410,-0.034491
5.466000,-0.089096,-0.034636,-0.089096,-0.034636
5.468000,-0.088782,-0.034780,-0.088782,-0.034780
5.470000,-0.088469,-0.034924,-0.088469,-0.034924
5.472000,-0.088156,-0.035069,-0.088156,-0.035069
5.474000,-0.087843,-0.035213,-0.087843,-0.035213
5.476000,-0.087532,-0.035357,-0.087532,-0.035357
5.478000,-0.087220,-0.035501,-0.087220,-0.035501
5.480000,-0.086910,-0.035645,-0.086910,-0.035645
5.482000,-0.086599,-0.035789,-0.086599,-0.035789
5.484000,-0.086290,-0.035933,-0.086290,-0.035933
5.486000,-0.085981,-0.036077,-0.085981,-0.036077
5.488000,-0.085672,-0.036220,-0.085672,-0.036220
5.490000,-0.085364,-0.036364,-0.085364,-0.036364
5.492000,-0.085057,-0.036508,-0.085057,-0.036508
5.494000,-0.084750,-0.036652,-0.084750,-0.036652
5.496000,-0.084443,-0.036795,-0.084443,-0.036795
5.498000,-0.084137,-0.036939,-0.084137,-0.036939
5.500000,-0.083832,-0.037082,-0.083832,-0.037082
5.502000,-0.083527,-0.037225,-0.083527,-0.037225
5.504000,-0.083223,-0.037369,-0.083223,-0.037369
5.506000,-0.082920,-0.037512,-0.082920,-0.037512
5.508000,-0.082617,-0.037655,-0.082617,-0.037655
5.510000,-0.082314,-0.037798,-0.082314,-0.037798
5.512000,-0.082012,-0.037941,-0.082012,-0.037941
5.514000,-0.081711,-0.038085,-0.081711,-0.038085
5.516000,-0.081410,-0.038227,-0.081410,-0.038227
5.518000,-0.081110,-0.038370,-0.081110,-0.038370
5.520000,-0.080810,-0.038513,-0.080810,-0.038513
5.522000,-0.080511,-0.038656,-0.080511,-0.038656
5.524000,-0.080213,-0.038799,-0.080213,-0.038799
5.526000,-0.079915,-0.038941,-0.079915,-0.038941
5.528000,-0.079618,-0.039084,-0.079618,-0.039084
5.530000,-0.079321,-0.039227,-0.079321,-0.039227
5.532000,-0.079025,-0.039369,-0.079025,-0.039369
5.534000,-0.078729,-0.039511,-0.078729,-0.039511
5.536000,-0.078434,-0.039654,-0.078434,-0.039654
5.538000,-0.078140,-0.039796,-0.078140,-0.039796
5.540000,-0.077846,-0.039938,-0.077846,-0.039938
5.542000,-0.077553,-0.040081,-0.077553,-0.040081
5.544000,-0.077261,-0.040223,-0.077261,-0.040223
5.546000,-0.076969,-0.040365,-0.076969,-0.040365
5.548000,-0.076677,-0.040507,-0.076677,-0.040507
5.550000,-0.076386,-0.040649,-0.076386,-0.040649
5.552000,-0.076096,-0.040790,-0.076096,-0.040790
5.554000,-0.075807,-0.040932,-0.075807,-0.040932
5.556000,-0.075518,-0.041074,-0.075518,-0.041074
5.558000,-0.075229,-0.041216,-0.075229,-0.041216
5.560000,-0.074942,-0.041357,-0.074942,-0.041357
5.562000,-0.074654,-0.041499,-0.074654,-0.041499
5.564000,-0.074368,-0.041640,-0.074368,-0.041640
5.566000,-0.074082,-0.041782,-0.074082,-0.041782
5.568000,-0.073797,-0.041923,-0.073797,-0.041923
5.570000,-0.073512,-0.042064,-0.073512,-0.042064
5.572000,-0.073228,-0.042205,-0.073228,-0.042205
5.574000,-0.072945,-0.042346,-0.072945,-0.042346
5.576000,-0.072662,-0.042488,-0.072662,-0.042488
5.578000,-0.072380,-0.042628,-0.072380,-0.042628
5.580000,-0.072098,-0.042769,-0.072098,-0.042769
5.582000,-0.071817,-0.042910,-0.071817,-0.042910
5.584000,-0.071537,-0.043051,-0.071537,-0.043051
5.586000,-0.071257,-0.043192,-0.071257,-0.043192
5.588000,-0.070978,-0.043332,-0.070978,-0.043332
5.590000,-0.070700,-0.043473,-0.070700,-0.043473
5.592000,-0.070422,-0.043614,-0.070422,-0.043614
5.594000,-0.070145,-0.043754,-0.070145,-0.043754
5.596000,-0.069869,-0.043894,-0.069869,-0.043894
5.598000,-0.069593,-0.044035,-0.069593,-0.044035
5.600000,-0.069318,-0.044175,-0.069318,-0.044175
5.602000,-0.069043,-0.044315,-0.069043,-0.044315
5.604000,-0.068770,-0.044455,-0.068770,-0.044455
5.606000,-0.068496,-0.044595,-0.068496,-0.044595
5.608000,-0.068224,-0.044735,-0.068224,-0.044735
5.610000,-0.067952,-0.044875,-0.067952,-0.044875
5.612000,-0.067681,-0.045015,-0.067681,-0.045015
5.614000,-0.067410,-0.045155,-0.067410,-0.045155
5.616000,-0.067140,-0.045294,-0.067140,-0.045294
5.618000,-0.066871,-0.045434,-0.066871,-0.045434
5.620000,-0.066603,-0.045573,-0.066603,-0.045573
5.622000,-0.066335,-0.045713,-0.066335,-0.045713
5.624000,-0.066067,-0.045852,-0.066067,-0.045852
5.626000,-0.065801,-0.045992,-0.065801,-0.045992
5.628000,-0.065535,-0.046131,-0.065535,-0.046131
5.630000,-0.065270,-0.046270,-0.065270,-0.046270
5.632000,-0.065005,-0.046409,-0.065005,-0.046409
5.634000,-0.064741,-0.046548,-0.064741,-0.046548
5.636000,-0.064478,-0.046687,-0.064478,-0.046687
5.638000,-0.064215,-0.046826,-0.064215,-0.046826
5.640000,-0.063954,-0.046965,-0.063954,-0.046965
5.642000,-0.063692,-0.047104,-0.063692,-0.047104
5.644000,-0.063432,-0.047242,-0.063432,-0.047242
5.646000,-0.063172,-0.047381,-0.063172,-0.047381
5.648000,-0.062913,-0.047519,-0.062913,-0.047519
5.650000,-0.062655,-0.047658,-0.062655,-0.047658
5.652000,-0.062397,-0.047796,-0.062397,-0.047796
5.654000,-0.062140,-0.047934,-0.062140,-0.047934
5.656000,-0.061884,-0.048073,-0.061884,-0.048073
5.658000,-0.061628,-0.048211,-0.061628,-0.048211
5.660000,-0.061373,-0.048349,-0.061373,-0.048349
5.662000,-0.061119,-0.048487,-0.061119,-0.048487
5.664000,-0.060865,-0.048625,-0.060865,-0.048625
5.666000,-0.060612,-0.048762,-0.060612,-0.048762
5.668000,-0.060360,-0.048900,-0.060360,-0.048900
5.670000,-0.060109,-0.049038,-0.060109,-0.049038
5.672000,-0.059858,-0.049175,-0.059858,-0.049175
5.674000,-0.059608,-0.049313,-0.059608,-0.049313
5.676000,-0.059359,-0.049450,-0.059359,-0.049450
5.678000,-0.059110,-0.049588,-0.059110,-0.049588
5.680000,-0.058862,-0.049725,-0.058862,-0.049725
5.682000,-0.058615,-0.049862,-0.058615,-0.049862
5.684000,-0.058369,-0.049999,-0.058369,-0.049999
5.686000,-0.058123,-0.050136,-0.058123,-0.050136
5.688000,-0.057878,-0.050273,-0.057878,-0.050273
5.690000,-0.057634,-0.050410,-0.057634,-0.050410
5.692000,-0.057390,-0.050547,-0.057390,-0.050547
5.694000,-0.057147,-0.050684,-0.057147,-0.050684
5.696000,-0.056905,-0.050820,-0.056905,-0.050820
5.698000,-0.056664,-0.050957,-0.056664,-0.050957
5.700000,-0.056423,-0.051094,-0.056423,-0.051094
5.702000,-0.056183,-0.051230,-0.056183,-0.051230
5.704000,-0.055944,-0.051366,-0.055944,-0.051366
5.706000,-0.055705,-0.051502,-0.055705,-0.051502
5.708000,-0.055468,-0.051639,-0.055468,-0.051639
5.710000,-0.055231,-0.051775,-0.055231,-0.051775
5.712000,-0.054994,-0.051911,-0.054994,-0.051911
5.714000,-0.054759,-0.052047,-0.054759,-0.052047
5.716000,-0.054524,-0.052182,-0.054524,-0.052182
5.718000,-0.054290,-0.052318,-0.054290,-0.052318
5.720000,-0.054057,-0.052454,-0.054057,-0.052454
5.722000,-0.053824,-0.052589,-0.053824,-0.052589
5.724000,-0.053592,-0.052725,-0.053592,-0.052725
5.726000,-0.053361,-0.052860,-0.053361,-0.052860
5.728000,-0.053131,-0.052996,-0.053131,-0.052996
5.730000,-0.052901,-0.053131,-0.052901,-0.053131
5.732000,-0.052673,-0.053266,-0.052673,-0.053266
5.734000,-0.052445,-0.053401,-0.052445,-0.053401
5.736000,-0.052217,-0.053536,-0.052217,-0.053536
5.738000,-0.051991,-0.053671,-0.051991,-0.053671
5.740000,-0.051765,-0.053806,-0.051765,-0.053806
5.742000,-0.051540,-0.053941,-0.051540,-0.053941
5.744000,-0.051316,-0.054075,-0.051316,-0.054075
5.746000,-0.051092,-0.054210,-0.051092,-0.054210
5.748000,-0.050869,-0.054344,-0.050869,-0.054344
5.750000,-0.050647,-0.054479,-0.050647,-0.054479
5.752000,-0.050426,-0.054613,-0.050426,-0.054613
5.754000,-0.050206,-0.054747,-0.050206,-0.054747
5.756000,-0.049986,-0.054882,-0.049986,-0.054882
5.758000,-0.049767,-0.055016,-0.049767,-0.055016
5.760000,-0.049549,-0.055150,-0.049549,-0.055150
5.762000,-0.049332,-0.055283,-0.049332,-0.055283
5.764000,-0.049115,-0.055417,-0.049115,-0.055417
5.766000,-0.048899,-0.055551,-0.048899,-0.055551
5.768000,-0.048684,-0.055685,-0.048684,-0.055685
5.770000,-0.048470,-0.055818,-0.048470,-0.055818
5.772000,-0.048257,-0.055952,-0.048257,-0.055952
5.774000,-0.048044,-0.056085,-0.048044,-0.056085
5.776000,-0.047832,-0.056218,-0.047832,-0.056218
5.778000,-0.047621,-0.056351,-0.047621,-0.056351
5.780000,-0.047411,-0.056484,-0.047411,-0.056484
5.782000,-0.047201,-0.056617,-0.047201,-0.056617
5.784000,-0.046992,-0.056750,-0.046992,-0.056750
5.786000,-0.046784,-0.056883,-0.046784,-0.056883
5.788000,-0.046577,-0.057016,-0.046577,-0.057016
5.790000,-0.046371,-0.057149,-0.046371,-0.057149
5.792000,-0.046165,-0.057281,-0.046165,-0.057281
5.794000,-0.045960,-0.057414,-0.045960,-0.057414
5.796000,-0.045756,-0.057546,-0.045756,-0.057546
5.798000,-0.045553,-0.057678,-0.045553,-0.057678
5.800000,-0.045351,-0.057810,-0.045351,-0.057810
5.802000,-0.045149,-0.057943,-0.045149,-0.057943
5.804000,-0.044948,-0.058075,-0.044948,-0.058075
5.806000,-0.044748,-0.058206,-0.044748,-0.058206
5.808000,-0.044549,-0.058338,-0.044549,-0.058338
5.810000,-0.044351,-0.058470,-0.044351,-0.058470
5.812000,-0.044153,-0.058602,-0.044153,-0.058602
5.814000,-0.043956,-0.058733,-0.043956,-0.058733
5.816000,-0.043761,-0.058865,-0.043761,-0.058865
5.818000,-0.043565,-0.058996,-0.043565,-0.058996
5.820000,-0.043371,-0.059127,-0.043371,-0.059127
5.822000,-0.043177,-0.059258,-0.043177,-0.059258
5.824000,-0.042985,-0.059390,-0.042985,-0.059390
5.826000,-0.042793,-0.059521,-0.042793,-0.059521
5.828000,-0.042602,-0.059651,-0.042602,-0.059651
5.830000,-0.042411,-0.059782,-0.042411,-0.059782
5.832000,-0.042222,-0.059913,-0.042222,-0.059913
5.834000,-0.042033,-0.060044,-0.042033,-0.060044
5.836000,-0.041846,-0.060174,-0.041846,-0.060174
5.838000,-0.041659,-0.060304,-0.041659,-0.060304
5.840000,-0.041472,-0.060435,-0.041472,-0.060435
5.842000,-0.041287,-0.060565,-0.041287,-0.060565
5.844000,-0.041103,-0.060695,-0.041103,-0.060695
5.846000,-0.040919,-0.060825,-0.040919,-0.060825
5.848000,-0.040736,-0.060955,-0.040736,-0.060955
5.850000,-0.040554,-0.061085,-0.040554,-0.061085
5.852000,-0.040373,-0.061215,-0.040373,-0.061215
5.854000,-0.040192,-0.061344,-0.040192,-0.061344
5.856000,-0.040013,-0.061474,-0.040013,-0.061474
5.858000,-0.039834,-0.061603,-0.039834,-0.061603
5.860000,-0.039656,-0.061733,-0.039656,-0.061733
5.862000,-0.039479,-0.061862,-0.039479,-0.061862
5.864000,-0.039303,-0.061991,-0.039303,-0.061991
5.866000,-0.039128,-0.062120,-0.039128,-0.062120
5.868000,-0.038953,-0.062249,-0.038953,-0.062249
5.870000,-0.038780,-0.062378,-0.038780,-0.062378
5.872000,-0.038607,-0.062507,-0.038607,-0.062507
5.874000,-0.038435,-0.062636,-0.038435,-0.062636
5.876000,-0.038264,-0.062764,-0.038264,-0.062764
5.878000,-0.038093,-0.062893,-0.038093,-0.062893
5.880000,-0.037924,-0.063021,-0.037924,-0.063021
5.882000,-0.037755,-0.063149,-0.037755,-0.063149
5.884000,-0.037587,-0.063277,-0.037587,-0.063277
5.886000,-0.037420,-0.063405,-0.037420,-0.063405
5.888000,-0.037254,-0.063533,-0.037254,-0.063533
5.890000,-0.037089,-0.063661,-0.037089,-0.063661
5.892000,-0.036925,-0.063789,-0.036925,-0.063789
5.894000,-0.036761,-0.063917,-0.036761,-0.063917
5.896000,-0.036599,-0.064044,-0.036599,-0.064044
5.898000,-0.036437,-0.064172,-0.036437,-0.064172
5.900000,-0.036276,-0.064299,-0.036276,-0.064299
5.902000,-0.036116,-0.064426,-0.036116,-0.064426
5.904000,-0.035957,-0.064554,-0.035957,-0.064554
5.906000,-0.035798,-0.064681,-0.035798,-0.064681
5.908000,-0.035641,-0.064808,-0.035641,-0.064808
5.910000,-0.035484,-0.064935,-0.035484,-0.064935
5.912000,-0.035328,-0.065061,-0.035328,-0.065061
5.914000,-0.035173,-0.065188,-0.035173,-0.065188
5.916000,-0.035019,-0.065315,-0.035019,-0.065315
5.918000,-0.034866,-0.065441,-0.034866,-0.065441
5.920000,-0.034714,-0.065567,-0.034714,-0.065567
5.922000,-0.034562,-0.065694,-0.034562,-0.065694
5.924000,-0.034412,-0.065820,-0.034412,-0.065820
5.926000,-0.034262,-0.065946,-0.034262,-0.065946
5.928000,-0.034113,-0.066072,-0.034113,-0.066072
5.930000,-0.033965,-0.066198,-0.033965,-0.066198
5.932000,-0.033818,-0.066323,-0.033818,-0.066323
5.934000,-0.033672,-0.066449,-0.033672,-0.066449
5.936000,-0.033527,-0.066574,-0.033527,-0.066574
5.938000,-0.033382,-0.066700,-0.033382,-0.066700
5.940000,-0.033238,-0.066825,-0.033238,-0.066825
5.942000,-0.033096,-0.066950,-0.033096,-0.066950
5.944000,-0.032954,-0.067075,-0.032954,-0.067075
5.946000,-0.032813,-0.067200,-0.032813,-0.067200
5.948000,-0.032673,-0.067325,-0.032673,-0.067325
5.950000,-0.032534,-0.067450,-0.032534,-0.067450
5.952000,-0.032395,-0.067575,-0.032395,-0.067575
5.954000,-0.032258,-0.067699,-0.032258,-0.067699
5.956000,-0.032121,-0.067824,-0.032121,-0.067824
5.958000,-0.031985,-0.067948,-0.031985,-0.067948
5.960000,-0.031851,-0.068072,-0.031851,-0.068072
5.962000,-0.031717,-0.068196,-0.031717,-0.068196
5.964000,-0.031584,-0.068320,-0.031584,-0.068320
5.966000,-0.031452,-0.068444,-0.031452,-0.068444
5.968000,-0.031320,-0.068568,-0.031320,-0.068568
5.970000,-0.031190,-0.068692,-0.031190,-0.068692
5.972000,-0.031060,-0.068815,-0.031060,-0.068815
5.974000,-0.030932,-0.068939,-0.030932,-0.068939
5.976000,-0.030804,-0.069062,-0.030804,-0.069062
5.978000,-0.030677,-0.069186,-0.030677,-0.069186
5.980000,-0.030551,-0.069309,-0.030551,-0.069309
5.982000,-0.030426,-0.069432,-0.030426,-0.069432
5.984000,-0.030302,-0.069555,-0.030302,-0.069555
5.986000,-0.030179,-0.069678,-0.030179,-0.069678
5.988000,-0.030057,-0.069800,-0.030057,-0.069800
5.990000,-0.029935,-0.069923,-0.029935,-0.069923
5.992000,-0.029815,-0.070045,-0.029815,-0.070045
5.994000,-0.029695,-0.070168,-0.029695,-0.070168
5.996000,-0.029576,-0.070290,-0.029576,-0.070290
5.998000,-0.029458,-0.070412,-0.029458,-0.070412
6.000000,-0.029342,-0.070534,-0.029342,-0.070534
6.002000,-0.029225,-0.070656,-0.029225,-0.070656
6.004000,-0.029110,-0.070778,-0.029110,-0.070778
6.006000,-0.028996,-0.070900,-0.028996,-0.070900
6.008000,-0.028883,-0.071021,-0.028883,-0.071021
6.010000,-0.028770,-0.071143,-0.028770,-0.071143
6.012000,-0.028659,-0.071264,-0.028659,-0.071264
6.014000,-0.028548,-0.071385,-0.028548,-0.071385
6.016000,-0.028438,-0.071507,-0.028438,-0.071507
6.018000,-0.028330,-0.071628,-0.028330,-0.071628
6.020000,-0.028222,-0.071749,-0.028222,-0.071749
6.022000,-0.028115,-0.071869,-0.028115,-0.071869
6.024000,-0.028009,-0.071990,-0.028009,-0.071990
6.026000,-0.027903,-0.072111,-0.027903,-0.072111
6.028000,-0.027799,-0.072231,-0.027799,-0.072231
6.030000,-0.027696,-0.072352,-0.027696,-0.072352
6.032000,-0.027593,-0.072472,-0.027593,-0.072472
6.034000,-0.027492,-0.072592,-0.027492,-0.072592
6.036000,-0.027391,-0.072712,-0.027391,-0.072712
6.038000,-0.027292,-0.072832,-0.027292,-0.072832
6.040000,-0.027193,-0.072952,-0.027193,-0.072952
6.042000,-0.027095,-0.073071,-0.027095,-0.073071
6.044000,-0.026998,-0.073191,-0.026998,-0.073191
6.046000,-0.026902,-0.073310,-0.026902,-0.073310
6.048000,-0.026807,-0.073430,-0.026807,-0.073430
6.050000,-0.026713,-0.073549,-0.026713,-0.073549
6.052000,-0.026619,-0.073668,-0.026619,-0.073668
6.054000,-0.026527,-0.073787,-0.026527,-0.073787
6.056000,-0.026435,-0.073906,-0.026435,-0.073906
6.058000,-0.026345,-0.074025,-0.026345,-0.074025
6.060000,-0.026255,-0.074143,-0.026255,-0.074143
6.062000,-0.026167,-0.074262,-0.026167,-0.074262
6.064000,-0.026079,-0.074380,-0.026079,-0.074380
6.066000,-0.025992,-0.074498,-0.025992,-0.074498
6.068000,-0.025906,-0.074616,-0.025906,-0.074616
6.070000,-0.025821,-0.074735,-0.025821,-0.074735
6.072000,-0.025737,-0.074852,-0.025737,-0.074852
6.074000,-0.025654,-0.074970,-0.025654,-0.074970
6.076000,-0.025571,-0.075088,-0.025571,-0.075088
6.078000,-0.025490,-0.075206,-0.025490,-0.075206
6.080000,-0.025410,-0.075323,-0.025410,-0.075323
6.082000,-0.025330,-0.075440,-0.025330,-0.075440
6.084000,-0.025252,-0.075558,-0.025252,-0.075558
6.086000,-0.025174,-0.075675,-0.025174,-0.075675
6.088000,-0.025097,-0.075792,-0.025097,-0.075792
6.090000,-0.025022,-0.075908,-0.025022,-0.075908
6.092000,-0.024947,-0.076025,-0.024947,-0.076025
6.094000,-0.024873,-0.076142,-0.024873,-0.076142
6.096000,-0.024800,-0.076258,-0.024800,-0.076258
6.098000,-0.024728,-0.076375,-0.024728,-0.076375
6.100000,-0.024657,-0.076491,-0.024657,-0.076491
6.102000,-0.024587,-0.076607,-0.024587,-0.076607
6.104000,-0.024517,-0.076723,-0.024517,-0.076723
6.106000,-0.024449,-0.076839,-0.024449,-0.076839
6.108000,-0.024382,-0.076955,-0.024382,-0.076955
6.110000,-0.024315,-0.077070,-0.024315,-0.077070
6.112000,-0.024250,-0.077186,-0.024250,-0.077186
6.114000,-0.024185,-0.077301,-0.024185,-0.077301
6.116000,-0.024122,-0.077417,-0.024122,-0.077417
6.118000,-0.024059,-0.077532,-0.024059,-0.077532
6.120000,-0.023997,-0.077647,-0.023997,-0.077647
6.122000,-0.023936,-0.077762,-0.023936,-0.077762
6.124000,-0.023876,-0.077876,-0.023876,-0.077876
6.126000,-0.023817,-0.077991,-0.023817,-0.077991
6.128000,-0.023759,-0.078106,-0.023759,-0.078106
6.130000,-0.023702,-0.078220,-0.023702,-0.078220
6.132000,-0.023646,-0.078334,-0.023646,-0.078334
6.134000,-0.023591,-0.078449,-0.023591,-0.078449
6.136000,-0.023537,-0.078563,-0.023537,-0.078563
6.138000,-0.023483,-0.078676,-0.023483,-0.078676
6.140000,-0.023431,-0.078790,-0.023431,-0.078790
6.142000,-0.023379,-0.078904,-0.023379,-0.078904
6.144000,-0.023329,-0.079018,-0.023329,-0.079018
6.146000,-0.023279,-0.079131,-0.023279,-0.079131
6.148000,-0.023231,-0.079244,-0.023231,-0.079244
6.150000,-0.023183,-0.079357,-0.023183,-0.079357
6.152000,-0.023136,-0.079470,-0.023136,-0.079470
6.154000,-0.023090,-0.079583,-0.023090,-0.079583
6.156000,-0.023045,-0.079696,-0.023045,-0.079696
6.158000,-0.023001,-0.079809,-0.023001,-0.079809
6.160000,-0.022958,-0.079921,-0.022958,-0.079921
6.162000,-0.022916,-0.080034,-0.022916,-0.080034
6.164000,-0.022875,-0.080146,-0.022875,-0.080146
6.166000,-0.022835,-0.080258,-0.022835,-0.080258
6.168000,-0.022796,-0.080370,-0.022796,-0.080370
6.170000,-0.022757,-0.080482,-0.022757,-0.080482
6.172000,-0.022720,-0.080594,-0.022720,-0.080594
6.174000,-0.022684,-0.080706,-0.022684,-0.080706
6.176000,-0.022648,-0.080817,-0.022648,-0.080817
6.178000,-0.022614,-0.080929,-0.022614,-0.080929
6.180000,-0.022580,-0.081040,-0.022580,-0.081040
6.182000,-0.022547,-0.081151,-0.022547,-0.081151
6.184000,-0.022516,-0.081262,-0.022516,-0.081262
6.186000,-0.022485,-0.081373,-0.022485,-0.081373
6.188000,-0.022455,-0.081484,-0.022455,-0.081484
6.190000,-0.022426,-0.081594,-0.022426,-0.081594
6.192000,-0.022398,-0.081705,-0.022398,-0.081705
6.194000,-0.022371,-0.081815,-0.022371,-0.081815
6.196000,-0.022345,-0.081926,-0.022345,-0.081926
6.198000,-0.022320,-0.082036,-0.022320,-0.082036
6.200000,-0.022296,-0.082146,-0.022296,-0.082146
6.202000,-0.022273,-0.082256,-0.022273,-0.082256
6.204000,-0.022251,-0.082365,-0.022251,-0.082365
6.206000,-0.022229,-0.082475,-0.022229,-0.082475
6.208000,-0.022209,-0.082584,-0.022209,-0.082584
6.210000,-0.022189,-0.082694,-0.022189,-0.082694
6.212000,-0.022171,-0.082803,-0.022171,-0.082803
6.214000,-0.022153,-0.082912,-0.022153,-0.082912
6.216000,-0.022137,-0.083021,-0.022137,-0.083021
6.218000,-0.022121,-0.083130,-0.022121,-0.083130
6.220000,-0.022107,-0.083238,-0.022107,-0.083238
6.222000,-0.022093,-0.083347,-0.022093,-0.083347
6.224000,-0.022080,-0.083455,-0.022080,-0.083455
6.226000,-0.022068,-0.083564,-0.022068,-0.083564
6.228000,-0.022057,-0.083672,-0.022057,-0.083672
6.230000,-0.022047,-0.083780,-0.022047,-0.083780
6.232000,-0.022038,-0.083888,-0.022038,-0.083888
6.234000,-0.022030,-0.083996,-0.022030,-0.083996
6.236000,-0.022023,-0.084103,-0.022023,-0.084103
6.238000,-0.022017,-0.084211,-0.022017,-0.084211
6.240000,-0.022012,-0.084318,-0.022012,-0.084318
6.242000,-0.022008,-0.084425,-0.022008,-0.084425
6.244000,-0.022004,-0.084532,-0.022004,-0.084532
6.246000,-0.022002,-0.084639,-0.022002,-0.084639
6.248000,-0.022000,-0.084746,-0.022000,-0.084746
6.250000,-0.022000,-0.084853,-0.022000,-0.084853
6.252000,-0.022000,-0.084959,-0.022000,-0.084959
6.254000,-0.022002,-0.085066,-0.022002,-0.085066
6.256000,-0.022004,-0.085172,-0.022004,-0.085172
6.258000,-0.022008,-0.085278,-0.022008,-0.085278
6.260000,-0.022012,-0.085384,-0.022012,-0.085384
6.262000,-0.022017,-0.085490,-0.022017,-0.085490
6.264000,-0.022023,-0.085596,-0.022023,-0.085596
6.266000,-0.022030,-0.085702,-0.022030,-0.085702
6.268000,-0.022038,-0.085807,-0.022038,-0.085807
6.270000,-0.022047,-0.085912,-0.022047,-0.085912
6.272000,-0.022057,-0.086018,-0.022057,-0.086018
6.274000,-0.022068,-0.086123,-0.022068,-0.086123
6.276000,-0.022080,-0.086228,-0.022080,-0.086228
6.278000,-0.022093,-0.086332,-0.022093,-0.086332
6.280000,-0.022107,-0.086437,-0.022107,-0.086437
6.282000,-0.022121,-0.086542,-0.022121,-0.086542
6.284000,-0.022137,-0.086646,-0.022137,-0.086646
6.286000,-0.022153,-0.086750,-0.022153,-0.086750
6.288000,-0.022171,-0.086854,-0.022171,-0.086854
6.290000,-0.022189,-0.086958,-0.022189,-0.086958
6.292000,-0.022209,-0.087062,-0.022209,-0.087062
6.294000,-0.022229,-0.087166,-0.022229,-0.087166
6.296000,-0.022251,-0.087270,-0.022251,-0.087270
6.298000,-0.022273,-0.087373,-0.022273,-0.087373
6.300000,-0.022296,-0.087476,-0.022296,-0.087476
6.302000,-0.022320,-0.087579,-0.022320,-0.087579
6.304000,-0.022345,-0.087682,-0.022345,-0.087682
6.306000,-0.022371,-0.087785,-0.022371,-0.087785
6.308000,-0.022398,-0.087888,-0.022398,-0.087888
6.310000,-0.022426,-0.087991,-0.022426,-0.087991
6.312000,-0.022455,-0.088093,-0.022455,-0.088093
6.314000,-0.022485,-0.088195,-0.022485,-0.088195
6.316000,-0.022516,-0.088298,-0.022516,-0.088298
6.318000,-0.022547,-0.088400,-0.022547,-0.088400
6.320000,-0.022580,-0.088502,-0.022580,-0.088502
6.322000,-0.022614,-0.088603,-0.022614,-0.088603
6.324000,-0.022648,-0.088705,-0.022648,-0.088705
6.326000,-0.022684,-0.088806,-0.022684,-0.088806
6.328000,-0.022720,-0.088908,-0.022720,-0.088908
6.330000,-0.022757,-0.089009,-0.022757,-0.089009
6.332000,-0.022796,-0.089110,-0.022796,-0.089110
6.334000,-0.022835,-0.089211,-0.022835,-0.089211
6.336000,-0.022875,-0.089312,-0.022875,-0.089312
6.338000,-0.022916,-0.089412,-0.022916,-0.089412
6.340000,-0.022958,-0.089513,-0.022958,-0.089513
6.342000,-0.023001,-0.089613,-0.023001,-0.089613
6.344000,-0.023045,-0.089714,-0.023045,-0.089714
6.346000,-0.023090,-0.089814,-0.023090,-0.089814
6.348000,-0.023136,-0.089914,-0.023136,-0.089914
6.350000,-0.023183,-0.090013,-0.023183,-0.090013
6.352000,-0.023231,-0.090113,-0.023231,-0.090113
6.354000,-0.023279,-0.090212,-0.023279,-0.090212
6.356000,-0.023329,-0.090312,-0.023329,-0.090312
6.358000,-0.023379,-0.090411,-0.023379,-0.090411
6.360000,-0.023431,-0.090510,-0.023431,-0.090510
6.362000,-0.023483,-0.090609,-0.023483,-0.090609
6.364000,-0.023537,-0.090708,-0.023537,-0.090708
6.366000,-0.023591,-0.090807,-0.023591,-0.090807
6.368000,-0.023646,-0.090905,-0.023646,-0.090905
6.370000,-0.023702,-0.091003,-0.023702,-0.091003
6.372000,-0.023759,-0.091102,-0.023759,-0.091102
6.374000,-0.023817,-0.091200,-0.023817,-0.091200
6.376000,-0.023876,-0.091298,-0.023876,-0.091298
6.378000,-0.023936,-0.091395,-0.023936,-0.091395
6.380000,-0.023997,-0.091493,-0.023997,-0.091493
6.382000,-0.024059,-0.091591,-0.024059,-0.091591
6.384000,-0.024122,-0.091688,-0.024122,-0.091688
6.386000,-0.024185,-0.091785,-0.024185,-0.091785
6.388000,-0.024250,-0.091882,-0.024250,-0.091882
6.390000,-0.024315,-0.091979,-0.024315,-0.091979
6.392000,-0.024382,-0.092076,-0.024382,-0.092076
6.394000,-0.024449,-0.092173,-0.024449,-0.092173
6.396000,-0.024517,-0.092269,-0.024517,-0.092269
6.398000,-0.024587,-0.092365,-0.024587,-0.092365
6.400000,-0.024657,-0.092462,-0.024657,-0.092462
6.402000,-0.024728,-0.092558,-0.024728,-0.092558
6.404000,-0.024800,-0.092654,-0.024800,-0.092654
6.406000,-0.024873,-0.092749,-0.024873,-0.092749
6.408000,-0.024947,-0.092845,-0.024947,-0.092845
6.410000,-0.025022,-0.092940,-0.025022,-0.092940
6.412000,-0.025097,-0.093036,-0.025097,-0.093036
6.414000,-0.025174,-0.093131,-0.025174,-0.093131
6.416000,-0.025252,-0.093226,-0.025252,-0.093226
6.418000,-0.025330,-0.093321,-0.025330,-0.093321
6.420000,-0.025410,-0.093415,-0.025410,-0.093415
6.422000,-0.025490,-0.093510,-0.025490,-0.093510
6.424000,-0.025571,-0.093604,-0.025571,-0.093604
6.426000,-0.025654,-0.093699,-0.025654,-0.093699
6.428000,-0.025737,-0.093793,-0.025737,-0.093793
6.430000,-0.025821,-0.093887,-0.025821,-0.093887
6.432000,-0.025906,-0.093981,-0.025906,-0.093981
6.434000,-0.025992,-0.094074,-0.025992,-0.094074
6.436000,-0.026079,-0.094168,-0.026079,-0.094168
6.438000,-0.026167,-0.094261,-0.026167,-0.094261
6.440000,-0.026255,-0.094355,-0.026255,-0.094355
6.442000,-0.026345,-0.094448,-0.026345,-0.094448
6.444000,-0.026435,-0.094541,-0.026435,-0.094541
6.446000,-0.026527,-0.094633,-0.026527,-0.094633
6.448000,-0.026619,-0.094726,-0.026619,-0.094726
6.450000,-0.026713,-0.094819,-0.026713,-0.094819
6.452000,-0.026807,-0.094911,-0.026807,-0.094911
6.454000,-0.026902,-0.095003,-0.026902,-0.095003
6.456000,-0.026998,-0.095095,-0.026998,-0.095095
6.458000,-0.027095,-0.095187,-0.027095,-0.095187
6.460000,-0.027193,-0.095279,-0.027193,-0.095279
6.462000,-0.027292,-0.095370,-0.027292,-0.095370
6.464000,-0.027391,-0.095462,-0.027391,-0.095462
6.466000,-0.027492,-0.095553,-0.027492,-0.095553
6.468000,-0.027593,-0.095644,-0.027593,-0.095644
6.470000,-0.027696,-0.095735,-0.027696,-0.095735
6.472000,-0.027799,-0.095826,-0.027799,-0.095826
6.474000,-0.027903,-0.095917,-0.027903,-0.095917
6.476000,-0.028009,-0.096007,-0.028009,-0.096007
6.478000,-0.028115,-0.096098,-0.028115,-0.096098
6.480000,-0.028222,-0.096188,-0.028222,-0.096188
6.482000,-0.028330,-0.096278,-0.028330,-0.096278
6.484000,-0.028438,-0.096368,-0.028438,-0.096368
6.486000,-0.028548,-0.096458,-0.028548,-0.096458
6.488000,-0.028659,-0.096547,-0.028659,-0.096547
6.490000,-0.028770,-0.096637,-0.028770,-0.096637
6.492000,-0.028883,-0.096726,-0.028883,-0.096726
6.494000,-0.028996,-0.096815,-0.028996,-0.096815
6.496000,-0.029110,-0.096904,-0.029110,-0.096904
6.498000,-0.029225,-0.096993,-0.029225,-0.096993
6.500000,-0.029342,-0.097082,-0.029342,-0.097082
6.502000,-0.029458,-0.097171,-0.029458,-0.097171
6.504000,-0.029576,-0.097259,-0.029576,-0.097259
6.506000,-0.029695,-0.097347,-0.029695,-0.097347
6.508000,-0.029815,-0.097435,-0.029815,-0.097435
6.510000,-0.029935,-0.097523,-0.029935,-0.097523
6.512000,-0.030057,-0.097611,-0.030057,-0.097611
6.514000,-0.030179,-0.097699,-0.030179,-0.097699
6.516000,-0.030302,-0.097786,-0.030302,-0.097786
6.518000,-0.030426,-0.097874,-0.030426,-0.097874
6.520000,-0.030551,-0.097961,-0.030551,-0.097961
6.522000,-0.030677,-0.098048,-0.030677,-0.098048
6.524000,-0.030804,-0.098135,-0.030804,-0.098135
6.526000,-0.030932,-0.098221,-0.030932,-0.098221
6.528000,-0.031060,-0.098308,-0.031060,-0.098308
6.530000,-0.031190,-0.098394,-0.031190,-0.098394
6.532000,-0.031320,-0.098480,-0.031320,-0.098480
6.534000,-0.031452,-0.098567,-0.031452,-0.098567
6.536000,-0.031584,-0.098653,-0.031584,-0.098653
6.538000,-0.031717,-0.098738,-0.031717,-0.098738
6.540000,-0.031851,-0.098824,-0.031851,-0.098824
6.542000,-0.031985,-0.098909,-0.031985,-0.098909
6.544000,-0.032121,-0.098995,-0.032121,-0.098995
6.546000,-0.032258,-0.099080,-0.032258,-0.099080
6.548000,-0.032395,-0.099165,-0.032395,-0.099165
6.550000,-0.032534,-0.099250,-0.032534,-0.099250
6.552000,-0.032673,-0.099334,-0.032673,-0.099334
6.554000,-0.032813,-0.099419,-0.032813,-0.099419
6.556000,-0.032954,-0.099503,-0.032954,-0.099503
6.558000,-0.033096,-0.099587,-0.033096,-0.099587
6.560000,-0.033238,-0.099672,-0.033238,-0.099672
6.562000,-0.033382,-0.099755,-0.033382,-0.099755
6.564000,-0.033527,-0.099839,-0.033527,-0.099839
6.566000,-0.033672,-0.099923,-0.033672,-0.099923
6.568000,-0.033818,-0.100006,-0.033818,-0.100006
6.570000,-0.033965,-0.100089,-0.033965,-0.100089
6.572000,-0.034113,-0.100173,-0.034113,-0.100173
6.574000,-0.034262,-0.100255,-0.034262,-0.100255
6.576000,-0.034412,-0.100338,-0.034412,-0.100338
6.578000,-0.034562,-0.100421,-0.034562,-0.100421
6.580000,-0.034714,-0.100503,-0.034714,-0.100503
6.582000,-0.034866,-0.100586,-0.034866,-0.100586
6.584000,-0.035019,-0.100668,-0.035019,-0.100668
6.586000,-0.035173,-0.100750,-0.035173,-0.100750
6.588000,-0.035328,-0.100832,-0.035328,-0.100832
6.590000,-0.035484,-0.100913,-0.035484,-0.100913
6.592000,-0.035641,-0.100995,-0.035641,-0.100995
6.594000,-0.035798,-0.101076,-0.035798,-0.101076
6.596000,-0.035957,-0.101157,-0.035957,-0.101157
6.598000,-0.036116,-0.101238,-0.036116,-0.101238
6.600000,-0.036276,-0.101319,-0.036276,-0.101319
6.602000,-0.036437,-0.101400,-0.036437,-0.101400
6.604000,-0.036599,-0.101481,-0.036599,-0.101481
6.606000,-0.036761,-0.101561,-0.036761,-0.101561
6.608000,-0.036925,-0.101641,-0.036925,-0.101641
6.610000,-0.037089,-0.101721,-0.037089,-0.101721
6.612000,-0.037254,-0.101801,-0.037254,-0.101801
6.614000,-0.037420,-0.101881,-0.037420,-0.101881
6.616000,-0.037587,-0.101961,-0.037587,-0.101961
6.618000,-0.037755,-0.102040,-0.037755,-0.102040
6.620000,-0.037924,-0.102119,-0.037924,-0.102119
6.622000,-0.038093,-0.102198,-0.038093,-0.102198
6.624000,-0.038264,-0.102277,-0.038264,-0.102277
6.626000,-0.038435,-0.102356,-0.038435,-0.102356
6.628000,-0.038607,-0.102435,-0.038607,-0.102435
6.630000,-0.038780,-0.102513,-0.038780,-0.102513
6.632000,-0.038953,-0.102592,-0.038953,-0.102592
6.634000,-0.039128,-0.102670,-0.039128,-0.102670
6.636000,-0.039303,-0.102748,-0.039303,-0.102748
6.638000,-0.039479,-0.102826,-0.039479,-0.102826
6.640000,-0.039656,-0.102903,-0.039656,-0.102903
6.642000,-0.039834,-0.102981,-0.039834,-0.102981
6.644000,-0.040013,-0.103058,-0.040013,-0.103058
6.646000,-0.040192,-0.103135,-0.040192,-0.103135
6.648000,-0.040373,-0.103212,-0.040373,-0.103212
6.650000,-0.040554,-0.103289,-0.040554,-0.103289
6.652000,-0.040736,-0.103366,-0.040736,-0.103366
6.654000,-0.040919,-0.103442,-0.040919,-0.103442
6.656000,-0.041103,-0.103519,-0.041103,-0.103519
6.658000,-0.041287,-0.103595,-0.041287,-0.103595
6.660000,-0.041472,-0.103671,-0.041472,-0.103671
6.662000,-0.041659,-0.103747,-0.041659,-0.103747
6.664000,-0.041846,-0.103822,-0.041846,-0.103822
6.666000,-0.042033,-0.103898,-0.042033,-0.103898
6.668000,-0.042222,-0.103973,-0.042222,-0.103973
6.670000,-0.042411,-0.104048,-0.042411,-0.104048
6.672000,-0.042602,-0.104124,-0.042602,-0.104124
6.674000,-0.042793,-0.104198,-0.042793,-0.104198
6.676000,-0.042985,-0.104273,-0.042985,-0.104273
6.678000,-0.043177,-0.104348,-0.043177,-0.104348
6.680000,-0.043371,-0.104422,-0.043371,-0.104422
6.682000,-0.043565,-0.104496,-0.043565,-0.104496
6.684000,-0.043761,-0.104570,-0.043761,-0.104570
6.686000,-0.043956,-0.104644,-0.043956,-0.104644
6.688000,-0.044153,-0.104718,-0.044153,-0.104718
6.690000,-0.044351,-0.104791,-0.044351,-0.104791
6.692000,-0.044549,-0.104865,-0.044549,-0.104865
6.694000,-0.044748,-0.104938,-0.044748,-0.104938
6.696000,-0.044948,-0.105011,-0.044948,-0.105011
6.698000,-0.045149,-0.105084,-0.045149,-0.105084
6.700000,-0.045351,-0.105157,-0.045351,-0.105157
6.702000,-0.045553,-0.105229,-0.045553,-0.105229
6.704000,-0.045756,-0.105302,-0.045756,-0.105302
6.706000,-0.045960,-0.105374,-0.045960,-0.105374
6.708000,-0.046165,-0.105446,-0.046165,-0.105446
6.710000,-0.046371,-0.105518,-0.046371,-0.105518
6.712000,-0.046577,-0.105590,-0.046577,-0.105590
6.714000,-0.046784,-0.105661,-0.046784,-0.105661
6.716000,-0.046992,-0.105733,-0.046992,-0.105733
6.718000,-0.047201,-0.105804,-0.047201,-0.105804
6.720000,-0.047411,-0.105875,-0.047411,-0.105875
6.722000,-0.047621,-0.105946,-0.047621,-0.105946
6.724000,-0.047832,-0.106017,-0.047832,-0.106017
6.726000,-0.048044,-0.106087,-0.048044,-0.106087
6.728000,-0.048257,-0.106158,-0.048257,-0.106158
6.730000,-0.048470,-0.106228,-0.048470,-0.106228
6.732000,-0.048684,-0.106298,-0.048684,-0.106298
6.734000,-0.048899,-0.106368,-0.048899,-0.106368
6.736000,-0.049115,-0.106437,-0.049115,-0.106437
6.738000,-0.049332,-0.106507,-0.049332,-0.106507
6.740000,-0.049549,-0.106576,-0.049549,-0.106576
6.742000,-0.049767,-0.106646,-0.049767,-0.106646
6.744000,-0.049986,-0.106715,-0.049986,-0.106715
6.746000,-0.050206,-0.106784,-0.050206,-0.106784
6.748000,-0.050426,-0.106852,-0.050426,-0.106852
6.750000,-0.050647,-0.106921,-0.050647,-0.106921
6.752000,-0.050869,-0.106989,-0.050869,-0.106989
6.754000,-0.051092,-0.107057,-0.051092,-0.107057
6.756000,-0.051316,-0.107125,-0.051316,-0.107125
6.758000,-0.051540,-0.107193,-0.051540,-0.107193
6.760000,-0.051765,-0.107261,-0.051765,-0.107261
6.762000,-0.051991,-0.107329,-0.051991,-0.107329
6.764000,-0.052217,-0.107396,-0.052217,-0.107396
6.766000,-0.052445,-0.107463,-0.052445,-0.107463
6.768000,-0.052673,-0.107530,-0.052673,-0.107530
6.770000,-0.052901,-0.107597,-0.052901,-0.107597
6.772000,-0.053131,-0.107664,-0.053131,-0.107664
6.774000,-0.053361,-0.107730,-0.053361,-0.107730
6.776000,-0.053592,-0.107796,-0.053592,-0.107796
6.778000,-0.053824,-0.107863,-0.053824,-0.107863
6.780000,-0.054057,-0.107929,-0.054057,-0.107929
6.782000,-0.054290,-0.107994,-0.054290,-0.107994
6.784000,-0.054524,-0.108060,-0.054524,-0.108060
6.786000,-0.054759,-0.108126,-0.054759,-0.108126
6.788000,-0.054994,-0.108191,-0.054994,-0.108191
6.790000,-0.055231,-0.108256,-0.055231,-0.108256
6.792000,-0.055468,-0.108321,-0.055468,-0.108321
6.794000,-0.055705,-0.108386,-0.055705,-0.108386
6.796000,-0.055944,-0.108450,-0.055944,-0.108450
6.798000,-0.056183,-0.108515,-0.056183,-0.108515
6.800000,-0.056423,-0.108579,-0.056423,-0.108579
6.802000,-0.056664,-0.108643,-0.056664,-0.108643
6.804000,-0.056905,-0.108707,-0.056905,-0.108707
6.806000,-0.057147,-0.108771,-0.057147,-0.108771
6.808000,-0.057390,-0.108835,-0.057390,-0.108835
6.810000,-0.057634,-0.108898,-0.057634,-0.108898
6.812000,-0.057878,-0.108961,-0.057878,-0.108961
6.814000,-0.058123,-0.109024,-0.058123,-0.109024
6.816000,-0.058369,-0.109087,-0.058369,-0.109087
6.818000,-0.058615,-0.109150,-0.058615,-0.109150
6.820000,-0.058862,-0.109213,-0.058862,-0.109213
6.822000,-0.059110,-0.109275,-0.059110,-0.109275
6.824000,-0.059359,-0.109337,-0.059359,-0.109337
6.826000,-0.059608,-0.109399,-0.059608,-0.109399
6.828000,-0.059858,-0.109461,-0.059858,-0.109461
6.830000,-0.060109,-0.109523,-0.060109,-0.109523
6.832000,-0.060360,-0.109585,-0.060360,-0.109585
6.834000,-0.060612,-0.109646,-0.060612,-0.109646
6.836000,-0.060865,-0.109707,-0.060865,-0.109707
6.838000,-0.061119,-0.109768,-0.061119,-0.109768
6.840000,-0.061373,-0.109829,-0.061373,-0.109829
6.842000,-0.061628,-0.109890,-0.061628,-0.109890
6.844000,-0.061884,-0.109950,-0.061884,-0.109950
6.846000,-0.062140,-0.110010,-0.062140,-0.110010
6.848000,-0.062397,-0.110071,-0.062397,-0.110071
6.850000,-0.062655,-0.110131,-0.062655,-0.110131
6.852000,-0.062913,-0.110190,-0.062913,-0.110190
6.854000,-0.063172,-0.110250,-0.063172,-0.110250
6.856000,-0.063432,-0.110309,-0.063432,-0.110309
6.858000,-0.063692,-0.110369,-0.063692,-0.110369
6.860000,-0.063954,-0.110428,-0.063954,-0.110428
6.862000,-0.064215,-0.110487,-0.064215,-0.110487
6.864000,-0.064478,-0.110546,-0.064478,-0.110546
6.866000,-0.064741,-0.110604,-0.064741,-0.110604
6.868000,-0.065005,-0.110662,-0.065005,-0.110662
6.870000,-0.065270,-0.110721,-0.065270,-0.110721
6.872000,-0.065535,-0.110779,-0.065535,-0.110779
6.874000,-0.065801,-0.110837,-0.065801,-0.110837
6.876000,-0.066067,-0.110894,-0.066067,-0.110894
6.878000,-0.066335,-0.110952,-0.066335,-0.110952
6.880000,-0.066603,-0.111009,-0.066603,-0.111009
6.882000,-0.066871,-0.111066,-0.066871,-0.111066
6.884000,-0.067140,-0.111123,-0.067140,-0.111123
6.886000,-0.067410,-0.111180,-0.067410,-0.111180
6.888000,-0.067681,-0.111237,-0.067681,-0.111237
6.890000,-0.067952,-0.111293,-0.067952,-0.111293
6.892000,-0.068224,-0.111350,-0.068224,-0.111350
6.894000,-0.068496,-0.111406,-0.068496,-0.111406
6.896000,-0.068770,-0.111462,-0.068770,-0.111462
6.898000,-0.069043,-0.111518,-0.069043,-0.111518
6.900000,-0.069318,-0.111573,-0.069318,-0.111573
6.902000,-0.069593,-0.111629,-0.069593,-0.111629
6.904000,-0.069869,-0.111684,-0.069869,-0.111684
6.906000,-0.070145,-0.111739,-0.070145,-0.111739
6.908000,-0.070422,-0.111794,-0.070422,-0.111794
6.910000,-0.070700,-0.111849,-0.070700,-0.111849
6.912000,-0.070978,-0.111903,-0.070978,-0.111903
6.914000,-0.071257,-0.111957,-0.071257,-0.111957
6.916000,-0.071537,-0.112012,-0.071537,-0.112012
6.918000,-0.071817,-0.112066,-0.071817,-0.112066
6.920000,-0.072098,-0.112119,-0.072098,-0.112119
6.922000,-0.072380,-0.112173,-0.072380,-0.112173
6.924000,-0.072662,-0.112227,-0.072662,-0.112227
6.926000,-0.072945,-0.112280,-0.072945,-0.112280
6.928000,-0.073228,-0.112333,-0.073228,-0.112333
6.930000,-0.073512,-0.112386,-0.073512,-0.112386
6.932000,-0.073797,-0.112439,-0.073797,-0.112439
6.934000,-0.074082,-0.112491,-0.074082,-0.112491
6.936000,-0.074368,-0.112544,-0.074368,-0.112544
6.938000,-0.074654,-0.112596,-0.074654,-0.112596
6.940000,-0.074942,-0.112648,-0.074942,-0.112648
6.942000,-0.075229,-0.112700,-0.075229,-0.112700
6.944000,-0.075518,-0.112752,-0.075518,-0.112752
6.946000,-0.075807,-0.112803,-0.075807,-0.112803
6.948000,-0.076096,-0.112855,-0.076096,-0.112855
6.950000,-0.076386,-0.112906,-0.076386,-0.112906
6.952000,-0.076677,-0.112957,-0.076677,-0.112957
6.954000,-0.076969,-0.113007,-0.076969,-0.113007
6.956000,-0.077261,-0.113058,-0.077261,-0.113058
6.958000,-0.077553,-0.113109,-0.077553,-0.113109
6.960000,-0.077846,-0.113159,-0.077846,-0.113159
6.962000,-0.078140,-0.113209,-0.078140,-0.113209
6.964000,-0.078434,-0.113259,-0.078434,-0.113259
6.966000,-0.078729,-0.113309,-0.078729,-0.113309
6.968000,-0.079025,-0.113358,-0.079025,-0.113358
6.970000,-0.079321,-0.113408,-0.079321,-0.113408
6.972000,-0.079618,-0.113457,-0.079618,-0.113457
6.974000,-0.079915,-0.113506,-0.079915,-0.113506
6.976000,-0.080213,-0.113555,-0.080213,-0.113555
6.978000,-0.080511,-0.113603,-0.080511,-0.113603
6.980000,-0.080810,-0.113652,-0.080810,-0.113652
6.982000,-0.081110,-0.113700,-0.081110,-0.113700
6.984000,-0.081410,-0.113748,-0.081410,-0.113748
6.986000,-0.081711,-0.113796,-0.081711,-0.113796
6.988000,-0.082012,-0.113844,-0.082012,-0.113844
6.990000,-0.082314,-0.113892,-0.082314,-0.113892
6.992000,-0.082617,-0.113939,-0.082617,-0.113939
6.994000,-0.082920,-0.113986,-0.082920,-0.113986
6.996000,-0.083223,-0.114033,-0.083223,-0.114033
6.998000,-0.083527,-0.114080,-0.083527,-0.114080
7.000000,-0.083832,-0.114127,-0.083832,-0.114127
7.002000,-0.084137,-0.114173,-0.084137,-0.114173
7.004000,-0.084443,-0.114220,-0.084443,-0.114220
7.006000,-0.084750,-0.114266,-0.084750,-0.114266
7.008000,-0.085057,-0.114312,-0.085057,-0.114312
7.010000,-0.085364,-0.114358,-0.085364,-0.114358
7.012000,-0.085672,-0.114403,-0.085672,-0.114403
7.014000,-0.085981,-0.114449,-0.085981,-0.114449
7.016000,-0.086290,-0.114494,-0.086290,-0.114494
7.018000,-0.086599,-0.114539,-0.086599,-0.114539
7.020000,-0.086910,-0.114584,-0.086910,-0.114584
7.022000,-0.087220,-0.114628,-0.087220,-0.114628
7.024000,-0.087532,-0.114673,-0.087532,-0.114673
7.026000,-0.087843,-0.114717,-0.087843,-0.114717
7.028000,-0.088156,-0.114761,-0.088156,-0.114761
7.030000,-0.088469,-0.114805,-0.088469,-0.114805
7.032000,-0.088782,-0.114849,-0.088782,-0.114849
7.034000,-0.089096,-0.114893,-0.089096,-0.114893
7.036000,-0.089410,-0.114936,-0.089410,-0.114936
7.038000,-0.089725,-0.114980,-0.089725,-0.114980
7.040000,-0.090041,-0.115023,-0.090041,-0.115023
7.042000,-0.090357,-0.115066,-0.090357,-0.115066
7.044000,-0.090673,-0.115108,-0.090673,-0.115108
7.046000,-0.090990,-0.115151,-0.090990,-0.115151
7.048000,-0.091308,-0.115193,-0.091308,-0.115193
7.050000,-0.091626,-0.115235,-0.091626,-0.115235
7.052000,-0.091945,-0.115277,-0.091945,-0.115277
7.054000,-0.092264,-0.115319,-0.092264,-0.115319
7.056000,-0.092583,-0.115361,-0.092583,-0.115361
7.058000,-0.092903,-0.115402,-0.092903,-0.115402
7.060000,-0.093224,-0.115443,-0.093224,-0.115443
7.062000,-0.093545,-0.115484,-0.093545,-0.115484
7.064000,-0.093866,-0.115525,-0.093866,-0.115525
7.066000,-0.094188,-0.115566,-0.094188,-0.115566
7.068000,-0.094511,-0.115607,-0.094511,-0.115607
7.070000,-0.094834,-0.115647,-0.094834,-0.115647
7.072000,-0.095158,-0.115687,-0.095158,-0.115687
7.074000,-0.095482,-0.115727,-0.095482,-0.115727
7.076000,-0.095806,-0.115767,-0.095806,-0.115767
7.078000,-0.096131,-0.115806,-0.096131,-0.115806
7.080000,-0.096457,-0.115846,-0.096457,-0.115846
7.082000,-0.096782,-0.115885,-0.096782,-0.115885
7.084000,-0.097109,-0.115924,-0.097109,-0.115924
7.086000,-0.097436,-0.115963,-0.097436,-0.115963
7.088000,-0.097763,-0.116002,-0.097763,-0.116002
7.090000,-0.098091,-0.116040,-0.098091,-0.116040
7.092000,-0.098419,-0.116079,-0.098419,-0.116079
7.094000,-0.098748,-0.116117,-0.098748,-0.116117
7.096000,-0.099077,-0.116155,-0.099077,-0.116155
7.098000,-0.099407,-0.116192,-0.099407,-0.116192
7.100000,-0.099737,-0.116230,-0.099737,-0.116230
7.102000,-0.100068,-0.116267,-0.100068,-0.116267
7.104000,-0.100399,-0.116305,-0.100399,-0.116305
7.106000,-0.100730,-0.116342,-0.100730,-0.116342
7.108000,-0.101062,-0.116379,-0.101062,-0.116379
7.110000,-0.101394,-0.116415,-0.101394,-0.116415
7.112000,-0.101727,-0.116452,-0.101727,-0.116452
7.114000,-0.102061,-0.116488,-0.102061,-0.116488
7.116000,-0.102394,-0.116524,-0.102394,-0.116524
7.118000,-0.102728,-0.116560,-0.102728,-0.116560
7.120000,-0.103063,-0.116596,-0.103063,-0.116596
7.122000,-0.103398,-0.116631,-0.103398,-0.116631
7.124000,-0.103734,-0.116667,-0.103734,-0.116667
7.126000,-0.104069,-0.116702,-0.104069,-0.116702
7.128000,-0.104406,-0.116737,-0.104406,-0.116737
7.130000,-0.104743,-0.116772,-0.104743,-0.116772
7.132000,-0.105080,-0.116806,-0.105080,-0.116806
7.134000,-0.105417,-0.116841,-0.105417,-0.116841
7.136000,-0.105755,-0.116875,-0.105755,-0.116875
7.138000,-0.106094,-0.116909,-0.106094,-0.116909
7.140000,-0.106433,-0.116943,-0.106433,-0.116943
7.142000,-0.106772,-0.116977,-0.106772,-0.116977
7.144000,-0.107112,-0.117010,-0.107112,-0.117010
7.146000,-0.107452,-0.117044,-0.107452,-0.117044
7.148000,-0.107792,-0.117077,-0.107792,-0.117077
7.150000,-0.108133,-0.117110,-0.108133,-0.117110
7.152000,-0.108474,-0.117143,-0.108474,-0.117143
7.154000,-0.108816,-0.117175,-0.108816,-0.117175
7.156000,-0.109158,-0.117208,-0.109158,-0.117208
7.158000,-0.109501,-0.117240,-0.109501,-0.117240
7.160000,-0.109844,-0.117272,-0.109844,-0.117272
7.162000,-0.110187,-0.117304,-0.110187,-0.117304
7.164000,-0.110531,-0.117336,-0.110531,-0.117336
7.166000,-0.110875,-0.117367,-0.110875,-0.117367
7.168000,-0.111219,-0.117399,-0.111219,-0.117399
7.170000,-0.111564,-0.117430,-0.111564,-0.117430
7.172000,-0.111909,-0.117461,-0.111909,-0.117461
7.174000,-0.112255,-0.117491,-0.112255,-0.117491
7.176000,-0.112601,-0.117522,-0.112601,-0.117522
7.178000,-0.112947,-0.117552,-0.112947,-0.117552
7.180000,-0.113294,-0.117583,-0.113294,-0.117583
7.182000,-0.113641,-0.117613,-0.113641,-0.117613
7.184000,-0.113989,-0.117642,-0.113989,-0.117642
7.186000,-0.114336,-0.117672,-0.114336,-0.117672
7.188000,-0.114685,-0.117702,-0.114685,-0.117702
7.190000,-0.115033,-0.117731,-0.115033,-0.117731
7.192000,-0.115382,-0.117760,-0.115382,-0.117760
7.194000,-0.115731,-0.117789,-0.115731,-0.117789
7.196000,-0.116081,-0.117818,-0.116081,-0.117818
7.198000,-0.116431,-0.117846,-0.116431,-0.117846
7.200000,-0.116781,-0.117874,-0.116781,-0.117874
7.202000,-0.117132,-0.117903,-0.117132,-0.117903
7.204000,-0.117483,-0.117931,-0.117483,-0.117931
7.206000,-0.117834,-0.117958,-0.117834,-0.117958
7.208000,-0.118186,-0.117986,-0.118186,-0.117986
7.210000,-0.118538,-0.118013,-0.118538,-0.118013
7.212000,-0.118891,-0.118041,-0.118891,-0.118041
7.214000,-0.119243,-0.118068,-0.119243,-0.118068
7.216000,-0.119596,-0.118095,-0.119596,-0.118095
7.218000,-0.119950,-0.118121,-0.119950,-0.118121
7.220000,-0.120304,-0.118148,-0.120304,-0.118148
7.222000,-0.120658,-0.118174,-0.120658,-0.118174
7.224000,-0.121012,-0.118200,-0.121012,-0.118200
7.226000,-0.121367,-0.118226,-0.121367,-0.118226
7.228000,-0.121722,-0.118252,-0.121722,-0.118252
7.230000,-0.122077,-0.118277,-0.122077,-0.118277
7.232000,-0.122433,-0.118303,-0.122433,-0.118303
7.234000,-0.122789,-0.118328,-0.122789,-0.118328
7.236000,-0.123145,-0.118353,-0.123145,-0.118353
7.238000,-0.123502,-0.118378,-0.123502,-0.118378
7.240000,-0.123858,-0.118402,-0.123858,-0.118402
7.242000,-0.124216,-0.118427,-0.124216,-0.118427
7.244000,-0.124573,-0.118451,-0.124573,-0.118451
7.246000,-0.124931,-0.118475,-0.124931,-0.118475
7.248000,-0.125289,-0.118499,-0.125289,-0.118499
7.250000,-0.125647,-0.118523,-0.125647,-0.118523
7.252000,-0.126006,-0.118546,-0.126006,-0.118546
7.254000,-0.126365,-0.118569,-0.126365,-0.118569
7.256000,-0.126724,-0.118593,-0.126724,-0.118593
7.258000,-0.127084,-0.118615,-0.127084,-0.118615
7.260000,-0.127444,-0.118638,-0.127444,-0.118638
7.262000,-0.127804,-0.118661,-0.127804,-0.118661
7.264000,-0.128164,-0.118683,-0.128164,-0.118683
7.266000,-0.128525,-0.118705,-0.128525,-0.118705
7.268000,-0.128886,-0.118727,-0.128886,-0.118727
7.270000,-0.129247,-0.118749,-0.129247,-0.118749
7.272000,-0.129609,-0.118771,-0.129609,-0.118771
7.274000,-0.129970,-0.118792,-0.129970,-0.118792
7.276000,-0.130332,-0.118813,-0.130332,-0.118813
7.278000,-0.130695,-0.118834,-0.130695,-0.118834
7.280000,-0.131057,-0.118855,-0.131057,-0.118855
7.282000,-0.131420,-0.118876,-0.131420,-0.118876
7.284000,-0.131783,-0.118897,-0.131783,-0.118897
7.286000,-0.132146,-0.118917,-0.132146,-0.118917
7.288000,-0.132510,-0.118937,-0.132510,-0.118937
7.290000,-0.132874,-0.118957,-0.132874,-0.118957
7.292000,-0.133238,-0.118977,-0.133238,-0.118977
7.294000,-0.133602,-0.118996,-0.133602,-0.118996
7.296000,-0.133967,-0.119016,-0.133967,-0.119016
7.298000,-0.134331,-0.119035,-0.134331,-0.119035
7.300000,-0.134697,-0.119054,-0.134697,-0.119054
7.302000,-0.135062,-0.119073,-0.135062,-0.119073
7.304000,-0.135427,-0.119091,-0.135427,-0.119091
7.306000,-0.135793,-0.119110,-0.135793,-0.119110
7.308000,-0.136159,-0.119128,-0.136159,-0.119128
7.310000,-0.136525,-0.119146,-0.136525,-0.119146
7.312000,-0.136892,-0.119164,-0.136892,-0.119164
7.314000,-0.137258,-0.119181,-0.137258,-0.119181
7.316000,-0.137625,-0.119199,-0.137625,-0.119199
7.318000,-0.137992,-0.119216,-0.137992,-0.119216
7.320000,-0.138359,-0.119233,-0.138359,-0.119233
7.322000,-0.138727,-0.119250,-0.138727,-0.119250
7.324000,-0.139095,-0.119267,-0.139095,-0.119267
7.326000,-0.139462,-0.119284,-0.139462,-0.119284
7.328000,-0.139831,-0.119300,-0.139831,-0.119300
7.330000,-0.140199,-0.119316,-0.140199,-0.119316
7.332000,-0.140567,-0.119332,-0.140567,-0.119332
7.334000,-0.140936,-0.119348,-0.140936,-0.119348
7.336000,-0.141305,-0.119363,-0.141305,-0.119363
7.338000,-0.141674,-0.119379,-0.141674,-0.119379
7.340000,-0.142044,-0.119394,-0.142044,-0.119394
7.342000,-0.142413,-0.119409,-0.142413,-0.119409
7.344000,-0.142783,-0.119424,-0.142783,-0.119424
7.346000,-0.143153,-0.119439,-0.143153,-0.119439
7.348000,-0.143523,-0.119453,-0.143523,-0.119453
7.350000,-0.143893,-0.119467,-0.143893,-0.119467
7.352000,-0.144263,-0.119482,-0.144263,-0.119482
7.354000,-0.144634,-0.119495,-0.144634,-0.119495
7.356000,-0.145005,-0.119509,-0.145005,-0.119509
7.358000,-0.145375,-0.119523,-0.145375,-0.119523
7.360000,-0.145747,-0.119536,-0.145747,-0.119536
7.362000,-0.146118,-0.119549,-0.146118,-0.119549
7.364000,-0.146489,-0.119562,-0.146489,-0.119562
7.366000,-0.146861,-0.119575,-0.146861,-0.119575
7.368000,-0.147233,-0.119588,-0.147233,-0.119588
7.370000,-0.147604,-0.119600,-0.147604,-0.119600
7.372000,-0.147976,-0.119612,-0.147976,-0.119612
7.374000,-0.148349,-0.119624,-0.148349,-0.119624
7.376000,-0.148721,-0.119636,-0.148721,-0.119636
7.378000,-0.149094,-0.119648,-0.149094,-0.119648
7.380000,-0.149466,-0.119659,-0.149466,-0.119659
7.382000,-0.149839,-0.119670,-0.149839,-0.119670
7.384000,-0.150212,-0.119681,-0.150212,-0.119681
7.386000,-0.150585,-0.119692,-0.150585,-0.119692
7.388000,-0.150958,-0.119703,-0.150958,-0.119703
7.390000,-0.151331,-0.119714,-0.151331,-0.119714
7.392000,-0.151705,-0.119724,-0.151705,-0.119724
7.394000,-0.152079,-0.119734,-0.152079,-0.119734
7.396000,-0.152452,-0.119744,-0.152452,-0.119744
7.398000,-0.152826,-0.119754,-0.152826,-0.119754
7.400000,-0.153200,-0.119763,-0.153200,-0.119763
7.402000,-0.153574,-0.119773,-0.153574,-0.119773
7.404000,-0.153948,-0.119782,-0.153948,-0.119782
7.406000,-0.154323,-0.119791,-0.154323,-0.119791
7.408000,-0.154697,-0.119800,-0.154697,-0.119800
7.410000,-0.155072,-0.119808,-0.155072,-0.119808
7.412000,-0.155446,-0.119817,-0.155446,-0.119817
7.414000,-0.155821,-0.119825,-0.155821,-0.119825
7.416000,-0.156196,-0.119833,-0.156196,-0.119833
7.418000,-0.156571,-0.119841,-0.156571,-0.119841
7.420000,-0.156946,-0.119848,-0.156946,-0.119848
7.422000,-0.157321,-0.119856,-0.157321,-0.119856
7.424000,-0.157696,-0.119863,-0.157696,-0.119863
7.426000,-0.158071,-0.119870,-0.158071,-0.119870
7.428000,-0.158447,-0.119877,-0.158447,-0.119877
7.430000,-0.158822,-0.119884,-0.158822,-0.119884
7.432000,-0.159198,-0.119890,-0.159198,-0.119890
7.434000,-0.159574,-0.119897,-0.159574,-0.119897
7.436000,-0.159949,-0.119903,-0.159949,-0.119903
7.438000,-0.160325,-0.119909,-0.160325,-0.119909
7.440000,-0.160701,-0.119915,-0.160701,-0.119915
7.442000,-0.161077,-0.119920,-0.161077,-0.119920
7.444000,-0.161453,-0.119926,-0.161453,-0.119926
7.446000,-0.161829,-0.119931,-0.161829,-0.119931
7.448000,-0.162205,-0.119936,-0.162205,-0.119936
7.450000,-0.162581,-0.119941,-0.162581,-0.119941
7.452000,-0.162958,-0.119945,-0.162958,-0.119945
7.454000,-0.163334,-0.119950,-0.163334,-0.119950
7.456000,-0.163710,-0.119954,-0.163710,-0.119954
7.458000,-0.164087,-0.119958,-0.164087,-0.119958
7.460000,-0.164463,-0.119962,-0.164463,-0.119962
7.462000,-0.164840,-0.119966,-0.164840,-0.119966
7.464000,-0.165216,-0.119969,-0.165216,-0.119969
7.466000,-0.165593,-0.119973,-0.165593,-0.119973
7.468000,-0.165970,-0.119976,-0.165970,-0.119976
7.470000,-0.166346,-0.119979,-0.166346,-0.119979
7.472000,-0.166723,-0.119981,-0.166723,-0.119981
7.474000,-0.167100,-0.119984,-0.167100,-0.119984
7.476000,-0.167477,-0.119986,-0.167477,-0.119986
7.478000,-0.167854,-0.119989,-0.167854,-0.119989
7.480000,-0.168230,-0.119991,-0.168230,-0.119991
7.482000,-0.168607,-0.119992,-0.168607,-0.119992
7.484000,-0.168984,-0.119994,-0.168984,-0.119994
7.486000,-0.169361,-0.119995,-0.169361,-0.119995
7.488000,-0.169738,-0.119997,-0.169738,-0.119997
7.490000,-0.170115,-0.119998,-0.170115,-0.119998
7.492000,-0.170492,-0.119998,-0.170492,-0.119998
7.494000,-0.170869,-0.119999,-0.170869,-0.119999
7.496000,-0.171246,-0.120000,-0.171246,-0.120000
7.498000,-0.171623,-0.120000,-0.171623,-0.120000
7.500000,-0.172000,-0.120000,-0.172000,-0.120000
7.502000,-0.172377,-0.120000,-0.172377,-0.120000
7.504000,-0.172754,-0.120000,-0.172754,-0.120000
7.506000,-0.173131,-0.119999,-0.173131,-0.119999
7.508000,-0.173508,-0.119998,-0.173508,-0.119998
7.510000,-0.173885,-0.119998,-0.173885,-0.119998
7.512000,-0.174262,-0.119997,-0.174262,-0.119997
7.514000,-0.174639,-0.119995,-0.174639,-0.119995
7.516000,-0.175016,-0.119994,-0.175016,-0.119994
7.518000,-0.175393,-0.119992,-0.175393,-0.119992
7.520000,-0.175770,-0.119991,-0.175770,-0.119991
7.522000,-0.176146,-0.119989,-0.176146,-0.119989
7.524000,-0.176523,-0.119986,-0.176523,-0.119986
7.526000,-0.176900,-0.119984,-0.176900,-0.119984
7.528000,-0.177277,-0.119981,-0.177277,-0.119981
7.530000,-0.177654,-0.119979,-0.177654,-0.119979
7.532000,-0.178030,-0.119976,-0.178030,-0.119976
7.534000,-0.178407,-0.119973,-0.178407,-0.119973
7.536000,-0.178784,-0.119969,-0.178784,-0.119969
7.538000,-0.179160,-0.119966,-0.179160,-0.119966
7.540000,-0.179537,-0.119962,-0.179537,-0.119962
7.542000,-0.179913,-0.119958,-0.179913,-0.119958
7.544000,-0.180290,-0.119954,-0.180290,-0.119954
7.546000,-0.180666,-0.119950,-0.180666,-0.119950
7.548000,-0.181042,-0.119945,-0.181042,-0.119945
7.550000,-0.181419,-0.119941,-0.181419,-0.119941
7.552000,-0.181795,-0.119936,-0.181795,-0.119936
7.554000,-0.182171,-0.119931,-0.182171,-0.119931
7.556000,-0.182547,-0.119926,-0.182547,-0.119926
7.558000,-0.182923,-0.119920,-0.182923,-0.119920
7.560000,-0.183299,-0.119915,-0.183299,-0.119915
7.562000,-0.183675,-0.119909,-0.183675,-0.119909
7.564000,-0.184051,-0.119903,-0.184051,-0.119903
7.566000,-0.184426,-0.119897,-0.184426,-0.119897
7.568000,-0.184802,-0.119890,-0.184802,-0.119890
7.570000,-0.185178,-0.119884,-0.185178,-0.119884
7.572000,-0.185553,-0.119877,-0.185553,-0.119877
7.574000,-0.185929,-0.119870,-0.185929,-0.119870
7.576000,-0.186304,-0.119863,-0.186304,-0.119863
7.578000,-0.186679,-0.119856,-0.186679,-0.119856
7.580000,-0.187054,-0.119848,-0.187054,-0.119848
7.582000,-0.187429,-0.119841,-0.187429,-0.119841
7.584000,-0.187804,-0.119833,-0.187804,-0.119833
7.586000,-0.188179,-0.119825,-0.188179,-0.119825
7.588000,-0.188554,-0.119817,-0.188554,-0.119817
7.590000,-0.188928,-0.119808,-0.188928,-0.119808
7.592000,-0.189303,-0.119800,-0.189303,-0.119800
7.594000,-0.189677,-0.119791,-0.189677,-0.119791
7.596000,-0.190052,-0.119782,-0.190052,-0.119782
7.598000,-0.190426,-0.119773,-0.190426,-0.119773
7.600000,-0.190800,-0.119763,-0.190800,-0.119763
7.602000,-0.191174,-0.119754,-0.191174,-0.119754
7.604000,-0.191548,-0.119744,-0.191548,-0.119744
7.606000,-0.191921,-0.119734,-0.191921,-0.119734
7.608000,-0.192295,-0.119724,-0.192295,-0.119724
7.610000,-0.192669,-0.119714,-0.192669,-0.119714
7.612000,-0.193042,-0.119703,-0.193042,-0.119703
7.614000,-0.193415,-0.119692,-0.193415,-0.119692
7.616000,-0.193788,-0.119681,-0.193788,-0.119681
7.618000,-0.194161,-0.119670,-0.194161,-0.119670
7.620000,-0.194534,-0.119659,-0.194534,-0.119659
7.622000,-0.194906,-0.119648,-0.194906,-0.119648
7.624000,-0.195279,-0.119636,-0.195279,-0.119636
7.626000,-0.195651,-0.119624,-0.195651,-0.119624
7.628000,-0.196024,-0.119612,-0.196024,-0.119612
7.630000,-0.196396,-0.119600,-0.196396,-0.119600
7.632000,-0.196767,-0.119588,-0.196767,-0.119588
7.634000,-0.197139,-0.119575,-0.197139,-0.119575
7.636000,-0.197511,-0.119562,-0.197511,-0.119562
7.638000,-0.197882,-0.119549,-0.197882,-0.119549
7.640000,-0.198253,-0.119536,-0.198253,-0.119536
7.642000,-0.198625,-0.119523,-0.198625,-0.119523
7.644000,-0.198995,-0.119509,-0.198995,-0.119509
7.646000,-0.199366,-0.119495,-0.199366,-0.119495
7.648000,-0.199737,-0.119482,-0.199737,-0.119482
7.650000,-0.200107,-0.119467,-0.200107,-0.119467
7.652000,-0.200477,-0.119453,-0.200477,-0.119453
7.654000,-0.200847,-0.119439,-0.200847,-0.119439
7.656000,-0.201217,-0.119424,-0.201217,-0.119424
7.658000,-0.201587,-0.119409,-0.201587,-0.119409
7.660000,-0.201956,-0.119394,-0.201956,-0.119394
7.662000,-0.202326,-0.119379,-0.202326,-0.119379
7.664000,-0.202695,-0.119363,-0.202695,-0.119363
7.666000,-0.203064,-0.119348,-0.203064,-0.119348
7.668000,-0.203433,-0.119332,-0.203433,-0.119332
7.670000,-0.203801,-0.119316,-0.203801,-0.119316
7.672000,-0.204169,-0.119300,-0.204169,-0.119300
7.674000,-0.204538,-0.119284,-0.204538,-0.119284
7.676000,-0.204905,-0.119267,-0.204905,-0.119267
7.678000,-0.205273,-0.119250,-0.205273,-0.119250
7.680000,-0.205641,-0.119233,-0.205641,-0.119233
7.682000,-0.206008,-0.119216,-0.206008,-0.119216
7.684000,-0.206375,-0.119199,-0.206375,-0.119199
7.686000,-0.206742,-0.119181,-0.206742,-0.119181
7.688000,-0.207108,-0.119164,-0.207108,-0.119164
7.690000,-0.207475,-0.119146,-0.207475,-0.119146
7.692000,-0.207841,-0.119128,-0.207841,-0.119128
7.694000,-0.208207,-0.119110,-0.208207,-0.119110
7.696000,-0.208573,-0.119091,-0.208573,-0.119091
7.698000,-0.208938,-0.119073,-0.208938,-0.119073
7.700000,-0.209303,-0.119054,-0.209303,-0.119054
7.702000,-0.209669,-0.119035,-0.209669,-0.119035
7.704000,-0.210033,-0.119016,-0.210033,-0.119016
7.706000,-0.210398,-0.118996,-0.210398,-0.118996
7.708000,-0.210762,-0.118977,-0.210762,-0.118977
7.710000,-0.211126,-0.118957,-0.211126,-0.118957
7.712000,-0.211490,-0.118937,-0.211490,-0.118937
7.714000,-0.211854,-0.118917,-0.211854,-0.118917
7.716000,-0.212217,-0.118897,-0.212217,-0.118897
7.718000,-0.212580,-0.118876,-0.212580,-0.118876
7.720000,-0.212943,-0.118855,-0.212943,-0.118855
7.722000,-0.213305,-0.118834,-0.213305,-0.118834
7.724000,-0.213668,-0.118813,-0.213668,-0.118813
7.726000,-0.214030,-0.118792,-0.214030,-0.118792
7.728000,-0.214391,-0.118771,-0.214391,-0.118771
7.730000,-0.214753,-0.118749,-0.214753,-0.118749
7.732000,-0.215114,-0.118727,-0.215114,-0.118727
7.734000,-0.215475,-0.118705,-0.215475,-0.118705
7.736000,-0.215836,-0.118683,-0.215836,-0.118683
7.738000,-0.216196,-0.118661,-0.216196,-0.118661
7.740000,-0.216556,-0.118638,-0.216556,-0.118638
7.742000,-0.216916,-0.118615,-0.216916,-0.118615
7.744000,-0.217276,-0.118593,-0.217276,-0.118593
7.746000,-0.217635,-0.118569,-0.217635,-0.118569
7.748000,-0.217994,-0.118546,-0.217994,-0.118546
7.750000,-0.218353,-0.118523,-0.218353,-0.118523
7.752000,-0.218711,-0.118499,-0.218711,-0.118499
7.754000,-0.219069,-0.118475,-0.219069,-0.118475
7.756000,-0.219427,-0.118451,-0.219427,-0.118451
7.758000,-0.219784,-0.118427,-0.219784,-0.118427
7.760000,-0.220142,-0.118402,-0.220142,-0.118402
7.762000,-0.220498,-0.118378,-0.220498,-0.118378
7.764000,-0.220855,-0.118353,-0.220855,-0.118353
7.766000,-0.221211,-0.118328,-0.221211,-0.118328
7.768000,-0.221567,-0.118303,-0.221567,-0.118303
7.770000,-0.221923,-0.118277,-0.221923,-0.118277
7.772000,-0.222278,-0.118252,-0.222278,-0.118252
7.774000,-0.222633,-0.118226,-0.222633,-0.118226
7.776000,-0.222988,-0.118200,-0.222988,-0.118200
7.778000,-0.223342,-0.118174,-0.223342,-0.118174
7.780000,-0.223696,-0.118148,-0.223696,-0.118148
7.782000,-0.224050,-0.118121,-0.224050,-0.118121
7.784000,-0.224404,-0.118095,-0.224404,-0.118095
7.786000,-0.224757,-0.118068,-0.224757,-0.118068
7.788000,-0.225109,-0.118041,-0.225109,-0.118041
7.790000,-0.225462,-0.118013,-0.225462,-0.118013
7.792000,-0.225814,-0.117986,-0.225814,-0.117986
7.794000,-0.226166,-0.117958,-0.226166,-0.117958
7.796000,-0.226517,-0.117931,-0.226517,-0.117931
7.798000,-0.226868,-0.117903,-0.226868,-0.117903
7.800000,-0.227219,-0.117874,-0.227219,-0.117874
7.802000,-0.227569,-0.117846,-0.227569,-0.117846
7.804000,-0.227919,-0.117818,-0.227919,-0.117818
7.806000,-0.228269,-0.117789,-0.228269,-0.117789
7.808000,-0.228618,-0.117760,-0.228618,-0.117760
7.810000,-0.228967,-0.117731,-0.228967,-0.117731
7.812000,-0.229315,-0.117702,-0.229315,-0.117702
7.814000,-0.229664,-0.117672,-0.229664,-0.117672
7.816000,-0.230011,-0.117642,-0.230011,-0.117642
7.818000,-0.230359,-0.117613,-0.230359,-0.117613
7.820000,-0.230706,-0.117583,-0.230706,-0.117583
7.822000,-0.231053,-0.117552,-0.231053,-0.117552
7.824000,-0.231399,-0.117522,-0.231399,-0.117522
7.826000,-0.231745,-0.117491,-0.231745,-0.117491
7.828000,-0.232091,-0.117461,-0.232091,-0.117461
7.830000,-0.232436,-0.117430,-0.232436,-0.117430
7.832000,-0.232781,-0.117399,-0.232781,-0.117399
7.834000,-0.233125,-0.117367,-0.233125,-0.117367
7.836000,-0.233469,-0.117336,-0.233469,-0.117336
7.838000,-0.233813,-0.117304,-0.233813,-0.117304
7.840000,-0.234156,-0.117272,-0.234156,-0.117272
7.842000,-0.234499,-0.117240,-0.234499,-0.117240
7.844000,-0.234842,-0.117208,-0.234842,-0.117208
7.846000,-0.235184,-0.117175,-0.235184,-0.117175
7.848000,-0.235526,-0.117143,-0.235526,-0.117143
7.850000,-0.235867,-0.117110,-0.235867,-0.117110
7.852000,-0.236208,-0.117077,-0.236208,-0.117077
7.854000,-0.236548,-0.117044,-0.236548,-0.117044
7.856000,-0.236888,-0.117010,-0.236888,-0.117010
7.858000,-0.237228,-0.116977,-0.237228,-0.116977
7.860000,-0.237567,-0.116943,-0.237567,-0.116943
7.862000,-0.237906,-0.116909,-0.237906,-0.116909
7.864000,-0.238245,-0.116875,-0.238245,-0.116875
7.866000,-0.238583,-0.116841,-0.238583,-0.116841
7.868000,-0.238920,-0.116806,-0.238920,-0.116806
7.870000,-0.239257,-0.116772,-0.239257,-0.116772
7.872000,-0.239594,-0.116737,-0.239594,-0.116737
7.874000,-0.239931,-0.116702,-0.239931,-0.116702
7.876000,-0.240266,-0.116667,-0.240266,-0.116667
7.878000,-0.240602,-0.116631,-0.240602,-0.116631
7.880000,-0.240937,-0.116596,-0.240937,-0.116596
7.882000,-0.241272,-0.116560,-0.241272,-0.116560
7.884000,-0.241606,-0.116524,-0.241606,-0.116524
7.886000,-0.241939,-0.116488,-0.241939,-0.116488
7.888000,-0.242273,-0.116452,-0.242273,-0.116452
7.890000,-0.242606,-0.116415,-0.242606,-0.116415
7.892000,-0.242938,-0.116379,-0.242938,-0.116379
7.894000,-0.243270,-0.116342,-0.243270,-0.116342
7.896000,-0.243601,-0.116305,-0.243601,-0.116305
7.898000,-0.243932,-0.116267,-0.243932,-0.116267
7.900000,-0.244263,-0.116230,-0.244263,-0.116230
7.902000,-0.244593,-0.116192,-0.244593,-0.116192
7.904000,-0.244923,-0.116155,-0.244923,-0.116155
7.906000,-0.245252,-0.116117,-0.245252,-0.116117
7.908000,-0.245581,-0.116079,-0.245581,-0.116079
7.910000,-0.245909,-0.116040,-0.245909,-0.116040
7.912000,-0.246237,-0.116002,-0.246237,-0.116002
7.914000,-0.246564,-0.115963,-0.246564,-0.115963
7.916000,-0.246891,-0.115924,-0.246891,-0.115924
7.918000,-0.247218,-0.115885,-0.247218,-0.115885
7.920000,-0.247543,-0.115846,-0.247543,-0.115846
7.922000,-0.247869,-0.115806,-0.247869,-0.115806
7.924000,-0.248194,-0.115767,-0.248194,-0.115767
7.926000,-0.248518,-0.115727,-0.248518,-0.115727
7.928000,-0.248842,-0.115687,-0.248842,-0.115687
7.930000,-0.249166,-0.115647,-0.249166,-0.115647
7.932000,-0.249489,-0.115607,-0.249489,-0.115607
7.934000,-0.249812,-0.115566,-0.249812,-0.115566
7.936000,-0.250134,-0.115525,-0.250134,-0.115525
7.938000,-0.250455,-0.115484,-0.250455,-0.115484
7.940000,-0.250776,-0.115443,-0.250776,-0.115443
7.942000,-0.251097,-0.115402,-0.251097,-0.115402
7.944000,-0.251417,-0.115361,-0.251417,-0.115361
7.946000,-0.251736,-0.115319,-0.251736,-0.115319
7.948000,-0.252055,-0.115277,-0.252055,-0.115277
7.950000,-0.252374,-0.115235,-0.252374,-0.115235
7.952000,-0.252692,-0.115193,-0.252692,-0.115193
7.954000,-0.253010,-0.115151,-0.253010,-0.115151
7.956000,-0.253327,-0.115108,-0.253327,-0.115108
7.958000,-0.253643,-0.115066,-0.253643,-0.115066
7.960000,-0.253959,-0.115023,-0.253959,-0.115023
7.962000,-0.254275,-0.114980,-0.254275,-0.114980
7.964000,-0.254590,-0.114936,-0.254590,-0.114936
7.966000,-0.254904,-0.114893,-0.254904,-0.114893
7.968000,-0.255218,-0.114849,-0.255218,-0.114849
7.970000,-0.255531,-0.114805,-0.255531,-0.114805
7.972000,-0.255844,-0.114761,-0.255844,-0.114761
7.974000,-0.256157,-0.114717,-0.256157,-0.114717
7.976000,-0.256468,-0.114673,-0.256468,-0.114673
7.978000,-0.256780,-0.114628,-0.256780,-0.114628
7.980000,-0.257090,-0.114584,-0.257090,-0.114584
7.982000,-0.257401,-0.114539,-0.257401,-0.114539
7.984000,-0.257710,-0.114494,-0.257710,-0.114494
7.986000,-0.258019,-0.114449,-0.258019,-0.114449
7.988000,-0.258328,-0.114403,-0.258328,-0.114403
7.990000,-0.258636,-0.114358,-0.258636,-0.114358
7.992000,-0.258943,-0.114312,-0.258943,-0.114312
7.994000,-0.259250,-0.114266,-0.259250,-0.114266
7.996000,-0.259557,-0.114220,-0.259557,-0.114220
7.998000,-0.259863,-0.114173,-0.259863,-0.114173
8.000000,-0.260168,-0.114127,-0.260168,-0.114127
8.002000,-0.260473,-0.114080,-0.260473,-0.114080
8.004000,-0.260777,-0.114033,-0.260777,-0.114033
8.006000,-0.261080,-0.113986,-0.261080,-0.113986
8.008000,-0.261383,-0.113939,-0.261383,-0.113939
8.010000,-0.261686,-0.113892,-0.261686,-0.113892
8.012000,-0.261988,-0.113844,-0.261988,-0.113844
8.014000,-0.262289,-0.113796,-0.262289,-0.113796
8.016000,-0.262590,-0.113748,-0.262590,-0.113748
8.018000,-0.262890,-0.113700,-0.262890,-0.113700
8.020000,-0.263190,-0.113652,-0.263190,-0.113652
8.022000,-0.263489,-0.113603,-0.263489,-0.113603
8.024000,-0.263787,-0.113555,-0.263787,-0.113555
8.026000,-0.264085,-0.113506,-0.264085,-0.113506
8.028000,-0.264382,-0.113457,-0.264382,-0.113457
8.030000,-0.264679,-0.113408,-0.264679,-0.113408
8.032000,-0.264975,-0.113358,-0.264975,-0.113358
8.034000,-0.265271,-0.113309,-0.265271,-0.113309
8.036000,-0.265566,-0.113259,-0.265566,-0.113259
8.038000,-0.265860,-0.113209,-0.265860,-0.113209
8.040000,-0.266154,-0.113159,-0.266154,-0.113159
8.042000,-0.266447,-0.113109,-0.266447,-0.113109
8.044000,-0.266739,-0.113058,-0.266739,-0.113058
8.046000,-0.267031,-0.113007,-0.267031,-0.113007
8.048000,-0.267323,-0.112957,-0.267323,-0.112957
8.050000,-0.267614,-0.112906,-0.267614,-0.112906
8.052000,-0.267904,-0.112855,-0.267904,-0.112855
8.054000,-0.268193,-0.112803,-0.268193,-0.112803
8.056000,-0.268482,-0.112752,-0.268482,-0.112752
8.058000,-0.268771,-0.112700,-0.268771,-0.112700
8.060000,-0.269058,-0.112648,-0.269058,-0.112648
8.062000,-0.269346,-0.112596,-0.269346,-0.112596
8.064000,-0.269632,-0.112544,-0.269632,-0.112544
8.066000,-0.269918,-0.112491,-0.269918,-0.112491
8.068000,-0.270203,-0.112439,-0.270203,-0.112439
8.070000,-0.270488,-0.112386,-0.270488,-0.112386
8.072000,-0.270772,-0.112333,-0.270772,-0.112333
8.074000,-0.271055,-0.112280,-0.271055,-0.112280
8.076000,-0.271338,-0.112227,-0.271338,-0.112227
8.078000,-0.271620,-0.112173,-0.271620,-0.112173
8.080000,-0.271902,-0.112119,-0.271902,-0.112119
8.082000,-0.272183,-0.112066,-0.272183,-0.112066
8.084000,-0.272463,-0.112012,-0.272463,-0.112012
8.086000,-0.272743,-0.111957,-0.272743,-0.111957
8.088000,-0.273022,-0.111903,-0.273022,-0.111903
8.090000,-0.273300,-0.111849,-0.273300,-0.111849
8.092000,-0.273578,-0.111794,-0.273578,-0.111794
8.094000,-0.273855,-0.111739,-0.273855,-0.111739
8.096000,-0.274131,-0.111684,-0.274131,-0.111684
8.098000,-0.274407,-0.111629,-0.274407,-0.111629
8.100000,-0.274682,-0.111573,-0.274682,-0.111573
8.102000,-0.274957,-0.111518,-0.274957,-0.111518
8.104000,-0.275230,-0.111462,-0.275230,-0.111462
8.106000,-0.275504,-0.111406,-0.275504,-0.111406
8.108000,-0.275776,-0.111350,-0.275776,-0.111350
8.110000,-0.276048,-0.111293,-0.276048,-0.111293
8.112000,-0.276319,-0.111237,-0.276319,-0.111237
8.114000,-0.276590,-0.111180,-0.276590,-0.111180
8.116000,-0.276860,-0.111123,-0.276860,-0.111123
8.118000,-0.277129,-0.111066,-0.277129,-0.111066
8.120000,-0.277397,-0.111009,-0.277397,-0.111009
8.122000,-0.277665,-0.110952,-0.277665,-0.110952
8.124000,-0.277933,-0.110894,-0.277933,-0.110894
8.126000,-0.278199,-0.110837,-0.278199,-0.110837
8.128000,-0.278465,-0.110779,-0.278465,-0.110779
8.130000,-0.278730,-0.110721,-0.278730,-0.110721
8.132000,-0.278995,-0.110662,-0.278995,-0.110662
8.134000,-0.279259,-0.110604,-0.279259,-0.110604
8.136000,-0.279522,-0.110546,-0.279522,-0.110546
8.138000,-0.279785,-0.110487,-0.279785,-0.110487
8.140000,-0.280046,-0.110428,-0.280046,-0.110428
8.142000,-0.280308,-0.110369,-0.280308,-0.110369
8.144000,-0.280568,-0.110309,-0.280568,-0.110309
8.146000,-0.280828,-0.110250,-0.280828,-0.110250
8.148000,-0.281087,-0.110190,-0.281087,-0.110190
8.150000,-0.281345,-0.110131,-0.281345,-0.110131
8.152000,-0.281603,-0.110071,-0.281603,-0.110071
8.154000,-0.281860,-0.110010,-0.281860,-0.110010
8.156000,-0.282116,-0.109950,-0.282116,-0.109950
8.158000,-0.282372,-0.109890,-0.282372,-0.109890
8.160000,-0.282627,-0.109829,-0.282627,-0.109829
8.162000,-0.282881,-0.109768,-0.282881,-0.109768
8.164000,-0.283135,-0.109707,-0.283135,-0.109707
8.166000,-0.283388,-0.109646,-0.283388,-0.109646
8.168000,-0.283640,-0.109585,-0.283640,-0.109585
8.170000,-0.283891,-0.109523,-0.283891,-0.109523
8.172000,-0.284142,-0.109461,-0.284142,-0.109461
8.174000,-0.284392,-0.109399,-0.284392,-0.109399
8.176000,-0.284641,-0.109337,-0.284641,-0.109337
8.178000,-0.284890,-0.109275,-0.284890,-0.109275
8.180000,-0.285138,-0.109213,-0.285138,-0.109213
8.182000,-0.285385,-0.109150,-0.285385,-0.109150
8.184000,-0.285631,-0.109087,-0.285631,-0.109087
8.186000,-0.285877,-0.109024,-0.285877,-0.109024
8.188000,-0.286122,-0.108961,-0.286122,-0.108961
8.190000,-0.286366,-0.108898,-0.286366,-0.108898
8.192000,-0.286610,-0.108835,-0.286610,-0.108835
8.194000,-0.286853,-0.108771,-0.286853,-0.108771
8.196000,-0.287095,-0.108707,-0.287095,-0.108707
8.198000,-0.287336,-0.108643,-0.287336,-0.108643
8.200000,-0.287577,-0.108579,-0.287577,-0.108579
8.202000,-0.287817,-0.108515,-0.287817,-0.108515
8.204000,-0.288056,-0.108450,-0.288056,-0.108450
8.206000,-0.288295,-0.108386,-0.288295,-0.108386
8.208000,-0.288532,-0.108321,-0.288532,-0.108321
8.210000,-0.288769,-0.108256,-0.288769,-0.108256
8.212000,-0.289006,-0.108191,-0.289006,-0.108191
8.214000,-0.289241,-0.108126,-0.289241,-0.108126
8.216000,-0.289476,-0.108060,-0.289476,-0.108060
8.218000,-0.289710,-0.107994,-0.289710,-0.107994
8.220000,-0.289943,-0.107929,-0.289943,-0.107929
8.222000,-0.290176,-0.107863,-0.290176,-0.107863
8.224000,-0.290408,-0.107796,-0.290408,-0.107796
8.226000,-0.290639,-0.107730,-0.290639,-0.107730
8.228000,-0.290869,-0.107664,-0.290869,-0.107664
8.230000,-0.291099,-0.107597,-0.291099,-0.107597
8.232000,-0.291327,-0.107530,-0.291327,-0.107530
8.234000,-0.291555,-0.107463,-0.291555,-0.107463
8.236000,-0.291783,-0.107396,-0.291783,-0.107396
8.238000,-0.292009,-0.107329,-0.292009,-0.107329
8.240000,-0.292235,-0.107261,-0.292235,-0.107261
8.242000,-0.292460,-0.107193,-0.292460,-0.107193
8.244000,-0.292684,-0.107125,-0.292684,-0.107125
8.246000,-0.292908,-0.107057,-0.292908,-0.107057
8.248000,-0.293131,-0.106989,-0.293131,-0.106989
8.250000,-0.293353,-0.106921,-0.293353,-0.106921
8.252000,-0.293574,-0.106852,-0.293574,-0.106852
8.254000,-0.293794,-0.106784,-0.293794,-0.106784
8.256000,-0.294014,-0.106715,-0.294014,-0.106715
8.258000,-0.294233,-0.106646,-0.294233,-0.106646
8.260000,-0.294451,-0.106576,-0.294451,-0.106576
8.262000,-0.294668,-0.106507,-0.294668,-0.106507
8.264000,-0.294885,-0.106437,-0.294885,-0.106437
8.266000,-0.295101,-0.106368,-0.295101,-0.106368
8.268000,-0.295316,-0.106298,-0.295316,-0.106298
8.270000,-0.295530,-0.106228,-0.295530,-0.106228
8.272000,-0.295743,-0.106158,-0.295743,-0.106158
8.274000,-0.295956,-0.106087,-0.295956,-0.106087
8.276000,-0.296168,-0.106017,-0.296168,-0.106017
8.278000,-0.296379,-0.105946,-0.296379,-0.105946
8.280000,-0.296589,-0.105875,-0.296589,-0.105875
8.282000,-0.296799,-0.105804,-0.296799,-0.105804
8.284000,-0.297008,-0.105733,-0.297008,-0.105733
8.286000,-0.297216,-0.105661,-0.297216,-0.105661
8.288000,-0.297423,-0.105590,-0.297423,-0.105590
8.290000,-0.297629,-0.105518,-0.297629,-0.105518
8.292000,-0.297835,-0.105446,-0.297835,-0.105446
8.294000,-0.298040,-0.105374,-0.298040,-0.105374
8.296000,-0.298244,-0.105302,-0.298244,-0.105302
8.298000,-0.298447,-0.105229,-0.298447,-0.105229
8.300000,-0.298649,-0.105157,-0.298649,-0.105157
8.302000,-0.298851,-0.105084,-0.298851,-0.105084
8.304000,-0.299052,-0.105011,-0.299052,-0.105011
8.306000,-0.299252,-0.104938,-0.299252,-0.104938
8.308000,-0.299451,-0.104865,-0.299451,-0.104865
8.310000,-0.299649,-0.104791,-0.299649,-0.104791
8.312000,-0.299847,-0.104718,-0.299847,-0.104718
8.314000,-0.300044,-0.104644,-0.300044,-0.104644
8.316000,-0.300239,-0.104570,-0.300239,-0.104570
8.318000,-0.300435,-0.104496,-0.300435,-0.104496
8.320000,-0.300629,-0.104422,-0.300629,-0.104422
8.322000,-0.300823,-0.104348,-0.300823,-0.104348
8.324000,-0.301015,-0.104273,-0.301015,-0.104273
8.326000,-0.301207,-0.104198,-0.301207,-0.104198
8.328000,-0.301398,-0.104124,-0.301398,-0.104124
8.330000,-0.301589,-0.104048,-0.301589,-0.104048
8.332000,-0.301778,-0.103973,-0.301778,-0.103973
8.334000,-0.301967,-0.103898,-0.301967,-0.103898
8.336000,-0.302154,-0.103822,-0.302154,-0.103822
8.338000,-0.302341,-0.103747,-0.302341,-0.103747
8.340000,-0.302528,-0.103671,-0.302528,-0.103671
8.342000,-0.302713,-0.103595,-0.302713,-0.103595
8.344000,-0.302897,-0.103519,-0.302897,-0.103519
8.346000,-0.303081,-0.103442,-0.303081,-0.103442
8.348000,-0.303264,-0.103366,-0.303264,-0.103366
8.350000,-0.303446,-0.103289,-0.303446,-0.103289
8.352000,-0.303627,-0.103212,-0.303627,-0.103212
8.354000,-0.303808,-0.103135,-0.303808,-0.103135
8.356000,-0.303987,-0.103058,-0.303987,-0.103058
8.358000,-0.304166,-0.102981,-0.304166,-0.102981
8.360000,-0.304344,-0.102903,-0.304344,-0.102903
8.362000,-0.304521,-0.102826,-0.304521,-0.102826
8.364000,-0.304697,-0.102748,-0.304697,-0.102748
8.366000,-0.304872,-0.102670,-0.304872,-0.102670
8.368000,-0.305047,-0.102592,-0.305047,-0.102592
8.370000,-0.305220,-0.102513,-0.305220,-0.102513
8.372000,-0.305393,-0.102435,-0.305393,-0.102435
8.374000,-0.305565,-0.102356,-0.305565,-0.102356
8.376000,-0.305736,-0.102277,-0.305736,-0.102277
8.378000,-0.305907,-0.102198,-0.305907,-0.102198
8.380000,-0.306076,-0.102119,-0.306076,-0.102119
8.382000,-0.306245,-0.102040,-0.306245,-0.102040
8.384000,-0.306413,-0.101961,-0.306413,-0.101961
8.386000,-0.306580,-0.101881,-0.306580,-0.101881
8.388000,-0.306746,-0.101801,-0.306746,-0.101801
8.390000,-0.306911,-0.101721,-0.306911,-0.101721
8.392000,-0.307075,-0.101641,-0.307075,-0.101641
8.394000,-0.307239,-0.101561,-0.307239,-0.101561
8.396000,-0.307401,-0.101481,-0.307401,-0.101481
8.398000,-0.307563,-0.101400,-0.307563,-0.101400
8.400000,-0.307724,-0.101319,-0.307724,-0.101319
8.402000,-0.307884,-0.101238,-0.307884,-0.101238
8.404000,-0.308043,-0.101157,-0.308043,-0.101157
8.406000,-0.308202,-0.101076,-0.308202,-0.101076
8.408000,-0.308359,-0.100995,-0.308359,-0.100995
8.410000,-0.308516,-0.100913,-0.308516,-0.100913
8.412000,-0.308672,-0.100832,-0.308672,-0.100832
8.414000,-0.308827,-0.100750,-0.308827,-0.100750
8.416000,-0.308981,-0.100668,-0.308981,-0.100668
8.418000,-0.309134,-0.100586,-0.309134,-0.100586
8.420000,-0.309286,-0.100503,-0.309286,-0.100503
8.422000,-0.309438,-0.100421,-0.309438,-0.100421
8.424000,-0.309588,-0.100338,-0.309588,-0.100338
8.426000,-0.309738,-0.100255,-0.309738,-0.100255
8.428000,-0.309887,-0.100173,-0.309887,-0.100173
8.430000,-0.310035,-0.100089,-0.310035,-0.100089
8.432000,-0.310182,-0.100006,-0.310182,-0.100006
8.434000,-0.310328,-0.099923,-0.310328,-0.099923
8.436000,-0.310473,-0.099839,-0.310473,-0.099839
8.438000,-0.310618,-0.099755,-0.310618,-0.099755
8.440000,-0.310762,-0.099672,-0.310762,-0.099672
8.442000,-0.310904,-0.099587,-0.310904,-0.099587
8.444000,-0.311046,-0.099503,-0.311046,-0.099503
8.446000,-0.311187,-0.099419,-0.311187,-0.099419
8.448000,-0.311327,-0.099334,-0.311327,-0.099334
8.450000,-0.311466,-0.099250,-0.311466,-0.099250
8.452000,-0.311605,-0.099165,-0.311605,-0.099165
8.454000,-0.311742,-0.099080,-0.311742,-0.099080
8.456000,-0.311879,-0.098995,-0.311879,-0.098995
8.458000,-0.312015,-0.098909,-0.312015,-0.098909
8.460000,-0.312149,-0.098824,-0.312149,-0.098824
8.462000,-0.312283,-0.098738,-0.312283,-0.098738
8.464000,-0.312416,-0.098653,-0.312416,-0.098653
8.466000,-0.312548,-0.098567,-0.312548,-0.098567
8.468000,-0.312680,-0.098480,-0.312680,-0.098480
8.470000,-0.312810,-0.098394,-0.312810,-0.098394
8.472000,-0.312940,-0.098308,-0.312940,-0.098308
8.474000,-0.313068,-0.098221,-0.313068,-0.098221
8.476000,-0.313196,-0.098135,-0.313196,-0.098135
8.478000,-0.313323,-0.098048,-0.313323,-0.098048
8.480000,-0.313449,-0.097961,-0.313449,-0.097961
8.482000,-0.313574,-0.097874,-0.313574,-0.097874
8.484000,-0.313698,-0.097786,-0.313698,-0.097786
8.486000,-0.313821,-0.097699,-0.313821,-0.097699
8.488000,-0.313943,-0.097611,-0.313943,-0.097611
8.490000,-0.314065,-0.097523,-0.314065,-0.097523
8.492000,-0.314185,-0.097435,-0.314185,-0.097435
8.494000,-0.314305,-0.097347,-0.314305,-0.097347
8.496000,-0.314424,-0.097259,-0.314424,-0.097259
8.498000,-0.314542,-0.097171,-0.314542,-0.097171
8.500000,-0.314658,-0.097082,-0.314658,-0.097082
8.502000,-0.314775,-0.096993,-0.314775,-0.096993
8.504000,-0.314890,-0.096904,-0.314890,-0.096904
8.506000,-0.315004,-0.096815,-0.315004,-0.096815
8.508000,-0.315117,-0.096726,-0.315117,-0.096726
8.510000,-0.315230,-0.096637,-0.315230,-0.096637
8.512000,-0.315341,-0.096547,-0.315341,-0.096547
8.514000,-0.315452,-0.096458,-0.315452,-0.096458
8.516000,-0.315562,-0.096368,-0.315562,-0.096368
8.518000,-0.315670,-0.096278,-0.315670,-0.096278
8.520000,-0.315778,-0.096188,-0.315778,-0.096188
8.522000,-0.315885,-0.096098,-0.315885,-0.096098
8.524000,-0.315991,-0.096007,-0.315991,-0.096007
8.526000,-0.316097,-0.095917,-0.316097,-0.095917
8.528000,-0.316201,-0.095826,-0.316201,-0.095826
8.530000,-0.316304,-0.095735,-0.316304,-0.095735
8.532000,-0.316407,-0.095644,-0.316407,-0.095644
8.534000,-0.316508,-0.095553,-0.316508,-0.095553
8.536000,-0.316609,-0.095462,-0.316609,-0.095462
8.538000,-0.316708,-0.095370,-0.316708,-0.095370
8.540000,-0.316807,-0.095279,-0.316807,-0.095279
8.542000,-0.316905,-0.095187,-0.316905,-0.095187
8.544000,-0.317002,-0.095095,-0.317002,-0.095095
8.546000,-0.317098,-0.095003,-0.317098,-0.095003
8.548000,-0.317193,-0.094911,-0.317193,-0.094911
8.550000,-0.317287,-0.094819,-0.317287,-0.094819
8.552000,-0.317381,-0.094726,-0.317381,-0.094726
8.554000,-0.317473,-0.094633,-0.317473,-0.094633
8.556000,-0.317565,-0.094541,-0.317565,-0.094541
8.558000,-0.317655,-0.094448,-0.317655,-0.094448
8.560000,-0.317745,-0.094355,-0.317745,-0.094355
8.562000,-0.317833,-0.094261,-0.317833,-0.094261
8.564000,-0.317921,-0.094168,-0.317921,-0.094168
8.566000,-0.318008,-0.094074,-0.318008,-0.094074
8.568000,-0.318094,-0.093981,-0.318094,-0.093981
8.570000,-0.318179,-0.093887,-0.318179,-0.093887
8.572000,-0.318263,-0.093793,-0.318263,-0.093793
8.574000,-0.318346,-0.093699,-0.318346,-0.093699
8.576000,-0.318429,-0.093604,-0.318429,-0.093604
8.578000,-0.318510,-0.093510,-0.318510,-0.093510
8.580000,-0.318590,-0.093415,-0.318590,-0.093415
8.582000,-0.318670,-0.093321,-0.318670,-0.093321
8.584000,-0.318748,-0.093226,-0.318748,-0.093226
8.586000,-0.318826,-0.093131,-0.318826,-0.093131
8.588000,-0.318903,-0.093036,-0.318903,-0.093036
8.590000,-0.318978,-0.092940,-0.318978,-0.092940
8.592000,-0.319053,-0.092845,-0.319053,-0.092845
8.594000,-0.319127,-0.092749,-0.319127,-0.092749
8.596000,-0.319200,-0.092654,-0.319200,-0.092654
8.598000,-0.319272,-0.092558,-0.319272,-0.092558
8.600000,-0.319343,-0.092462,-0.319343,-0.092462
8.602000,-0.319413,-0.092365,-0.319413,-0.092365
8.604000,-0.319483,-0.092269,-0.319483,-0.092269
8.606000,-0.319551,-0.092173,-0.319551,-0.092173
8.608000,-0.319618,-0.092076,-0.319618,-0.092076
8.610000,-0.319685,-0.091979,-0.319685,-0.091979
8.612000,-0.319750,-0.091882,-0.319750,-0.091882
8.614000,-0.319815,-0.091785,-0.319815,-0.091785
8.616000,-0.319878,-0.091688,-0.319878,-0.091688
8.618000,-0.319941,-0.091591,-0.319941,-0.091591
8.620000,-0.320003,-0.091493,-0.320003,-0.091493
8.622000,-0.320064,-0.091395,-0.320064,-0.091395
8.624000,-0.320124,-0.091298,-0.320124,-0.091298
8.626000,-0.320183,-0.091200,-0.320183,-0.091200
8.628000,-0.320241,-0.091102,-0.320241,-0.091102
8.630000,-0.320298,-0.091003,-0.320298,-0.091003
8.632000,-0.320354,-0.090905,-0.320354,-0.090905
8.634000,-0.320409,-0.090807,-0.320409,-0.090807
8.636000,-0.320463,-0.090708,-0.320463,-0.090708
8.638000,-0.320517,-0.090609,-0.320517,-0.090609
8.640000,-0.320569,-0.090510,-0.320569,-0.090510
8.642000,-0.320621,-0.090411,-0.320621,-0.090411
8.644000,-0.320671,-0.090312,-0.320671,-0.090312
8.646000,-0.320721,-0.090212,-0.320721,-0.090212
8.648000,-0.320769,-0.090113,-0.320769,-0.090113
8.650000,-0.320817,-0.090013,-0.320817,-0.090013
8.652000,-0.320864,-0.089914,-0.320864,-0.089914
8.654000,-0.320910,-0.089814,-0.320910,-0.089814
8.656000,-0.320955,-0.089714,-0.320955,-0.089714
8.658000,-0.320999,-0.089613,-0.320999,-0.089613
8.660000,-0.321042,-0.089513,-0.321042,-0.089513
8.662000,-0.321084,-0.089412,-0.321084,-0.089412
8.664000,-0.321125,-0.089312,-0.321125,-0.089312
8.666000,-0.321165,-0.089211,-0.321165,-0.089211
8.668000,-0.321204,-0.089110,-0.321204,-0.089110
8.670000,-0.321243,-0.089009,-0.321243,-0.089009
8.672000,-0.321280,-0.088908,-0.321280,-0.088908
8.674000,-0.321316,-0.088806,-0.321316,-0.088806
8.676000,-0.321352,-0.088705,-0.321352,-0.088705
8.678000,-0.321386,-0.088603,-0.321386,-0.088603
8.680000,-0.321420,-0.088502,-0.321420,-0.088502
8.682000,-0.321453,-0.088400,-0.321453,-0.088400
8.684000,-0.321484,-0.088298,-0.321484,-0.088298
8.686000,-0.321515,-0.088195,-0.321515,-0.088195
8.688000,-0.321545,-0.088093,-0.321545,-0.088093
8.690000,-0.321574,-0.087991,-0.321574,-0.087991
8.692000,-0.321602,-0.087888,-0.321602,-0.087888
8.694000,-0.321629,-0.087785,-0.321629,-0.087785
8.696000,-0.321655,-0.087682,-0.321655,-0.087682
8.698000,-0.321680,-0.087579,-0.321680,-0.087579
8.700000,-0.321704,-0.087476,-0.321704,-0.087476
8.702000,-0.321727,-0.087373,-0.321727,-0.087373
8.704000,-0.321749,-0.087270,-0.321749,-0.087270
8.706000,-0.321771,-0.087166,-0.321771,-0.087166
8.708000,-0.321791,-0.087062,-0.321791,-0.087062
8.710000,-0.321811,-0.086958,-0.321811,-0.086958
8.712000,-0.321829,-0.086854,-0.321829,-0.086854
8.714000,-0.321847,-0.086750,-0.321847,-0.086750
8.716000,-0.321863,-0.086646,-0.321863,-0.086646
8.718000,-0.321879,-0.086542,-0.321879,-0.086542
8.720000,-0.321893,-0.086437,-0.321893,-0.086437
8.722000,-0.321907,-0.086332,-0.321907,-0.086332
8.724000,-0.321920,-0.086228,-0.321920,-0.086228
8.726000,-0.321932,-0.086123,-0.321932,-0.086123
8.728000,-0.321943,-0.086018,-0.321943,-0.086018
8.730000,-0.321953,-0.085912,-0.321953,-0.085912
8.732000,-0.321962,-0.085807,-0.321962,-0.085807
8.734000,-0.321970,-0.085702,-0.321970,-0.085702
8.736000,-0.321977,-0.085596,-0.321977,-0.085596
8.738000,-0.321983,-0.085490,-0.321983,-0.085490
8.740000,-0.321988,-0.085384,-0.321988,-0.085384
8.742000,-0.321992,-0.085278,-0.321992,-0.085278
8.744000,-0.321996,-0.085172,-0.321996,-0.085172
8.746000,-0.321998,-0.085066,-0.321998,-0.085066
8.748000,-0.322000,-0.084959,-0.322000,-0.084959
8.750000,-0.322000,-0.084853,-0.322000,-0.084853
8.752000,-0.322000,-0.084746,-0.322000,-0.084746
8.754000,-0.321998,-0.084639,-0.321998,-0.084639
8.756000,-0.321996,-0.084532,-0.321996,-0.084532
8.758000,-0.321992,-0.084425,-0.321992,-0.084425
8.760000,-0.321988,-0.084318,-0.321988,-0.084318
8.762000,-0.321983,-0.084211,-0.321983,-0.084211
8.764000,-0.321977,-0.084103,-0.321977,-0.084103
8.766000,-0.321970,-0.083996,-0.321970,-0.083996
8.768000,-0.321962,-0.083888,-0.321962,-0.083888
8.770000,-0.321953,-0.083780,-0.321953,-0.083780
8.772000,-0.321943,-0.083672,-0.321943,-0.083672
8.774000,-0.321932,-0.083564,-0.321932,-0.083564
8.776000,-0.321920,-0.083455,-0.321920,-0.083455
8.778000,-0.321907,-0.083347,-0.321907,-0.083347
8.780000,-0.321893,-0.083238,-0.321893,-0.083238
8.782000,-0.321879,-0.083130,-0.321879,-0.083130
8.784000,-0.321863,-0.083021,-0.321863,-0.083021
8.786000,-0.321847,-0.082912,-0.321847,-0.082912
8.788000,-0.321829,-0.082803,-0.321829,-0.082803
8.790000,-0.321811,-0.082694,-0.321811,-0.082694
8.792000,-0.321791,-0.082584,-0.321791,-0.082584
8.794000,-0.321771,-0.082475,-0.321771,-0.082475
8.796000,-0.321749,-0.082365,-0.321749,-0.082365
8.798000,-0.321727,-0.082256,-0.321727,-0.082256
8.800000,-0.321704,-0.082146,-0.321704,-0.082146
8.802000,-0.321680,-0.082036,-0.321680,-0.082036
8.804000,-0.321655,-0.081926,-0.321655,-0.081926
8.806000,-0.321629,-0.081815,-0.321629,-0.081815
8.808000,-0.321602,-0.081705,-0.321602,-0.081705
8.810000,-0.321574,-0.081594,-0.321574,-0.081594
8.812000,-0.321545,-0.081484,-0.321545,-0.081484
8.814000,-0.321515,-0.081373,-0.321515,-0.081373
8.816000,-0.321484,-0.081262,-0.321484,-0.081262
8.818000,-0.321453,-0.081151,-0.321453,-0.081151
8.820000,-0.321420,-0.081040,-0.321420,-0.081040
8.822000,-0.321386,-0.080929,-0.321386,-0.080929
8.824000,-0.321352,-0.080817,-0.321352,-0.080817
8.826000,-0.321316,-0.080706,-0.321316,-0.080706
8.828000,-0.321280,-0.080594,-0.321280,-0.080594
8.830000,-0.321243,-0.080482,-0.321243,-0.080482
8.832000,-0.321204,-0.080370,-0.321204,-0.080370
8.834000,-0.321165,-0.080258,-0.321165,-0.080258
8.836000,-0.321125,-0.080146,-0.321125,-0.080146
8.838000,-0.321084,-0.080034,-0.321084,-0.080034
8.840000,-0.321042,-0.079921,-0.321042,-0.079921
8.842000,-0.320999,-0.079809,-0.320999,-0.079809
8.844000,-0.320955,-0.079696,-0.320955,-0.079696
8.846000,-0.320910,-0.079583,-0.320910,-0.079583
8.848000,-0.320864,-0.079470,-0.320864,-0.079470
8.850000,-0.320817,-0.079357,-0.320817,-0.079357
8.852000,-0.320769,-0.079244,-0.320769,-0.079244
8.854000,-0.320721,-0.079131,-0.320721,-0.079131
8.856000,-0.320671,-0.079018,-0.320671,-0.079018
8.858000,-0.320621,-0.078904,-0.320621,-0.078904
8.860000,-0.320569,-0.078790,-0.320569,-0.078790
8.862000,-0.320517,-0.078676,-0.320517,-0.078676
8.864000,-0.320463,-0.078563,-0.320463,-0.078563
8.866000,-0.320409,-0.078449,-0.320409,-0.078449
8.868000,-0.320354,-0.078334,-0.320354,-0.078334
8.870000,-0.320298,-0.078220,-0.320298,-0.078220
8.872000,-0.320241,-0.078106,-0.320241,-0.078106
8.874000,-0.320183,-0.077991,-0.320183,-0.077991
8.876000,-0.320124,-0.077876,-0.320124,-0.077876
8.878000,-0.320064,-0.077762,-0.320064,-0.077762
8.880000,-0.320003,-0.077647,-0.320003,-0.077647
8.882000,-0.319941,-0.077532,-0.319941,-0.077532
8.884000,-0.319878,-0.077417,-0.319878,-0.077417
8.886000,-0.319815,-0.077301,-0.319815,-0.077301
8.888000,-0.319750,-0.077186,-0.319750,-0.077186
8.890000,-0.319685,-0.077070,-0.319685,-0.077070
8.892000,-0.319618,-0.076955,-0.319618,-0.076955
8.894000,-0.319551,-0.076839,-0.319551,-0.076839
8.896000,-0.319483,-0.076723,-0.319483,-0.076723
8.898000,-0.319413,-0.076607,-0.319413,-0.076607
8.900000,-0.319343,-0.076491,-0.319343,-0.076491
8.902000,-0.319272,-0.076375,-0.319272,-0.076375
8.904000,-0.319200,-0.076258,-0.319200,-0.076258
8.906000,-0.319127,-0.076142,-0.319127,-0.076142
8.908000,-0.319053,-0.076025,-0.319053,-0.076025
8.910000,-0.318978,-0.075908,-0.318978,-0.075908
8.912000,-0.318903,-0.075792,-0.318903,-0.075792
8.914000,-0.318826,-0.075675,-0.318826,-0.075675
8.916000,-0.318748,-0.075558,-0.318748,-0.075558
8.918000,-0.318670,-0.075440,-0.318670,-0.075440
8.920000,-0.318590,-0.075323,-0.318590,-0.075323
8.922000,-0.318510,-0.075206,-0.318510,-0.075206
8.924000,-0.318429,-0.075088,-0.318429,-0.075088
8.926000,-0.318346,-0.074970,-0.318346,-0.074970
8.928000,-0.318263,-0.074852,-0.318263,-0.074852
8.930000,-0.318179,-0.074735,-0.318179,-0.074735
8.932000,-0.318094,-0.074616,-0.318094,-0.074616
8.934000,-0.318008,-0.074498,-0.318008,-0.074498
8.936000,-0.317921,-0.074380,-0.317921,-0.074380
8.938000,-0.317833,-0.074262,-0.317833,-0.074262
8.940000,-0.317745,-0.074143,-0.317745,-0.074143
8.942000,-0.317655,-0.074025,-0.317655,-0.074025
8.944000,-0.317565,-0.073906,-0.317565,-0.073906
8.946000,-0.317473,-0.073787,-0.317473,-0.073787
8.948000,-0.317381,-0.073668,-0.317381,-0.073668
8.950000,-0.317287,-0.073549,-0.317287,-0.073549
8.952000,-0.317193,-0.073430,-0.317193,-0.073430
8.954000,-0.317098,-0.073310,-0.317098,-0.073310
8.956000,-0.317002,-0.073191,-0.317002,-0.073191
8.958000,-0.316905,-0.073071,-0.316905,-0.073071
8.960000,-0.316807,-0.072952,-0.316807,-0.072952
8.962000,-0.316708,-0.072832,-0.316708,-0.072832
8.964000,-0.316609,-0.072712,-0.316609,-0.072712
8.966000,-0.316508,-0.072592,-0.316508,-0.072592
8.968000,-0.316407,-0.072472,-0.316407,-0.072472
8.970000,-0.316304,-0.072352,-0.316304,-0.072352
8.972000,-0.316201,-0.072231,-0.316201,-0.072231
8.974000,-0.316097,-0.072111,-0.316097,-0.072111
8.976000,-0.315991,-0.071990,-0.315991,-0.071990
8.978000,-0.315885,-0.071869,-0.315885,-0.071869
8.980000,-0.315778,-0.071749,-0.315778,-0.071749
8.982000,-0.315670,-0.071628,-0.315670,-0.071628
8.984000,-0.315562,-0.071507,-0.315562,-0.071507
8.986000,-0.315452,-0.071385,-0.315452,-0.071385
8.988000,-0.315341,-0.071264,-0.315341,-0.071264
8.990000,-0.315230,-0.071143,-0.315230,-0.071143
8.992000,-0.315117,-0.071021,-0.315117,-0.071021
8.994000,-0.315004,-0.070900,-0.315004,-0.070900
8.996000,-0.314890,-0.070778,-0.314890,-0.070778
8.998000,-0.314775,-0.070656,-0.314775,-0.070656
9.000000,-0.314658,-0.070534,-0.314658,-0.070534
9.002000,-0.314542,-0.070412,-0.314542,-0.070412
9.004000,-0.314424,-0.070290,-0.314424,-0.070290
9.006000,-0.314305,-0.070168,-0.314305,-0.070168
9.008000,-0.314185,-0.070045,-0.314185,-0.070045
9.010000,-0.314065,-0.069923,-0.314065,-0.069923
9.012000,-0.313943,-0.069800,-0.313943,-0.069800
9.014000,-0.313821,-0.069678,-0.313821,-0.069678
9.016000,-0.313698,-0.069555,-0.313698,-0.069555
9.018000,-0.313574,-0.069432,-0.313574,-0.069432
9.020000,-0.313449,-0.069309,-0.313449,-0.069309
9.022000,-0.313323,-0.069186,-0.313323,-0.069186
9.024000,-0.313196,-0.069062,-0.313196,-0.069062
9.026000,-0.313068,-0.068939,-0.313068,-0.068939
9.028000,-0.312940,-0.068815,-0.312940,-0.068815
9.030000,-0.312810,-0.068692,-0.312810,-0.068692
9.032000,-0.312680,-0.068568,-0.312680,-0.068568
9.034000,-0.312548,-0.068444,-0.312548,-0.068444
9.036000,-0.312416,-0.068320,-0.312416,-0.068320
9.038000,-0.312283,-0.068196,-0.312283,-0.068196
9.040000,-0.312149,-0.068072,-0.312149,-0.068072
9.042000,-0.312015,-0.067948,-0.312015,-0.067948
9.044000,-0.311879,-0.067824,-0.311879,-0.067824
9.046000,-0.311742,-0.067699,-0.311742,-0.067699
9.048000,-0.311605,-0.067575,-0.311605,-0.067575
9.050000,-0.311466,-0.067450,-0.311466,-0.067450
9.052000,-0.311327,-0.067325,-0.311327,-0.067325
9.054000,-0.311187,-0.067200,-0.311187,-0.067200
9.056000,-0.311046,-0.067075,-0.311046,-0.067075
9.058000,-0.310904,-0.066950,-0.310904,-0.066950
9.060000,-0.310762,-0.066825,-0.310762,-0.066825
9.062000,-0.310618,-0.066700,-0.310618,-0.066700
9.064000,-0.310473,-0.066574,-0.310473,-0.066574
9.066000,-0.310328,-0.066449,-0.310328,-0.066449
9.068000,-0.310182,-0.066323,-0.310182,-0.066323
9.070000,-0.310035,-0.066198,-0.310035,-0.066198
9.072000,-0.309887,-0.066072,-0.309887,-0.066072
9.074000,-0.309738,-0.065946,-0.309738,-0.065946
9.076000,-0.309588,-0.065820,-0.309588,-0.065820
9.078000,-0.309438,-0.065694,-0.309438,-0.065694
9.080000,-0.309286,-0.065567,-0.309286,-0.065567
9.082000,-0.309134,-0.065441,-0.309134,-0.065441
9.084000,-0.308981,-0.065315,-0.308981,-0.065315
9.086000,-0.308827,-0.065188,-0.308827,-0.065188
9.088000,-0.308672,-0.065061,-0.308672,-0.065061
9.090000,-0.308516,-0.064935,-0.308516,-0.064935
9.092000,-0.308359,-0.064808,-0.308359,-0.064808
9.094000,-0.308202,-0.064681,-0.308202,-0.064681
9.096000,-0.308043,-0.064554,-0.308043,-0.064554
9.098000,-0.307884,-0.064426,-0.307884,-0.064426
9.100000,-0.307724,-0.064299,-0.307724,-0.064299
9.102000,-0.307563,-0.064172,-0.307563,-0.064172
9.104000,-0.307401,-0.064044,-0.307401,-0.064044
9.106000,-0.307239,-0.063917,-0.307239,-0.063917
9.108000,-0.307075,-0.063789,-0.307075,-0.063789
9.110000,-0.306911,-0.063661,-0.306911,-0.063661
9.112000,-0.306746,-0.063533,-0.306746,-0.063533
9.114000,-0.306580,-0.063405,-0.306580,-0.063405
9.116000,-0.306413,-0.063277,-0.306413,-0.063277
9.118000,-0.306245,-0.063149,-0.306245,-0.063149
9.120000,-0.306076,-0.063021,-0.306076,-0.063021
9.122000,-0.305907,-0.062893,-0.305907,-0.062893
9.124000,-0.305736,-0.062764,-0.305736,-0.062764
9.126000,-0.305565,-0.062636,-0.305565,-0.062636
9.128000,-0.305393,-0.062507,-0.305393,-0.062507
9.130000,-0.305220,-0.062378,-0.305220,-0.062378
9.132000,-0.305047,-0.062249,-0.305047,-0.062249
9.134000,-0.304872,-0.062120,-0.304872,-0.062120
9.136000,-0.304697,-0.061991,-0.304697,-0.061991
9.138000,-0.304521,-0.061862,-0.304521,-0.061862
9.140000,-0.304344,-0.061733,-0.304344,-0.061733
9.142000,-0.304166,-0.061603,-0.304166,-0.061603
9.144000,-0.303987,-0.061474,-0.303987,-0.061474
9.146000,-0.303808,-0.061344,-0.303808,-0.061344
9.148000,-0.303627,-0.061215,-0.303627,-0.061215
9.150000,-0.303446,-0.061085,-0.303446,-0.061085
9.152000,-0.303264,-0.060955,-0.303264,-0.060955
9.154000,-0.303081,-0.060825,-0.303081,-0.060825
9.156000,-0.302897,-0.060695,-0.302897,-0.060695
9.158000,-0.302713,-0.060565,-0.302713,-0.060565
9.160000,-0.302528,-0.060435,-0.302528,-0.060435
9.162000,-0.302341,-0.060304,-0.302341,-0.060304
9.164000,-0.302154,-0.060174,-0.302154,-0.060174
9.166000,-0.301967,-0.060044,-0.301967,-0.060044
9.168000,-0.301778,-0.059913,-0.301778,-0.059913
9.170000,-0.301589,-0.059782,-0.301589,-0.059782
9.172000,-0.301398,-0.059651,-0.301398,-0.059651
9.174000,-0.301207,-0.059521,-0.301207,-0.059521
9.176000,-0.301015,-0.059390,-0.301015,-0.059390
9.178000,-0.300823,-0.059258,-0.300823,-0.059258
9.180000,-0.300629,-0.059127,-0.300629,-0.059127
9.182000,-0.300435,-0.058996,-0.300435,-0.058996
9.184000,-0.300239,-0.058865,-0.300239,-0.058865
9.186000,-0.300044,-0.058733,-0.300044,-0.058733
9.188000,-0.299847,-0.058602,-0.299847,-0.058602
9.190000,-0.299649,-0.058470,-0.299649,-0.058470
9.192000,-0.299451,-0.058338,-0.299451,-0.058338
9.194000,-0.299252,-0.058206,-0.299252,-0.058206
9.196000,-0.299052,-0.058075,-0.299052,-0.058075
9.198000,-0.298851,-0.057943,-0.298851,-0.057943
9.200000,-0.298649,-0.057810,-0.298649,-0.057810
9.202000,-0.298447,-0.057678,-0.298447,-0.057678
9.204000,-0.298244,-0.057546,-0.298244,-0.057546
9.206000,-0.298040,-0.057414,-0.298040,-0.057414
9.208000,-0.297835,-0.057281,-0.297835,-0.057281
9.210000,-0.297629,-0.057149,-0.297629,-0.057149
9.212000,-0.297423,-0.057016,-0.297423,-0.057016
9.214000,-0.297216,-0.056883,-0.297216,-0.056883
9.216000,-0.297008,-0.056750,-0.297008,-0.056750
9.218000,-0.296799,-0.056617,-0.296799,-0.056617
9.220000,-0.296589,-0.056484,-0.296589,-0.056484
9.222000,-0.296379,-0.056351,-0.296379,-0.056351
9.224000,-0.296168,-0.056218,-0.296168,-0.056218
9.226000,-0.295956,-0.056085,-0.295956,-0.056085
9.228000,-0.295743,-0.055952,-0.295743,-0.055952
9.230000,-0.295530,-0.055818,-0.295530,-0.055818
9.232000,-0.295316,-0.055685,-0.295316,-0.055685
9.234000,-0.295101,-0.055551,-0.295101,-0.055551
9.236000,-0.294885,-0.055417,-0.294885,-0.055417
9.238000,-0.294668,-0.055283,-0.294668,-0.055283
9.240000,-0.294451,-0.055150,-0.294451,-0.055150
9.242000,-0.294233,-0.055016,-0.294233,-0.055016
9.244000,-0.294014,-0.054882,-0.294014,-0.054882
9.246000,-0.293794,-0.054747,-0.293794,-0.054747
9.248000,-0.293574,-0.054613,-0.293574,-0.054613
9.250000,-0.293353,-0.054479,-0.293353,-0.054479
9.252000,-0.293131,-0.054344,-0.293131,-0.054344
9.254000,-0.292908,-0.054210,-0.292908,-0.054210
9.256000,-0.292684,-0.054075,-0.292684,-0.054075
9.258000,-0.292460,-0.053941,-0.292460,-0.053941
9.260000,-0.292235,-0.053806,-0.292235,-0.053806
9.262000,-0.292009,-0.053671,-0.292009,-0.053671
9.264000,-0.291783,-0.053536,-0.291783,-0.053536
9.266000,-0.291555,-0.053401,-0.291555,-0.053401
9.268000,-0.291327,-0.053266,-0.291327,-0.053266
9.270000,-0.291099,-0.053131,-0.291099,-0.053131
9.272000,-0.290869,-0.052996,-0.290869,-0.052996
9.274000,-0.290639,-0.052860,-0.290639,-0.052860
9.276000,-0.290408,-0.052725,-0.290408,-0.052725
9.278000,-0.290176,-0.052589,-0.290176,-0.052589
9.280000,-0.289943,-0.052454,-0.289943,-0.052454
9.282000,-0.289710,-0.052318,-0.289710,-0.052318
9.284000,-0.289476,-0.052182,-0.289476,-0.052182
9.286000,-0.289241,-0.052047,-0.289241,-0.052047
9.288000,-0.289006,-0.051911,-0.289006,-0.051911
9.290000,-0.288769,-0.051775,-0.288769,-0.051775
9.292000,-0.288532,-0.051639,-0.288532,-0.051639
9.294000,-0.288295,-0.051502,-0.288295,-0.051502
9.296000,-0.288056,-0.051366,-0.288056,-0.051366
9.298000,-0.287817,-0.051230,-0.287817,-0.051230
9.300000,-0.287577,-0.051094,-0.287577,-0.051094
9.302000,-0.287336,-0.050957,-0.287336,-0.050957
9.304000,-0.287095,-0.050820,-0.287095,-0.050820
9.306000,-0.286853,-0.050684,-0.286853,-0.050684
9.308000,-0.286610,-0.050547,-0.286610,-0.050547
9.310000,-0.286366,-0.050410,-0.286366,-0.050410
9.312000,-0.286122,-0.050273,-0.286122,-0.050273
9.314000,-0.285877,-0.050136,-0.285877,-0.050136
9.316000,-0.285631,-0.049999,-0.285631,-0.049999
9.318000,-0.285385,-0.049862,-0.285385,-0.049862
9.320000,-0.285138,-0.049725,-0.285138,-0.049725
9.322000,-0.284890,-0.049588,-0.284890,-0.049588
9.324000,-0.284641,-0.049450,-0.284641,-0.049450
9.326000,-0.284392,-0.049313,-0.284392,-0.049313
9.328000,-0.284142,-0.049175,-0.284142,-0.049175
9.330000,-0.283891,-0.049038,-0.283891,-0.049038
9.332000,-0.283640,-0.048900,-0.283640,-0.048900
9.334000,-0.283388,-0.048762,-0.283388,-0.048762
9.336000,-0.283135,-0.048625,-0.283135,-0.048625
9.338000,-0.282881,-0.048487,-0.282881,-0.048487
9.340000,-0.282627,-0.048349,-0.282627,-0.048349
9.342000,-0.282372,-0.048211,-0.282372,-0.048211
9.344000,-0.282116,-0.048073,-0.282116,-0.048073
9.346000,-0.281860,-0.047934,-0.281860,-0.047934
9.348000,-0.281603,-0.047796,-0.281603,-0.047796
9.350000,-0.281345,-0.047658,-0.281345,-0.047658
9.352000,-0.281087,-0.047519,-0.281087,-0.047519
9.354000,-0.280828,-0.047381,-0.280828,-0.047381
9.356000,-0.280568,-0.047242,-0.280568,-0.047242
9.358000,-0.280308,-0.047104,-0.280308,-0.047104
9.360000,-0.280046,-0.046965,-0.280046,-0.046965
9.362000,-0.279785,-0.046826,-0.279785,-0.046826
9.364000,-0.279522,-0.046687,-0.279522,-0.046687
9.366000,-0.279259,-0.046548,-0.279259,-0.046548
9.368000,-0.278995,-0.046409,-0.278995,-0.046409
9.370000,-0.278730,-0.046270,-0.278730,-0.046270
9.372000,-0.278465,-0.046131,-0.278465,-0.046131
9.374000,-0.278199,-0.045992,-0.278199,-0.045992
9.376000,-0.277933,-0.045852,-0.277933,-0.045852
9.378000,-0.277665,-0.045713,-0.277665,-0.045713
9.380000,-0.277397,-0.045573,-0.277397,-0.045573
9.382000,-0.277129,-0.045434,-0.277129,-0.045434
9.384000,-0.276860,-0.045294,-0.276860,-0.045294
9.386000,-0.276590,-0.045155,-0.276590,-0.045155
9.388000,-0.276319,-0.045015,-0.276319,-0.045015
9.390000,-0.276048,-0.044875,-0.276048,-0.044875
9.392000,-0.275776,-0.044735,-0.275776,-0.044735
9.394000,-0.275504,-0.044595,-0.275504,-0.044595
9.396000,-0.275230,-0.044455,-0.275230,-0.044455
9.398000,-0.274957,-0.044315,-0.274957,-0.044315
9.400000,-0.274682,-0.044175,-0.274682,-0.044175
9.402000,-0.274407,-0.044035,-0.274407,-0.044035
9.404000,-0.274131,-0.043894,-0.274131,-0.043894
9.406000,-0.273855,-0.043754,-0.273855,-0.043754
9.408000,-0.273578,-0.043614,-0.273578,-0.043614
9.410000,-0.273300,-0.043473,-0.273300,-0.043473
9.412000,-0.273022,-0.043332,-0.273022,-0.043332
9.414000,-0.272743,-0.043192,-0.272743,-0.043192
9.416000,-0.272463,-0.043051,-0.272463,-0.043051
9.418000,-0.272183,-0.042910,-0.272183,-0.042910
9.420000,-0.271902,-0.042769,-0.271902,-0.042769
9.422000,-0.271620,-0.042628,-0.271620,-0.042628
9.424000,-0.271338,-0.042488,-0.271338,-0.042488
9.426000,-0.271055,-0.042346,-0.271055,-0.042346
9.428000,-0.270772,-0.042205,-0.270772,-0.042205
9.430000,-0.270488,-0.042064,-0.270488,-0.042064
9.432000,-0.270203,-0.041923,-0.270203,-0.041923
9.434000,-0.269918,-0.041782,-0.269918,-0.041782
9.436000,-0.269632,-0.041640,-0.269632,-0.041640
9.438000,-0.269346,-0.041499,-0.269346,-0.041499
9.440000,-0.269058,-0.041357,-0.269058,-0.041357
9.442000,-0.268771,-0.041216,-0.268771,-0.041216
9.444000,-0.268482,-0.041074,-0.268482,-0.041074
9.446000,-0.268193,-0.040932,-0.268193,-0.040932
9.448000,-0.267904,-0.040790,-0.267904,-0.040790
9.450000,-0.267614,-0.040649,-0.267614,-0.040649
9.452000,-0.267323,-0.040507,-0.267323,-0.040507
9.454000,-0.267031,-0.040365,-0.267031,-0.040365
9.456000,-0.266739,-0.040223,-0.266739,-0.040223
9.458000,-0.266447,-0.040081,-0.266447,-0.040081
9.460000,-0.266154,-0.039938,-0.266154,-0.039938
9.462000,-0.265860,-0.039796,-0.265860,-0.039796
9.464000,-0.265566,-0.039654,-0.265566,-0.039654
9.466000,-0.265271,-0.039511,-0.265271,-0.039511
9.468000,-0.264975,-0.039369,-0.264975,-0.039369
9.470000,-0.264679,-0.039227,-0.264679,-0.039227
9.472000,-0.264382,-0.039084,-0.264382,-0.039084
9.474000,-0.264085,-0.038941,-0.264085,-0.038941
9.476000,-0.263787,-0.038799,-0.263787,-0.038799
9.478000,-0.263489,-0.038656,-0.263489,-0.038656
9.480000,-0.263190,-0.038513,-0.263190,-0.038513
9.482000,-0.262890,-0.038370,-0.262890,-0.038370
9.484000,-0.262590,-0.038227,-0.262590,-0.038227
9.486000,-0.262289,-0.038085,-0.262289,-0.038085
9.488000,-0.261988,-0.037941,-0.261988,-0.037941
9.490000,-0.261686,-0.037798,-0.261686,-0.037798
9.492000,-0.261383,-0.037655,-0.261383,-0.037655
9.494000,-0.261080,-0.037512,-0.261080,-0.037512
9.496000,-0.260777,-0.037369,-0.260777,-0.037369
9.498000,-0.260473,-0.037225,-0.260473,-0.037225
9.500000,-0.260168,-0.037082,-0.260168,-0.037082
9.502000,-0.259863,-0.036939,-0.259863,-0.036939
9.504000,-0.259557,-0.036795,-0.259557,-0.036795
9.506000,-0.259250,-0.036652,-0.259250,-0.036652
9.508000,-0.258943,-0.036508,-0.258943,-0.036508
9.510000,-0.258636,-0.036364,-0.258636,-0.036364
9.512000,-0.258328,-0.036220,-0.258328,-0.036220
9.514000,-0.258019,-0.036077,-0.258019,-0.036077
9.516000,-0.257710,-0.035933,-0.257710,-0.035933
9.518000,-0.257401,-0.035789,-0.257401,-0.035789
9.520000,-0.257090,-0.035645,-0.257090,-0.035645
9.522000,-0.256780,-0.035501,-0.256780,-0.035501
9.524000,-0.256468,-0.035357,-0.256468,-0.035357
9.526000,-0.256157,-0.035213,-0.256157,-0.035213
9.528000,-0.255844,-0.035069,-0.255844,-0.035069
9.530000,-0.255531,-0.034924,-0.255531,-0.034924
9.532000,-0.255218,-0.034780,-0.255218,-0.034780
9.534000,-0.254904,-0.034636,-0.254904,-0.034636
9.536000,-0.254590,-0.034491,-0.254590,-0.034491
9.538000,-0.254275,-0.034347,-0.254275,-0.034347
9.540000,-0.253959,-0.034202,-0.253959,-0.034202
9.542000,-0.253643,-0.034058,-0.253643,-0.034058
9.544000,-0.253327,-0.033913,-0.253327,-0.033913
9.546000,-0.253010,-0.033768,-0.253010,-0.033768
9.548000,-0.252692,-0.033624,-0.252692,-0.033624
9.550000,-0.252374,-0.033479,-0.252374,-0.033479
9.552000,-0.252055,-0.033334,-0.252055,-0.033334
9.554000,-0.251736,-0.033189,-0.251736,-0.033189
9.556000,-0.251417,-0.033044,-0.251417,-0.033044
9.558000,-0.251097,-0.032899,-0.251097,-0.032899
9.560000,-0.250776,-0.032754,-0.250776,-0.032754
9.562000,-0.250455,-0.032609,-0.250455,-0.032609
9.564000,-0.250134,-0.032464,-0.250134,-0.032464
9.566000,-0.249812,-0.032319,-0.249812,-0.032319
9.568000,-0.249489,-0.032174,-0.249489,-0.032174
9.570000,-0.249166,-0.032028,-0.249166,-0.032028
9.572000,-0.248842,-0.031883,-0.248842,-0.031883
9.574000,-0.248518,-0.031737,-0.248518,-0.031737
9.576000,-0.248194,-0.031592,-0.248194,-0.031592
9.578000,-0.247869,-0.031447,-0.247869,-0.031447
9.580000,-0.247543,-0.031301,-0.247543,-0.031301
9.582000,-0.247218,-0.031155,-0.247218,-0.031155
9.584000,-0.246891,-0.031010,-0.246891,-0.031010
9.586000,-0.246564,-0.030864,-0.246564,-0.030864
9.588000,-0.246237,-0.030718,-0.246237,-0.030718
9.590000,-0.245909,-0.030572,-0.245909,-0.030572
9.592000,-0.245581,-0.030427,-0.245581,-0.030427
9.594000,-0.245252,-0.030281,-0.245252,-0.030281
9.596000,-0.244923,-0.030135,-0.244923,-0.030135
9.598000,-0.244593,-0.029989,-0.244593,-0.029989
9.600000,-0.244263,-0.029843,-0.244263,-0.029843
9.602000,-0.243932,-0.029697,-0.243932,-0.029697
9.604000,-0.243601,-0.029551,-0.243601,-0.029551
9.606000,-0.243270,-0.029404,-0.243270,-0.029404
9.608000,-0.242938,-0.029258,-0.242938,-0.029258
9.610000,-0.242606,-0.029112,-0.242606,-0.029112
9.612000,-0.242273,-0.028966,-0.242273,-0.028966
9.614000,-0.241939,-0.028819,-0.241939,-0.028819
9.616000,-0.241606,-0.028673,-0.241606,-0.028673
9.618000,-0.241272,-0.028526,-0.241272,-0.028526
9.620000,-0.240937,-0.028380,-0.240937,-0.028380
9.622000,-0.240602,-0.028233,-0.240602,-0.028233
9.624000,-0.240266,-0.028087,-0.240266,-0.028087
9.626000,-0.239931,-0.027940,-0.239931,-0.027940
9.628000,-0.239594,-0.027793,-0.239594,-0.027793
9.630000,-0.239257,-0.027647,-0.239257,-0.027647
9.632000,-0.238920,-0.027500,-0.238920,-0.027500
9.634000,-0.238583,-0.027353,-0.238583,-0.027353
9.636000,-0.238245,-0.027206,-0.238245,-0.027206
9.638000,-0.237906,-0.027059,-0.237906,-0.027059
9.640000,-0.237567,-0.026912,-0.237567,-0.026912
9.642000,-0.237228,-0.026766,-0.237228,-0.026766
9.644000,-0.236888,-0.026618,-0.236888,-0.026618
9.646000,-0.236548,-0.026471,-0.236548,-0.026471
9.648000,-0.236208,-0.026324,-0.236208,-0.026324
9.650000,-0.235867,-0.026177,-0.235867,-0.026177
9.652000,-0.235526,-0.026030,-0.235526,-0.026030
9.654000,-0.235184,-0.025883,-0.235184,-0.025883
9.656000,-0.234842,-0.025736,-0.234842,-0.025736
9.658000,-0.234499,-0.025588,-0.234499,-0.025588
9.660000,-0.234156,-0.025441,-0.234156,-0.025441
9.662000,-0.233813,-0.025293,-0.233813,-0.025293
9.664000,-0.233469,-0.025146,-0.233469,-0.025146
9.666000,-0.233125,-0.024999,-0.233125,-0.024999
9.668000,-0.232781,-0.024851,-0.232781,-0.024851
9.670000,-0.232436,-0.024704,-0.232436,-0.024704
9.672000,-0.232091,-0.024556,-0.232091,-0.024556
9.674000,-0.231745,-0.024408,-0.231745,-0.024408
9.676000,-0.231399,-0.024261,-0.231399,-0.024261
9.678000,-0.231053,-0.024113,-0.231053,-0.024113
9.680000,-0.230706,-0.023965,-0.230706,-0.023965
9.682000,-0.230359,-0.023817,-0.230359,-0.023817
9.684000,-0.230011,-0.023670,-0.230011,-0.023670
9.686000,-0.229664,-0.023522,-0.229664,-0.023522
9.688000,-0.229315,-0.023374,-0.229315,-0.023374
9.690000,-0.228967,-0.023226,-0.228967,-0.023226
9.692000,-0.228618,-0.023078,-0.228618,-0.023078
9.694000,-0.228269,-0.022930,-0.228269,-0.022930
9.696000,-0.227919,-0.022782,-0.227919,-0.022782
9.698000,-0.227569,-0.022634,-0.227569,-0.022634
9.700000,-0.227219,-0.022486,-0.227219,-0.022486
9.702000,-0.226868,-0.022338,-0.226868,-0.022338
9.704000,-0.226517,-0.022189,-0.226517,-0.022189
9.706000,-0.226166,-0.022041,-0.226166,-0.022041
9.708000,-0.225814,-0.021893,-0.225814,-0.021893
9.710000,-0.225462,-0.021745,-0.225462,-0.021745
9.712000,-0.225109,-0.021596,-0.225109,-0.021596
9.714000,-0.224757,-0.021448,-0.224757,-0.021448
9.716000,-0.224404,-0.021300,-0.224404,-0.021300
9.718000,-0.224050,-0.021151,-0.224050,-0.021151
9.720000,-0.223696,-0.021003,-0.223696,-0.021003
9.722000,-0.223342,-0.020854,-0.223342,-0.020854
9.724000,-0.222988,-0.020706,-0.222988,-0.020706
9.726000,-0.222633,-0.020557,-0.222633,-0.020557
9.728000,-0.222278,-0.020409,-0.222278,-0.020409
9.730000,-0.221923,-0.020260,-0.221923,-0.020260
9.732000,-0.221567,-0.020111,-0.221567,-0.020111
9.734000,-0.221211,-0.019963,-0.221211,-0.019963
9.736000,-0.220855,-0.019814,-0.220855,-0.019814
9.738000,-0.220498,-0.019665,-0.220498,-0.019665
9.740000,-0.220142,-0.019516,-0.220142,-0.019516
9.742000,-0.219784,-0.019368,-0.219784,-0.019368
9.744000,-0.219427,-0.019219,-0.219427,-0.019219
9.746000,-0.219069,-0.019070,-0.219069,-0.019070
9.748000,-0.218711,-0.018921,-0.218711,-0.018921
9.750000,-0.218353,-0.018772,-0.218353,-0.018772
9.752000,-0.217994,-0.018623,-0.217994,-0.018623
9.754000,-0.217635,-0.018474,-0.217635,-0.018474
9.756000,-0.217276,-0.018325,-0.217276,-0.018325
9.758000,-0.216916,-0.018176,-0.216916,-0.018176
9.760000,-0.216556,-0.018027,-0.216556,-0.018027
9.762000,-0.216196,-0.017878,-0.216196,-0.017878
9.764000,-0.215836,-0.017729,-0.215836,-0.017729
9.766000,-0.215475,-0.017580,-0.215475,-0.017580
9.768000,-0.215114,-0.017431,-0.215114,-0.017431
9.770000,-0.214753,-0.017281,-0.214753,-0.017281
9.772000,-0.214391,-0.017132,-0.214391,-0.017132
9.774000,-0.214030,-0.016983,-0.214030,-0.016983
9.776000,-0.213668,-0.016833,-0.213668,-0.016833
9.778000,-0.213305,-0.016684,-0.213305,-0.016684
9.780000,-0.212943,-0.016535,-0.212943,-0.016535
9.782000,-0.212580,-0.016385,-0.212580,-0.016385
9.784000,-0.212217,-0.016236,-0.212217,-0.016236
9.786000,-0.211854,-0.016087,-0.211854,-0.016087
9.788000,-0.211490,-0.015937,-0.211490,-0.015937
9.790000,-0.211126,-0.015788,-0.211126,-0.015788
9.792000,-0.210762,-0.015638,-0.210762,-0.015638
9.794000,-0.210398,-0.015489,-0.210398,-0.015489
9.796000,-0.210033,-0.015339,-0.210033,-0.015339
9.798000,-0.209669,-0.015190,-0.209669,-0.015190
9.800000,-0.209303,-0.015040,-0.209303,-0.015040
9.802000,-0.208938,-0.014890,-0.208938,-0.014890
9.804000,-0.208573,-0.014741,-0.208573,-0.014741
9.806000,-0.208207,-0.014591,-0.208207,-0.014591
9.808000,-0.207841,-0.014441,-0.207841,-0.014441
9.810000,-0.207475,-0.014292,-0.207475,-0.014292
9.812000,-0.207108,-0.014142,-0.207108,-0.014142
9.814000,-0.206742,-0.013992,-0.206742,-0.013992
9.816000,-0.206375,-0.013842,-0.206375,-0.013842
9.818000,-0.206008,-0.013693,-0.206008,-0.013693
9.820000,-0.205641,-0.013543,-0.205641,-0.013543
9.822000,-0.205273,-0.013393,-0.205273,-0.013393
9.824000,-0.204905,-0.013243,-0.204905,-0.013243
9.826000,-0.204538,-0.013093,-0.204538,-0.013093
9.828000,-0.204169,-0.012943,-0.204169,-0.012943
9.830000,-0.203801,-0.012793,-0.203801,-0.012793
9.832000,-0.203433,-0.012643,-0.203433,-0.012643
9.834000,-0.203064,-0.012493,-0.203064,-0.012493
9.836000,-0.202695,-0.012343,-0.202695,-0.012343
9.838000,-0.202326,-0.012193,-0.202326,-0.012193
9.840000,-0.201956,-0.012043,-0.201956,-0.012043
9.842000,-0.201587,-0.011893,-0.201587,-0.011893
9.844000,-0.201217,-0.011743,-0.201217,-0.011743
9.846000,-0.200847,-0.011593,-0.200847,-0.011593
9.848000,-0.200477,-0.011443,-0.200477,-0.011443
9.850000,-0.200107,-0.011293,-0.200107,-0.011293
9.852000,-0.199737,-0.011143,-0.199737,-0.011143
9.854000,-0.199366,-0.010993,-0.199366,-0.010993
9.856000,-0.198995,-0.010843,-0.198995,-0.010843
9.858000,-0.198625,-0.010692,-0.198625,-0.010692
9.860000,-0.198253,-0.010542,-0.198253,-0.010542
9.862000,-0.197882,-0.010392,-0.197882,-0.010392
9.864000,-0.197511,-0.010242,-0.197511,-0.010242
9.866000,-0.197139,-0.010091,-0.197139,-0.010091
9.868000,-0.196767,-0.009941,-0.196767,-0.009941
9.870000,-0.196396,-0.009791,-0.196396,-0.009791
9.872000,-0.196024,-0.009641,-0.196024,-0.009641
9.874000,-0.195651,-0.009490,-0.195651,-0.009490
9.876000,-0.195279,-0.009340,-0.195279,-0.009340
9.878000,-0.194906,-0.009190,-0.194906,-0.009190
9.880000,-0.194534,-0.009039,-0.194534,-0.009039
9.882000,-0.194161,-0.008889,-0.194161,-0.008889
9.884000,-0.193788,-0.008738,-0.193788,-0.008738
9.886000,-0.193415,-0.008588,-0.193415,-0.008588
9.888000,-0.193042,-0.008438,-0.193042,-0.008438
9.890000,-0.192669,-0.008287,-0.192669,-0.008287
9.892000,-0.192295,-0.008137,-0.192295,-0.008137
9.894000,-0.191921,-0.007986,-0.191921,-0.007986
9.896000,-0.191548,-0.007836,-0.191548,-0.007836
9.898000,-0.191174,-0.007685,-0.191174,-0.007685
9.900000,-0.190800,-0.007535,-0.190800,-0.007535
9.902000,-0.190426,-0.007384,-0.190426,-0.007384
9.904000,-0.190052,-0.007234,-0.190052,-0.007234
9.906000,-0.189677,-0.007083,-0.189677,-0.007083
9.908000,-0.189303,-0.006933,-0.189303,-0.006933
9.910000,-0.188928,-0.006782,-0.188928,-0.006782
9.912000,-0.188554,-0.006632,-0.188554,-0.006632
9.914000,-0.188179,-0.006481,-0.188179,-0.006481
9.916000,-0.187804,-0.006331,-0.187804,-0.006331
9.918000,-0.187429,-0.006180,-0.187429,-0.006180
9.920000,-0.187054,-0.006029,-0.187054,-0.006029
9.922000,-0.186679,-0.005879,-0.186679,-0.005879
9.924000,-0.186304,-0.005728,-0.186304,-0.005728
9.926000,-0.185929,-0.005577,-0.185929,-0.005577
9.928000,-0.185553,-0.005427,-0.185553,-0.005427
9.930000,-0.185178,-0.005276,-0.185178,-0.005276
9.932000,-0.184802,-0.005126,-0.184802,-0.005126
9.934000,-0.184426,-0.004975,-0.184426,-0.004975
9.936000,-0.184051,-0.004824,-0.184051,-0.004824
9.938000,-0.183675,-0.004674,-0.183675,-0.004674
9.940000,-0.183299,-0.004523,-0.183299,-0.004523
9.942000,-0.182923,-0.004372,-0.182923,-0.004372
9.944000,-0.182547,-0.004221,-0.182547,-0.004221
9.946000,-0.182171,-0.004071,-0.182171,-0.004071
9.948000,-0.181795,-0.003920,-0.181795,-0.003920
9.950000,-0.181419,-0.003769,-0.181419,-0.003769
9.952000,-0.181042,-0.003619,-0.181042,-0.003619
9.954000,-0.180666,-0.003468,-0.180666,-0.003468
9.956000,-0.180290,-0.003317,-0.180290,-0.003317
9.958000,-0.179913,-0.003166,-0.179913,-0.003166
9.960000,-0.179537,-0.003016,-0.179537,-0.003016
9.962000,-0.179160,-0.002865,-0.179160,-0.002865
9.964000,-0.178784,-0.002714,-0.178784,-0.002714
9.966000,-0.178407,-0.002563,-0.178407,-0.002563
9.968000,-0.178030,-0.002413,-0.178030,-0.002413
9.970000,-0.177654,-0.002262,-0.177654,-0.002262
9.972000,-0.177277,-0.002111,-0.177277,-0.002111
9.974000,-0.176900,-0.001960,-0.176900,-0.001960
9.976000,-0.176523,-0.001809,-0.176523,-0.001809
9.978000,-0.176146,-0.001659,-0.176146,-0.001659
9.980000,-0.175770,-0.001508,-0.175770,-0.001508
9.982000,-0.175393,-0.001357,-0.175393,-0.001357
9.984000,-0.175016,-0.001206,-0.175016,-0.001206
9.986000,-0.174639,-0.001056,-0.174639,-0.001056
9.988000,-0.174262,-0.000905,-0.174262,-0.000905
9.990000,-0.173885,-0.000754,-0.173885,-0.000754
9.992000,-0.173508,-0.000603,-0.173508,-0.000603
9.994000,-0.173131,-0.000452,-0.173131,-0.000452
9.996000,-0.172754,-0.000302,-0.172754,-0.000302
9.998000,-0.172377,-0.000151,-0.172377,-0.000151
10.000000,-0.172000,-0.000000,-0.172000,-0.000000
