time,l_arm_shoulder_pitch_joint,l_arm_shoulder_roll_joint,l_arm_shoulder_yaw_joint,l_arm_elbow_joint,r_arm_shoulder_pitch_joint,r_arm_shoulder_roll_joint,r_arm_shoulder_yaw_joint,r_arm_elbow_joint
0.000000,0.000000,0.261800,0.000000,0.000000,0.000000,-0.261800,0.000000,0.000000
0.002000,0.002199,0.262051,0.000000,0.000001,0.000000,-0.261800,0.000000,0.000000
0.004000,0.004398,0.262303,0.000000,0.000004,0.000000,-0.261800,0.000000,0.000000
0.006000,0.006597,0.262554,0.000000,0.000009,0.000000,-0.261800,0.000000,0.000000
0.008000,0.008796,0.262805,0.000000,0.000016,0.000000,-0.261800,0.000000,0.000000
0.010000,0.010994,0.263057,0.000000,0.000025,0.000000,-0.261800,0.000000,0.000000
0.012000,0.013192,0.263308,0.000000,0.000036,0.000000,-0.261800,0.000000,0.000000
0.014000,0.015389,0.263559,0.000000,0.000048,0.000000,-0.261800,0.000000,0.000000
0.016000,0.017586,0.263810,0.000000,0.000063,0.000000,-0.261800,0.000000,0.000000
0.018000,0.019781,0.264062,0.000000,0.000080,0.000000,-0.261800,0.000000,0.000000
0.020000,0.021977,0.264313,0.000000,0.000099,0.000000,-0.261800,0.000000,0.000000
0.022000,0.024171,0.264564,0.000000,0.000119,0.000000,-0.261800,0.000000,0.000000
0.024000,0.026364,0.264815,0.000000,0.000142,0.000000,-0.261800,0.000000,0.000000
0.026000,0.028557,0.265066,0.000000,0.000167,0.000000,-0.261800,0.000000,0.000000
0.028000,0.030748,0.265317,0.000000,0.000193,0.000000,-0.261800,0.000000,0.000000
0.030000,0.032938,0.265569,0.000000,0.000222,0.000000,-0.261800,0.000000,0.000000
0.032000,0.035127,0.265820,0.000000,0.000253,0.000000,-0.261800,0.000000,0.000000
0.034000,0.037314,0.266071,0.000000,0.000285,0.000000,-0.261800,0.000000,0.000000
0.036000,0.039500,0.266321,0.000000,0.000320,0.000000,-0.261800,0.000000,0.000000
0.038000,0.041684,0.266572,0.000000,0.000356,0.000000,-0.261800,0.000000,0.000000
0.040000,0.043867,0.266823,0.000000,0.000395,0.000000,-0.261800,0.000000,0.000000
0.042000,0.046048,0.267074,0.000000,0.000435,0.000000,-0.261800,0.000000,0.000000
0.044000,0.048227,0.267325,0.000000,0.000477,0.000000,-0.261800,0.000000,0.000000
0.046000,0.050404,0.267576,0.000000,0.000522,0.000000,-0.261800,0.000000,0.000000
0.048000,0.052579,0.267826,0.000000,0.000568,0.000000,-0.261800,0.000000,0.000000
0.050000,0.054752,0.268077,0.000000,0.000617,0.000000,-0.261800,0.000000,0.000000
0.052000,0.056923,0.268327,0.000000,0.000667,0.000000,-0.261800,0.000000,0.000000
0.054000,0.059092,0.268578,0.000000,0.000719,0.000000,-0.261800,0.000000,0.000000
0.056000,0.061258,0.268828,0.000000,0.000773,0.000000,-0.261800,0.000000,0.000000
0.058000,0.063422,0.269078,0.000000,0.000829,0.000000,-0.261800,0.000000,0.000000
0.060000,0.065583,0.269329,0.000000,0.000888,0.000000,-0.261800,0.000000,0.000000
0.062000,0.067742,0.269579,0.000000,0.000948,0.000000,-0.261800,0.000000,0.000000
0.064000,0.069898,0.269829,0.000000,0.001010,0.000000,-0.261800,0.000000,0.000000
0.066000,0.072052,0.270079,0.000000,0.001074,0.000000,-0.261800,0.000000,0.000000
0.068000,0.074202,0.270329,0.000000,0.001140,0.000000,-0.261800,0.000000,0.000000
0.070000,0.076350,0.270579,0.000000,0.001208,0.000000,-0.261800,0.000000,0.000000
0.072000,0.078495,0.270829,0.000000,0.001278,0.000000,-0.261800,0.000000,0.000000
0.074000,0.080636,0.271078,0.000000,0.001350,0.000000,-0.261800,0.000000,0.000000
0.076000,0.082775,0.271328,0.000000,0.001423,0.000000,-0.261800,0.000000,0.000000
0.078000,0.084910,0.271577,0.000000,0.001499,0.000000,-0.261800,0.000000,0.000000
0.080000,0.087041,0.271827,0.000000,0.001577,0.000000,-0.261800,0.000000,0.000000
0.082000,0.089170,0.272076,0.000000,0.001657,0.000000,-0.261800,0.000000,0.000000
0.084000,0.091295,0.272325,0.000000,0.001738,0.000000,-0.261800,0.000000,0.000000
0.086000,0.093416,0.272574,0.000000,0.001822,0.000000,-0.261800,0.000000,0.000000
0.088000,0.095533,0.272823,0.000000,0.001908,0.000000,-0.261800,0.000000,0.000000
0.090000,0.097647,0.273072,0.000000,0.001995,0.000000,-0.261800,0.000000,0.000000
0.092000,0.099757,0.273321,0.000000,0.002085,0.000000,-0.261800,0.000000,0.000000
0.094000,0.101863,0.273570,0.000000,0.002176,0.000000,-0.261800,0.000000,0.000000
0.096000,0.103965,0.273818,0.000000,0.002270,0.000000,-0.261800,0.000000,0.000000
0.098000,0.106062,0.274066,0.000000,0.002365,0.000000,-0.261800,0.000000,0.000000
0.100000,0.108156,0.274315,0.000000,0.002462,0.000000,-0.261800,0.000000,0.000000
0.102000,0.110245,0.274563,0.000000,0.002562,0.000000,-0.261800,0.000000,0.000000
0.104000,0.112330,0.274811,0.000000,0.002663,0.000000,-0.261800,0.000000,0.000000
0.106000,0.114411,0.275059,0.000000,0.002766,0.000000,-0.261800,0.000000,0.000000
0.108000,0.116487,0.275307,0.000000,0.002871,0.000000,-0.261800,0.000000,0.000000
0.110000,0.118558,0.275554,0.000000,0.002978,0.000000,-0.261800,0.000000,0.000000
0.112000,0.120625,0.275802,0.000000,0.003087,0.000000,-0.261800,0.000000,0.000000
0.114000,0.122687,0.276049,0.000000,0.003198,0.000000,-0.261800,0.000000,0.000000
0.116000,0.124744,0.276296,0.000000,0.003311,0.000000,-0.261800,0.000000,0.000000
0.118000,0.126796,0.276544,0.000000,0.003426,0.000000,-0.261800,0.000000,0.000000
0.120000,0.128844,0.276791,0.000000,0.003543,0.000000,-0.261800,0.000000,0.000000
0.122000,0.130886,0.277037,0.000000,0.003661,0.000000,-0.261800,0.000000,0.000000
0.124000,0.132923,0.277284,0.000000,0.003782,0.000000,-0.261800,0.000000,0.000000
0.126000,0.134954,0.277530,0.000000,0.003904,0.000000,-0.261800,0.000000,0.000000
0.128000,0.136981,0.277777,0.000000,0.004029,0.000000,-0.261800,0.000000,0.000000
0.130000,0.139002,0.278023,0.000000,0.004155,0.000000,-0.261800,0.000000,0.000000
0.132000,0.141017,0.278269,0.000000,0.004284,0.000000,-0.261800,0.000000,0.000000
0.134000,0.143027,0.278515,0.000000,0.004414,0.000000,-0.261800,0.000000,0.000000
0.136000,0.145031,0.278761,0.000000,0.004546,0.000000,-0.261800,0.000000,0.000000
0.138000,0.147030,0.279006,0.000000,0.004681,0.000000,-0.261800,0.000000,0.000000
0.140000,0.149023,0.279251,0.000000,0.004817,0.000000,-0.261800,0.000000,0.000000
0.142000,0.151010,0.279497,0.000000,0.004955,0.000000,-0.261800,0.000000,0.000000
0.144000,0.152991,0.279742,0.000000,0.005095,0.000000,-0.261800,0.000000,0.000000
0.146000,0.154965,0.279986,0.000000,0.005237,0.000000,-0.261800,0.000000,0.000000
0.148000,0.156934,0.280231,0.000000,0.005380,0.000000,-0.261800,0.000000,0.000000
0.150000,0.158897,0.280476,0.000000,0.005526,0.000000,-0.261800,0.000000,0.000000
0.152000,0.160853,0.280720,0.000000,0.005674,0.000000,-0.261800,0.000000,0.000000
0.154000,0.162803,0.280964,0.000000,0.005823,0.000000,-0.261800,0.000000,0.000000
0.156000,0.164746,0.281208,0.000000,0.005975,0.000000,-0.261800,0.000000,0.000000
0.158000,0.166683,0.281452,0.000000,0.006128,0.000000,-0.261800,0.000000,0.000000
0.160000,0.168614,0.281695,0.000000,0.006283,0.000000,-0.261800,0.000000,0.000000
0.162000,0.170538,0.281939,0.000000,0.006441,0.000000,-0.261800,0.000000,0.000000
0.164000,0.172455,0.282182,0.000000,0.006600,0.000000,-0.261800,0.000000,0.000000
0.166000,0.174365,0.282425,0.000000,0.006761,0.000000,-0.261800,0.000000,0.000000
0.168000,0.176268,0.282667,0.000000,0.006924,0.000000,-0.261800,0.000000,0.000000
0.170000,0.178164,0.282910,0.000000,0.007089,0.000000,-0.261800,0.000000,0.000000
0.172000,0.180054,0.283152,0.000000,0.007255,0.000000,-0.261800,0.000000,0.000000
0.174000,0.181936,0.283394,0.000000,0.007424,0.000000,-0.261800,0.000000,0.000000
0.176000,0.183811,0.283636,0.000000,0.007594,0.000000,-0.261800,0.000000,0.000000
0.178000,0.185679,0.283878,0.000000,0.007767,0.000000,-0.261800,0.000000,0.000000
0.180000,0.187539,0.284119,0.000000,0.007941,0.000000,-0.261800,0.000000,0.000000
0.182000,0.189392,0.284361,0.000000,0.008118,0.000000,-0.261800,0.000000,0.000000
0.184000,0.191238,0.284602,0.000000,0.008296,0.000000,-0.261800,0.000000,0.000000
0.186000,0.193076,0.284842,0.000000,0.008476,0.000000,-0.261800,0.000000,0.000000
0.188000,0.194906,0.285083,0.000000,0.008658,0.000000,-0.261800,0.000000,0.000000
0.190000,0.196729,0.285323,0.000000,0.008841,0.000000,-0.261800,0.000000,0.000000
0.192000,0.198544,0.285563,0.000000,0.009027,0.000000,-0.261800,0.000000,0.000000
0.194000,0.200351,0.285803,0.000000,0.009215,0.000000,-0.261800,0.000000,0.000000
0.196000,0.202150,0.286043,0.000000,0.009404,0.000000,-0.261800,0.000000,0.000000
0.198000,0.203942,0.286282,0.000000,0.009595,0.000000,-0.261800,0.000000,0.000000
0.200000,0.205725,0.286521,0.000000,0.009789,0.000000,-0.261800,0.000000,0.000000
0.202000,0.207500,0.286760,0.000000,0.009984,0.000000,-0.261800,0.000000,0.000000
0.204000,0.209267,0.286999,0.000000,0.010181,0.000000,-0.261800,0.000000,0.000000
0.206000,0.211025,0.287237,0.000000,0.010380,0.000000,-0.261800,0.000000,0.000000
0.208000,0.212776,0.287475,0.000000,0.010580,0.000000,-0.261800,0.000000,0.000000
0.210000,0.214517,0.287713,0.000000,0.010783,0.000000,-0.261800,0.000000,0.000000
0.212000,0.216251,0.287951,0.000000,0.010987,0.000000,-0.261800,0.000000,0.000000
0.214000,0.217976,0.288188,0.000000,0.011194,0.000000,-0.261800,0.000000,0.000000
0.216000,0.219692,0.288426,0.000000,0.011402,0.000000,-0.261800,0.000000,0.000000
0.218000,0.221400,0.288662,0.000000,0.011612,0.000000,-0.261800,0.000000,0.000000
0.220000,0.223098,0.288899,0.000000,0.011824,0.000000,-0.261800,0.000000,0.000000
0.222000,0.224788,0.289135,0.000000,0.012038,0.000000,-0.261800,0.000000,0.000000
0.224000,0.226470,0.289371,0.000000,0.012253,0.000000,-0.261800,0.000000,0.000000
0.226000,0.228142,0.289607,0.000000,0.012471,0.000000,-0.261800,0.000000,0.000000
0.228000,0.229805,0.289843,0.000000,0.012690,0.000000,-0.261800,0.000000,0.000000
0.230000,0.231459,0.290078,0.000000,0.012911,0.000000,-0.261800,0.000000,0.000000
0.232000,0.233104,0.290313,0.000000,0.013134,0.000000,-0.261800,0.000000,0.000000
0.234000,0.234740,0.290548,0.000000,0.013359,0.000000,-0.261800,0.000000,0.000000
0.236000,0.236366,0.290782,0.000000,0.013586,0.000000,-0.261800,0.000000,0.000000
0.238000,0.237984,0.291016,0.000000,0.013814,0.000000,-0.261800,0.000000,0.000000
0.240000,0.239591,0.291250,0.000000,0.014045,0.000000,-0.261800,0.000000,0.000000
0.242000,0.241190,0.291483,0.000000,0.014277,0.000000,-0.261800,0.000000,0.000000
0.244000,0.242779,0.291717,0.000000,0.014511,0.000000,-0.261800,0.000000,0.000000
0.246000,0.244358,0.291950,0.000000,0.014747,0.000000,-0.261800,0.000000,0.000000
0.248000,0.245927,0.292182,0.000000,0.014985,0.000000,-0.261800,0.000000,0.000000
0.250000,0.247487,0.292415,0.000000,0.015224,0.000000,-0.261800,0.000000,0.000000
0.252000,0.249037,0.292647,0.000000,0.015465,0.000000,-0.261800,0.000000,0.000000
0.254000,0.250578,0.292878,0.000000,0.015709,0.000000,-0.261800,0.000000,0.000000
0.256000,0.252108,0.293110,0.000000,0.015954,0.000000,-0.261800,0.000000,0.000000
0.258000,0.253629,0.293341,0.000000,0.016200,0.000000,-0.261800,0.000000,0.000000
0.260000,0.255139,0.293572,0.000000,0.016449,0.000000,-0.261800,0.000000,0.000000
0.262000,0.256639,0.293802,0.000000,0.016700,0.000000,-0.261800,0.000000,0.000000
0.264000,0.258130,0.294033,0.000000,0.016952,0.000000,-0.261800,0.000000,0.000000
0.266000,0.259610,0.294262,0.000000,0.017206,0.000000,-0.261800,0.000000,0.000000
0.268000,0.261079,0.294492,0.000000,0.017462,0.000000,-0.261800,0.000000,0.000000
0.270000,0.262539,0.294721,0.000000,0.017719,0.000000,-0.261800,0.000000,0.000000
0.272000,0.263988,0.294950,0.000000,0.017979,0.000000,-0.261800,0.000000,0.000000
0.274000,0.265427,0.295179,0.000000,0.018240,0.000000,-0.261800,0.000000,0.000000
0.276000,0.266855,0.295407,0.000000,0.018503,0.000000,-0.261800,0.000000,0.000000
0.278000,0.268273,0.295635,0.000000,0.018768,0.000000,-0.261800,0.000000,0.000000
0.280000,0.269680,0.295862,0.000000,0.019035,0.000000,-0.261800,0.000000,0.000000
0.282000,0.271076,0.296090,0.000000,0.019303,0.000000,-0.261800,0.000000,0.000000
0.284000,0.272462,0.296316,0.000000,0.019573,0.000000,-0.261800,0.000000,0.000000
0.286000,0.273837,0.296543,0.000000,0.019845,0.000000,-0.261800,0.000000,0.000000
0.288000,0.275201,0.296769,0.000000,0.020119,0.000000,-0.261800,0.000000,0.000000
0.290000,0.276554,0.296995,0.000000,0.020394,0.000000,-0.261800,0.000000,0.000000
0.292000,0.277897,0.297221,0.000000,0.020672,0.000000,-0.261800,0.000000,0.000000
0.294000,0.279228,0.297446,0.000000,0.020951,0.000000,-0.261800,0.000000,0.000000
0.296000,0.280548,0.297671,0.000000,0.021232,0.000000,-0.261800,0.000000,0.000000
0.298000,0.281858,0.297895,0.000000,0.021514,0.000000,-0.261800,0.000000,0.000000
0.300000,0.283156,0.298119,0.000000,0.021799,0.000000,-0.261800,0.000000,0.000000
0.302000,0.284443,0.298343,0.000000,0.022085,0.000000,-0.261800,0.000000,0.000000
0.304000,0.285719,0.298566,0.000000,0.022373,0.000000,-0.261800,0.000000,0.000000
0.306000,0.286983,0.298789,0.000000,0.022662,0.000000,-0.261800,0.000000,0.000000
0.308000,0.288236,0.299012,0.000000,0.022954,0.000000,-0.261800,0.000000,0.000000
0.310000,0.289478,0.299234,0.000000,0.023247,0.000000,-0.261800,0.000000,0.000000
0.312000,0.290709,0.299456,0.000000,0.023542,0.000000,-0.261800,0.000000,0.000000
0.314000,0.291927,0.299678,0.000000,0.023838,0.000000,-0.261800,0.000000,0.000000
0.316000,0.293135,0.299899,0.000000,0.024137,0.000000,-0.261800,0.000000,0.000000
0.318000,0.294331,0.300120,0.000000,0.024437,0.000000,-0.261800,0.000000,0.000000
0.320000,0.295515,0.300340,0.000000,0.024739,0.000000,-0.261800,0.000000,0.000000
0.322000,0.296687,0.300560,0.000000,0.025042,0.000000,-0.261800,0.000000,0.000000
0.324000,0.297848,0.300780,0.000000,0.025348,0.000000,-0.261800,0.000000,0.000000
0.326000,0.298997,0.300999,0.000000,0.025655,0.000000,-0.261800,0.000000,0.000000
0.328000,0.300134,0.301218,0.000000,0.025963,0.000000,-0.261800,0.000000,0.000000
0.330000,0.301260,0.301437,0.000000,0.026274,0.000000,-0.261800,0.000000,0.000000
0.332000,0.302373,0.301655,0.000000,0.026586,0.000000,-0.261800,0.000000,0.000000
0.334000,0.303475,0.301873,0.000000,0.026900,0.000000,-0.261800,0.000000,0.000000
0.336000,0.304564,0.302090,0.000000,0.027215,0.000000,-0.261800,0.000000,0.000000
0.338000,0.305642,0.302307,0.000000,0.027533,0.000000,-0.261800,0.000000,0.000000
0.340000,0.306707,0.302523,0.000000,0.027852,0.000000,-0.261800,0.000000,0.000000
0.342000,0.307761,0.302739,0.000000,0.028172,0.000000,-0.261800,0.000000,0.000000
0.344000,0.308802,0.302955,0.000000,0.028495,0.000000,-0.261800,0.000000,0.000000
0.346000,0.309831,0.303170,0.000000,0.028819,0.000000,-0.261800,0.000000,0.000000
0.348000,0.310848,0.303385,0.000000,0.029145,0.000000,-0.261800,0.000000,0.000000
0.350000,0.311852,0.303600,0.000000,0.029472,0.000000,-0.261800,0.000000,0.000000
0.352000,0.312844,0.303814,0.000000,0.029801,0.000000,-0.261800,0.000000,0.000000
0.354000,0.313824,0.304028,0.000000,0.030132,0.000000,-0.261800,0.000000,0.000000
0.356000,0.314792,0.304241,0.000000,0.030464,0.000000,-0.261800,0.000000,0.000000
0.358000,0.315747,0.304454,0.000000,0.030799,0.000000,-0.261800,0.000000,0.000000
0.360000,0.316689,0.304666,0.000000,0.031134,0.000000,-0.261800,0.000000,0.000000
0.362000,0.317620,0.304878,0.000000,0.031472,0.000000,-0.261800,0.000000,0.000000
0.364000,0.318537,0.305090,0.000000,0.031811,0.000000,-0.261800,0.000000,0.000000
0.366000,0.319442,0.305301,0.000000,0.032152,0.000000,-0.261800,0.000000,0.000000
0.368000,0.320334,0.305512,0.000000,0.032494,0.000000,-0.261800,0.000000,0.000000
0.370000,0.321214,0.305722,0.000000,0.032839,0.000000,-0.261800,0.000000,0.000000
0.372000,0.322081,0.305932,0.000000,0.033184,0.000000,-0.261800,0.000000,0.000000
0.374000,0.322935,0.306141,0.000000,0.033532,0.000000,-0.261800,0.000000,0.000000
0.376000,0.323777,0.306350,0.000000,0.033881,0.000000,-0.261800,0.000000,0.000000
0.378000,0.324606,0.306559,0.000000,0.034232,0.000000,-0.261800,0.000000,0.000000
0.380000,0.325422,0.306767,0.000000,0.034584,0.000000,-0.261800,0.000000,0.000000
0.382000,0.326225,0.306974,0.000000,0.034938,0.000000,-0.261800,0.000000,0.000000
0.384000,0.327015,0.307182,0.000000,0.035293,0.000000,-0.261800,0.000000,0.000000
0.386000,0.327792,0.307388,0.000000,0.035651,0.000000,-0.261800,0.000000,0.000000
0.388000,0.328557,0.307595,0.000000,0.036010,0.000000,-0.261800,0.000000,0.000000
0.390000,0.329308,0.307800,0.000000,0.036370,0.000000,-0.261800,0.000000,0.000000
0.392000,0.330047,0.308006,0.000000,0.036732,0.000000,-0.261800,0.000000,0.000000
0.394000,0.330772,0.308211,0.000000,0.037096,0.000000,-0.261800,0.000000,0.000000
0.396000,0.331484,0.308415,0.000000,0.037461,0.000000,-0.261800,0.000000,0.000000
0.398000,0.332184,0.308619,0.000000,0.037828,0.000000,-0.261800,0.000000,0.000000
0.400000,0.332870,0.308823,0.000000,0.038197,0.000000,-0.261800,0.000000,0.000000
0.402000,0.333543,0.309026,0.000000,0.038567,0.000000,-0.261800,0.000000,0.000000
0.404000,0.334203,0.309229,0.000000,0.038938,0.000000,-0.261800,0.000000,0.000000
0.406000,0.334849,0.309431,0.000000,0.039312,0.000000,-0.261800,0.000000,0.000000
0.408000,0.335483,0.309632,0.000000,0.039687,0.000000,-0.261800,0.000000,0.000000
0.410000,0.336103,0.309834,0.000000,0.040063,0.000000,-0.261800,0.000000,0.000000
0.412000,0.336710,0.310034,0.000000,0.040441,0.000000,-0.261800,0.000000,0.000000
0.414000,0.337303,0.310235,0.000000,0.040821,0.000000,-0.261800,0.000000,0.000000
0.416000,0.337884,0.310434,0.000000,0.041202,0.000000,-0.261800,0.000000,0.000000
0.418000,0.338451,0.310634,0.000000,0.041585,0.000000,-0.261800,0.000000,0.000000
0.420000,0.339004,0.310833,0.000000,0.041969,0.000000,-0.261800,0.000000,0.000000
0.422000,0.339544,0.311031,0.000000,0.042355,0.000000,-0.261800,0.000000,0.000000
0.424000,0.340071,0.311229,0.000000,0.042742,0.000000,-0.261800,0.000000,0.000000
0.426000,0.340584,0.311426,0.000000,0.043131,0.000000,-0.261800,0.000000,0.000000
0.428000,0.341084,0.311623,0.000000,0.043522,0.000000,-0.261800,0.000000,0.000000
0.430000,0.341571,0.311819,0.000000,0.043914,0.000000,-0.261800,0.000000,0.000000
0.432000,0.342044,0.312015,0.000000,0.044308,0.000000,-0.261800,0.000000,0.000000
0.434000,0.342503,0.312211,0.000000,0.044703,0.000000,-0.261800,0.000000,0.000000
0.436000,0.342949,0.312406,0.000000,0.045099,0.000000,-0.261800,0.000000,0.000000
0.438000,0.343382,0.312600,0.000000,0.045498,0.000000,-0.261800,0.000000,0.000000
0.440000,0.343801,0.312794,0.000000,0.045897,0.000000,-0.261800,0.000000,0.000000
0.442000,0.344206,0.312987,0.000000,0.046299,0.000000,-0.261800,0.000000,0.000000
0.444000,0.344598,0.313180,0.000000,0.046701,0.000000,-0.261800,0.000000,0.000000
0.446000,0.344976,0.313373,0.000000,0.047106,0.000000,-0.261800,0.000000,0.000000
0.448000,0.345340,0.313564,0.000000,0.047511,0.000000,-0.261800,0.000000,0.000000
0.450000,0.345691,0.313756,0.000000,0.047919,0.000000,-0.261800,0.000000,0.000000
0.452000,0.346028,0.313947,0.000000,0.048328,0.000000,-0.261800,0.000000,0.000000
0.454000,0.346352,0.314137,0.000000,0.048738,0.000000,-0.261800,0.000000,0.000000
0.456000,0.346661,0.314327,0.000000,0.049150,0.000000,-0.261800,0.000000,0.000000
0.458000,0.346958,0.314516,0.000000,0.049563,0.000000,-0.261800,0.000000,0.000000
0.460000,0.347240,0.314705,0.000000,0.049978,0.000000,-0.261800,0.000000,0.000000
0.462000,0.347509,0.314893,0.000000,0.050394,0.000000,-0.261800,0.000000,0.000000
0.464000,0.347764,0.315081,0.000000,0.050812,0.000000,-0.261800,0.000000,0.000000
0.466000,0.348005,0.315268,0.000000,0.051231,0.000000,-0.261800,0.000000,0.000000
0.468000,0.348233,0.315455,0.000000,0.051652,0.000000,-0.261800,0.000000,0.000000
0.470000,0.348447,0.315641,0.000000,0.052074,0.000000,-0.261800,0.000000,0.000000
0.472000,0.348647,0.315827,0.000000,0.052497,0.000000,-0.261800,0.000000,0.000000
0.474000,0.348833,0.316012,0.000000,0.052922,0.000000,-0.261800,0.000000,0.000000
0.476000,0.349006,0.316196,0.000000,0.053349,0.000000,-0.261800,0.000000,0.000000
0.478000,0.349164,0.316380,0.000000,0.053777,0.000000,-0.261800,0.000000,0.000000
0.480000,0.349309,0.316564,0.000000,0.054206,0.000000,-0.261800,0.000000,0.000000
0.482000,0.349441,0.316747,0.000000,0.054637,0.000000,-0.261800,0.000000,0.000000
0.484000,0.349558,0.316929,0.000000,0.055069,0.000000,-0.261800,0.000000,0.000000
0.486000,0.349662,0.317111,0.000000,0.055503,0.000000,-0.261800,0.000000,0.000000
0.488000,0.349751,0.317292,0.000000,0.055938,0.000000,-0.261800,0.000000,0.000000
0.490000,0.349827,0.317473,0.000000,0.056375,0.000000,-0.261800,0.000000,0.000000
0.492000,0.349889,0.317653,0.000000,0.056813,0.000000,-0.261800,0.000000,0.000000
0.494000,0.349938,0.317833,0.000000,0.057252,0.000000,-0.261800,0.000000,0.000000
0.496000,0.349972,0.318012,0.000000,0.057693,0.000000,-0.261800,0.000000,0.000000
0.498000,0.349993,0.318191,0.000000,0.058135,0.000000,-0.261800,0.000000,0.000000
0.500000,0.350000,0.318369,0.000000,0.058579,0.000000,-0.261800,0.000000,0.000000
0.502000,0.349993,0.318546,0.000000,0.059024,0.000000,-0.261800,0.000000,0.000000
0.504000,0.349972,0.318723,0.000000,0.059470,0.000000,-0.261800,0.000000,0.000000
0.506000,0.349938,0.318899,0.000000,0.059918,0.000000,-0.261800,0.000000,0.000000
0.508000,0.349889,0.319075,0.000000,0.060367,0.000000,-0.261800,0.000000,0.000000
0.510000,0.349827,0.319250,0.000000,0.060817,0.000000,-0.261800,0.000000,0.000000
0.512000,0.349751,0.319425,0.000000,0.061269,0.000000,-0.261800,0.000000,0.000000
0.514000,0.349662,0.319599,0.000000,0.061723,0.000000,-0.261800,0.000000,0.000000
0.516000,0.349558,0.319772,0.000000,0.062177,0.000000,-0.261800,0.000000,0.000000
0.518000,0.349441,0.319945,0.000000,0.062633,0.000000,-0.261800,0.000000,0.000000
0.520000,0.349309,0.320117,0.000000,0.063091,0.000000,-0.261800,0.000000,0.000000
0.522000,0.349164,0.320289,0.000000,0.063549,0.000000,-0.261800,0.000000,0.000000
0.524000,0.349006,0.320460,0.000000,0.064009,0.000000,-0.261800,0.000000,0.000000
0.526000,0.348833,0.320631,0.000000,0.064471,0.000000,-0.261800,0.000000,0.000000
0.528000,0.348647,0.320801,0.000000,0.064933,0.000000,-0.261800,0.000000,0.000000
0.530000,0.348447,0.320970,0.000000,0.065397,0.000000,-0.261800,0.000000,0.000000
0.532000,0.348233,0.321139,0.000000,0.065863,0.000000,-0.261800,0.000000,0.000000
0.534000,0.348005,0.321308,0.000000,0.066330,0.000000,-0.261800,0.000000,0.000000
0.536000,0.347764,0.321475,0.000000,0.066798,0.000000,-0.261800,0.000000,0.000000
0.538000,0.347509,0.321642,0.000000,0.067267,0.000000,-0.261800,0.000000,0.000000
0.540000,0.347240,0.321809,0.000000,0.067738,0.000000,-0.261800,0.000000,0.000000
0.542000,0.346958,0.321975,0.000000,0.068210,0.000000,-0.261800,0.000000,0.000000
0.544000,0.346661,0.322140,0.000000,0.068683,0.000000,-0.261800,0.000000,0.000000
0.546000,0.346352,0.322305,0.000000,0.069157,0.000000,-0.261800,0.000000,0.000000
0.548000,0.346028,0.322469,0.000000,0.069633,0.000000,-0.261800,0.000000,0.000000
0.550000,0.345691,0.322632,0.000000,0.070110,0.000000,-0.261800,0.000000,0.000000
0.552000,0.345340,0.322795,0.000000,0.070589,0.000000,-0.261800,0.000000,0.000000
0.554000,0.344976,0.322958,0.000000,0.071069,0.000000,-0.261800,0.000000,0.000000
0.556000,0.344598,0.323119,0.000000,0.071549,0.000000,-0.261800,0.000000,0.000000
0.558000,0.344206,0.323281,0.000000,0.072032,0.000000,-0.261800,0.000000,0.000000
0.560000,0.343801,0.323441,0.000000,0.072515,0.000000,-0.261800,0.000000,0.000000
0.562000,0.343382,0.323601,0.000000,0.073000,0.000000,-0.261800,0.000000,0.000000
0.564000,0.342949,0.323760,0.000000,0.073486,0.000000,-0.261800,0.000000,0.000000
0.566000,0.342503,0.323919,0.000000,0.073973,0.000000,-0.261800,0.000000,0.000000
0.568000,0.342044,0.324077,0.000000,0.074462,0.000000,-0.261800,0.000000,0.000000
0.570000,0.341571,0.324234,0.000000,0.074951,0.000000,-0.261800,0.000000,0.000000
0.572000,0.341084,0.324391,0.000000,0.075442,0.000000,-0.261800,0.000000,0.000000
0.574000,0.340584,0.324547,0.000000,0.075935,0.000000,-0.261800,0.000000,0.000000
0.576000,0.340071,0.324703,0.000000,0.076428,0.000000,-0.261800,0.000000,0.000000
0.578000,0.339544,0.324858,0.000000,0.076923,0.000000,-0.261800,0.000000,0.000000
0.580000,0.339004,0.325012,0.000000,0.077419,0.000000,-0.261800,0.000000,0.000000
0.582000,0.338451,0.325166,0.000000,0.077916,0.000000,-0.261800,0.000000,0.000000
0.584000,0.337884,0.325319,0.000000,0.078414,0.000000,-0.261800,0.000000,0.000000
0.586000,0.337303,0.325472,0.000000,0.078913,0.000000,-0.261800,0.000000,0.000000
0.588000,0.336710,0.325624,0.000000,0.079414,0.000000,-0.261800,0.000000,0.000000
0.590000,0.336103,0.325775,0.000000,0.079916,0.000000,-0.261800,0.000000,0.000000
0.592000,0.335483,0.325925,0.000000,0.080419,0.000000,-0.261800,0.000000,0.000000
0.594000,0.334849,0.326075,0.000000,0.080923,0.000000,-0.261800,0.000000,0.000000
0.596000,0.334203,0.326225,0.000000,0.081429,0.000000,-0.261800,0.000000,0.000000
0.598000,0.333543,0.326373,0.000000,0.081935,0.000000,-0.261800,0.000000,0.000000
0.600000,0.332870,0.326521,0.000000,0.082443,0.000000,-0.261800,0.000000,0.000000
0.602000,0.332184,0.326669,0.000000,0.082952,0.000000,-0.261800,0.000000,0.000000
0.604000,0.331484,0.326816,0.000000,0.083462,0.000000,-0.261800,0.000000,0.000000
0.606000,0.330772,0.326962,0.000000,0.083973,0.000000,-0.261800,0.000000,0.000000
0.608000,0.330047,0.327107,0.000000,0.084485,0.000000,-0.261800,0.000000,0.000000
0.610000,0.329308,0.327252,0.000000,0.084999,0.000000,-0.261800,0.000000,0.000000
0.612000,0.328557,0.327396,0.000000,0.085514,0.000000,-0.261800,0.000000,0.000000
0.614000,0.327792,0.327540,0.000000,0.086029,0.000000,-0.261800,0.000000,0.000000
0.616000,0.327015,0.327683,0.000000,0.086546,0.000000,-0.261800,0.000000,0.000000
0.618000,0.326225,0.327825,0.000000,0.087064,0.000000,-0.261800,0.000000,0.000000
0.620000,0.325422,0.327966,0.000000,0.087583,0.000000,-0.261800,0.000000,0.000000
0.622000,0.324606,0.328107,0.000000,0.088104,0.000000,-0.261800,0.000000,0.000000
0.624000,0.323777,0.328248,0.000000,0.088625,0.000000,-0.261800,0.000000,0.000000
0.626000,0.322935,0.328387,0.000000,0.089147,0.000000,-0.261800,0.000000,0.000000
0.628000,0.322081,0.328526,0.000000,0.089671,0.000000,-0.261800,0.000000,0.000000
0.630000,0.321214,0.328665,0.000000,0.090195,0.000000,-0.261800,0.000000,0.000000
0.632000,0.320334,0.328802,0.000000,0.090721,0.000000,-0.261800,0.000000,0.000000
0.634000,0.319442,0.328939,0.000000,0.091248,0.000000,-0.261800,0.000000,0.000000
0.636000,0.318537,0.329076,0.000000,0.091776,0.000000,-0.261800,0.000000,0.000000
0.638000,0.317620,0.329211,0.000000,0.092305,0.000000,-0.261800,0.000000,0.000000
0.640000,0.316689,0.329346,0.000000,0.092835,0.000000,-0.261800,0.000000,0.000000
0.642000,0.315747,0.329481,0.000000,0.093366,0.000000,-0.261800,0.000000,0.000000
0.644000,0.314792,0.329614,0.000000,0.093898,0.000000,-0.261800,0.000000,0.000000
0.646000,0.313824,0.329747,0.000000,0.094431,0.000000,-0.261800,0.000000,0.000000
0.648000,0.312844,0.329880,0.000000,0.094965,0.000000,-0.261800,0.000000,0.000000
0.650000,0.311852,0.330011,0.000000,0.095500,0.000000,-0.261800,0.000000,0.000000
0.652000,0.310848,0.330142,0.000000,0.096037,0.000000,-0.261800,0.000000,0.000000
0.654000,0.309831,0.330273,0.000000,0.096574,0.000000,-0.261800,0.000000,0.000000
0.656000,0.308802,0.330402,0.000000,0.097112,0.000000,-0.261800,0.000000,0.000000
0.658000,0.307761,0.330531,0.000000,0.097651,0.000000,-0.261800,0.000000,0.000000
0.660000,0.306707,0.330659,0.000000,0.098192,0.000000,-0.261800,0.000000,0.000000
0.662000,0.305642,0.330787,0.000000,0.098733,0.000000,-0.261800,0.000000,0.000000
0.664000,0.304564,0.330914,0.000000,0.099275,0.000000,-0.261800,0.000000,0.000000
0.666000,0.303475,0.331040,0.000000,0.099819,0.000000,-0.261800,0.000000,0.000000
0.668000,0.302373,0.331166,0.000000,0.100363,0.000000,-0.261800,0.000000,0.000000
0.670000,0.301260,0.331291,0.000000,0.100908,0.000000,-0.261800,0.000000,0.000000
0.672000,0.300134,0.331415,0.000000,0.101455,0.000000,-0.261800,0.000000,0.000000
0.674000,0.298997,0.331538,0.000000,0.102002,0.000000,-0.261800,0.000000,0.000000
0.676000,0.297848,0.331661,0.000000,0.102550,0.000000,-0.261800,0.000000,0.000000
0.678000,0.296687,0.331783,0.000000,0.103099,0.000000,-0.261800,0.000000,0.000000
0.680000,0.295515,0.331905,0.000000,0.103649,0.000000,-0.261800,0.000000,0.000000
0.682000,0.294331,0.332025,0.000000,0.104200,0.000000,-0.261800,0.000000,0.000000
0.684000,0.293135,0.332145,0.000000,0.104752,0.000000,-0.261800,0.000000,0.000000
0.686000,0.291927,0.332265,0.000000,0.105305,0.000000,-0.261800,0.000000,0.000000
0.688000,0.290709,0.332383,0.000000,0.105859,0.000000,-0.261800,0.000000,0.000000
0.690000,0.289478,0.332501,0.000000,0.106414,0.000000,-0.261800,0.000000,0.000000
0.692000,0.288236,0.332619,0.000000,0.106970,0.000000,-0.261800,0.000000,0.000000
0.694000,0.286983,0.332735,0.000000,0.107526,0.000000,-0.261800,0.000000,0.000000
0.696000,0.285719,0.332851,0.000000,0.108084,0.000000,-0.261800,0.000000,0.000000
0.698000,0.284443,0.332966,0.000000,0.108643,0.000000,-0.261800,0.000000,0.000000
0.700000,0.283156,0.333081,0.000000,0.109202,0.000000,-0.261800,0.000000,0.000000
0.702000,0.281858,0.333194,0.000000,0.109762,0.000000,-0.261800,0.000000,0.000000
0.704000,0.280548,0.333307,0.000000,0.110323,0.000000,-0.261800,0.000000,0.000000
0.706000,0.279228,0.333420,0.000000,0.110885,0.000000,-0.261800,0.000000,0.000000
0.708000,0.277897,0.333531,0.000000,0.111448,0.000000,-0.261800,0.000000,0.000000
0.710000,0.276554,0.333642,0.000000,0.112012,0.000000,-0.261800,0.000000,0.000000
0.712000,0.275201,0.333752,0.000000,0.112577,0.000000,-0.261800,0.000000,0.000000
0.714000,0.273837,0.333862,0.000000,0.113142,0.000000,-0.261800,0.000000,0.000000
0.716000,0.272462,0.333971,0.000000,0.113709,0.000000,-0.261800,0.000000,0.000000
0.718000,0.271076,0.334079,0.000000,0.114276,0.000000,-0.261800,0.000000,0.000000
0.720000,0.269680,0.334186,0.000000,0.114844,0.000000,-0.261800,0.000000,0.000000
0.722000,0.268273,0.334293,0.000000,0.115413,0.000000,-0.261800,0.000000,0.000000
0.724000,0.266855,0.334399,0.000000,0.115983,0.000000,-0.261800,0.000000,0.000000
0.726000,0.265427,0.334504,0.000000,0.116553,0.000000,-0.261800,0.000000,0.000000
0.728000,0.263988,0.334608,0.000000,0.117125,0.000000,-0.261800,0.000000,0.000000
0.730000,0.262539,0.334712,0.000000,0.117697,0.000000,-0.261800,0.000000,0.000000
0.732000,0.261079,0.334815,0.000000,0.118270,0.000000,-0.261800,0.000000,0.000000
0.734000,0.259610,0.334918,0.000000,0.118844,0.000000,-0.261800,0.000000,0.000000
0.736000,0.258130,0.335019,0.000000,0.119419,0.000000,-0.261800,0.000000,0.000000
0.738000,0.256639,0.335120,0.000000,0.119994,0.000000,-0.261800,0.000000,0.000000
0.740000,0.255139,0.335220,0.000000,0.120570,0.000000,-0.261800,0.000000,0.000000
0.742000,0.253629,0.335320,0.000000,0.121147,0.000000,-0.261800,0.000000,0.000000
0.744000,0.252108,0.335419,0.000000,0.121725,0.000000,-0.261800,0.000000,0.000000
0.746000,0.250578,0.335517,0.000000,0.122304,0.000000,-0.261800,0.000000,0.000000
0.748000,0.249037,0.335614,0.000000,0.122883,0.000000,-0.261800,0.000000,0.000000
0.750000,0.247487,0.335710,0.000000,0.123463,0.000000,-0.261800,0.000000,0.000000
0.752000,0.245927,0.335806,0.000000,0.124044,0.000000,-0.261800,0.000000,0.000000
0.754000,0.244358,0.335901,0.000000,0.124626,0.000000,-0.261800,0.000000,0.000000
0.756000,0.242779,0.335996,0.000000,0.125208,0.000000,-0.261800,0.000000,0.000000
0.758000,0.241190,0.336089,0.000000,0.125791,0.000000,-0.261800,0.000000,0.000000
0.760000,0.239591,0.336182,0.000000,0.126375,0.000000,-0.261800,0.000000,0.000000
0.762000,0.237984,0.336274,0.000000,0.126960,0.000000,-0.261800,0.000000,0.000000
0.764000,0.236366,0.336366,0.000000,0.127545,0.000000,-0.261800,0.000000,0.000000
0.766000,0.234740,0.336456,0.000000,0.128131,0.000000,-0.261800,0.000000,0.000000
0.768000,0.233104,0.336546,0.000000,0.128718,0.000000,-0.261800,0.000000,0.000000
0.770000,0.231459,0.336636,0.000000,0.129305,0.000000,-0.261800,0.000000,0.000000
0.772000,0.229805,0.336724,0.000000,0.129893,0.000000,-0.261800,0.000000,0.000000
0.774000,0.228142,0.336812,0.000000,0.130482,0.000000,-0.261800,0.000000,0.000000
0.776000,0.226470,0.336899,0.000000,0.131071,0.000000,-0.261800,0.000000,0.000000
0.778000,0.224788,0.336985,0.000000,0.131662,0.000000,-0.261800,0.000000,0.000000
0.780000,0.223098,0.337070,0.000000,0.132252,0.000000,-0.261800,0.000000,0.000000
0.782000,0.221400,0.337155,0.000000,0.132844,0.000000,-0.261800,0.000000,0.000000
0.784000,0.219692,0.337239,0.000000,0.133436,0.000000,-0.261800,0.000000,0.000000
0.786000,0.217976,0.337323,0.000000,0.134029,0.000000,-0.261800,0.000000,0.000000
0.788000,0.216251,0.337405,0.000000,0.134622,0.000000,-0.261800,0.000000,0.000000
0.790000,0.214517,0.337487,0.000000,0.135217,0.000000,-0.261800,0.000000,0.000000
0.792000,0.212776,0.337568,0.000000,0.135811,0.000000,-0.261800,0.000000,0.000000
0.794000,0.211025,0.337648,0.000000,0.136407,0.000000,-0.261800,0.000000,0.000000
0.796000,0.209267,0.337728,0.000000,0.137003,0.000000,-0.261800,0.000000,0.000000
0.798000,0.207500,0.337806,0.000000,0.137599,0.000000,-0.261800,0.000000,0.000000
0.800000,0.205725,0.337885,0.000000,0.138197,0.000000,-0.261800,0.000000,0.000000
0.802000,0.203942,0.337962,0.000000,0.138794,0.000000,-0.261800,0.000000,0.000000
0.804000,0.202150,0.338038,0.000000,0.139393,0.000000,-0.261800,0.000000,0.000000
0.806000,0.200351,0.338114,0.000000,0.139992,0.000000,-0.261800,0.000000,0.000000
0.808000,0.198544,0.338189,0.000000,0.140592,0.000000,-0.261800,0.000000,0.000000
0.810000,0.196729,0.338263,0.000000,0.141192,0.000000,-0.261800,0.000000,0.000000
0.812000,0.194906,0.338337,0.000000,0.141793,0.000000,-0.261800,0.000000,0.000000
0.814000,0.193076,0.338410,0.000000,0.142394,0.000000,-0.261800,0.000000,0.000000
0.816000,0.191238,0.338482,0.000000,0.142996,0.000000,-0.261800,0.000000,0.000000
0.818000,0.189392,0.338553,0.000000,0.143599,0.000000,-0.261800,0.000000,0.000000
0.820000,0.187539,0.338623,0.000000,0.144202,0.000000,-0.261800,0.000000,0.000000
0.822000,0.185679,0.338693,0.000000,0.144805,0.000000,-0.261800,0.000000,0.000000
0.824000,0.183811,0.338762,0.000000,0.145410,0.000000,-0.261800,0.000000,0.000000
0.826000,0.181936,0.338830,0.000000,0.146014,0.000000,-0.261800,0.000000,0.000000
0.828000,0.180054,0.338898,0.000000,0.146620,0.000000,-0.261800,0.000000,0.000000
0.830000,0.178164,0.338965,0.000000,0.147225,0.000000,-0.261800,0.000000,0.000000
0.832000,0.176268,0.339031,0.000000,0.147832,0.000000,-0.261800,0.000000,0.000000
0.834000,0.174365,0.339096,0.000000,0.148439,0.000000,-0.261800,0.000000,0.000000
0.836000,0.172455,0.339160,0.000000,0.149046,0.000000,-0.261800,0.000000,0.000000
0.838000,0.170538,0.339224,0.000000,0.149654,0.000000,-0.261800,0.000000,0.000000
0.840000,0.168614,0.339287,0.000000,0.150262,0.000000,-0.261800,0.000000,0.000000
0.842000,0.166683,0.339349,0.000000,0.150871,0.000000,-0.261800,0.000000,0.000000
0.844000,0.164746,0.339410,0.000000,0.151480,0.000000,-0.261800,0.000000,0.000000
0.846000,0.162803,0.339471,0.000000,0.152090,0.000000,-0.261800,0.000000,0.000000
0.848000,0.160853,0.339531,0.000000,0.152700,0.000000,-0.261800,0.000000,0.000000
0.850000,0.158897,0.339590,0.000000,0.153311,0.000000,-0.261800,0.000000,0.000000
0.852000,0.156934,0.339648,0.000000,0.153922,0.000000,-0.261800,0.000000,0.000000
0.854000,0.154965,0.339705,0.000000,0.154534,0.000000,-0.261800,0.000000,0.000000
0.856000,0.152991,0.339762,0.000000,0.155146,0.000000,-0.261800,0.000000,0.000000
0.858000,0.151010,0.339818,0.000000,0.155758,0.000000,-0.261800,0.000000,0.000000
0.860000,0.149023,0.339873,0.000000,0.156371,0.000000,-0.261800,0.000000,0.000000
0.862000,0.147030,0.339928,0.000000,0.156985,0.000000,-0.261800,0.000000,0.000000
0.864000,0.145031,0.339981,0.000000,0.157599,0.000000,-0.261800,0.000000,0.000000
0.866000,0.143027,0.340034,0.000000,0.158213,0.000000,-0.261800,0.000000,0.000000
0.868000,0.141017,0.340086,0.000000,0.158827,0.000000,-0.261800,0.000000,0.000000
0.870000,0.139002,0.340138,0.000000,0.159443,0.000000,-0.261800,0.000000,0.000000
0.872000,0.136981,0.340188,0.000000,0.160058,0.000000,-0.261800,0.000000,0.000000
0.874000,0.134954,0.340238,0.000000,0.160674,0.000000,-0.261800,0.000000,0.000000
0.876000,0.132923,0.340287,0.000000,0.161290,0.000000,-0.261800,0.000000,0.000000
0.878000,0.130886,0.340335,0.000000,0.161907,0.000000,-0.261800,0.000000,0.000000
0.880000,0.128844,0.340383,0.000000,0.162524,0.000000,-0.261800,0.000000,0.000000
0.882000,0.126796,0.340430,0.000000,0.163141,0.000000,-0.261800,0.000000,0.000000
0.884000,0.124744,0.340476,0.000000,0.163759,0.000000,-0.261800,0.000000,0.000000
0.886000,0.122687,0.340521,0.000000,0.164377,0.000000,-0.261800,0.000000,0.000000
0.888000,0.120625,0.340565,0.000000,0.164995,0.000000,-0.261800,0.000000,0.000000
0.890000,0.118558,0.340609,0.000000,0.165614,0.000000,-0.261800,0.000000,0.000000
0.892000,0.116487,0.340652,0.000000,0.166233,0.000000,-0.261800,0.000000,0.000000
0.894000,0.114411,0.340694,0.000000,0.166853,0.000000,-0.261800,0.000000,0.000000
0.896000,0.112330,0.340735,0.000000,0.167473,0.000000,-0.261800,0.000000,0.000000
0.898000,0.110245,0.340775,0.000000,0.168093,0.000000,-0.261800,0.000000,0.000000
0.900000,0.108156,0.340815,0.000000,0.168713,0.000000,-0.261800,0.000000,0.000000
0.902000,0.106062,0.340854,0.000000,0.169334,0.000000,-0.261800,0.000000,0.000000
0.904000,0.103965,0.340892,0.000000,0.169955,0.000000,-0.261800,0.000000,0.000000
0.906000,0.101863,0.340930,0.000000,0.170576,0.000000,-0.261800,0.000000,0.000000
0.908000,0.099757,0.340966,0.000000,0.171198,0.000000,-0.261800,0.000000,0.000000
0.910000,0.097647,0.341002,0.000000,0.171820,0.000000,-0.261800,0.000000,0.000000
0.912000,0.095533,0.341037,0.000000,0.172442,0.000000,-0.261800,0.000000,0.000000
0.914000,0.093416,0.341071,0.000000,0.173064,0.000000,-0.261800,0.000000,0.000000
0.916000,0.091295,0.341105,0.000000,0.173687,0.000000,-0.261800,0.000000,0.000000
0.918000,0.089170,0.341137,0.000000,0.174310,0.000000,-0.261800,0.000000,0.000000
0.920000,0.087041,0.341169,0.000000,0.174933,0.000000,-0.261800,0.000000,0.000000
0.922000,0.084910,0.341200,0.000000,0.175557,0.000000,-0.261800,0.000000,0.000000
0.924000,0.082775,0.341231,0.000000,0.176181,0.000000,-0.261800,0.000000,0.000000
0.926000,0.080636,0.341260,0.000000,0.176805,0.000000,-0.261800,0.000000,0.000000
0.928000,0.078495,0.341289,0.000000,0.177429,0.000000,-0.261800,0.000000,0.000000
0.930000,0.076350,0.341317,0.000000,0.178053,0.000000,-0.261800,0.000000,0.000000
0.932000,0.074202,0.341344,0.000000,0.178678,0.000000,-0.261800,0.000000,0.000000
0.934000,0.072052,0.341370,0.000000,0.179303,0.000000,-0.261800,0.000000,0.000000
0.936000,0.069898,0.341396,0.000000,0.179928,0.000000,-0.261800,0.000000,0.000000
0.938000,0.067742,0.341421,0.000000,0.180553,0.000000,-0.261800,0.000000,0.000000
0.940000,0.065583,0.341445,0.000000,0.181178,0.000000,-0.261800,0.000000,0.000000
0.942000,0.063422,0.341468,0.000000,0.181804,0.000000,-0.261800,0.000000,0.000000
0.944000,0.061258,0.341491,0.000000,0.182430,0.000000,-0.261800,0.000000,0.000000
0.946000,0.059092,0.341512,0.000000,0.183056,0.000000,-0.261800,0.000000,0.000000
0.948000,0.056923,0.341533,0.000000,0.183682,0.000000,-0.261800,0.000000,0.000000
0.950000,0.054752,0.341553,0.000000,0.184308,0.000000,-0.261800,0.000000,0.000000
0.952000,0.052579,0.341573,0.000000,0.184935,0.000000,-0.261800,0.000000,0.000000
0.954000,0.050404,0.341591,0.000000,0.185561,0.000000,-0.261800,0.000000,0.000000
0.956000,0.048227,0.341609,0.000000,0.186188,0.000000,-0.261800,0.000000,0.000000
0.958000,0.046048,0.341626,0.000000,0.186815,0.000000,-0.261800,0.000000,0.000000
0.960000,0.043867,0.341642,0.000000,0.187442,0.000000,-0.261800,0.000000,0.000000
0.962000,0.041684,0.341658,0.000000,0.188069,0.000000,-0.261800,0.000000,0.000000
0.964000,0.039500,0.341672,0.000000,0.188696,0.000000,-0.261800,0.000000,0.000000
0.966000,0.037314,0.341686,0.000000,0.189324,0.000000,-0.261800,0.000000,0.000000
0.968000,0.035127,0.341699,0.000000,0.189951,0.000000,-0.261800,0.000000,0.000000
0.970000,0.032938,0.341711,0.000000,0.190579,0.000000,-0.261800,0.000000,0.000000
0.972000,0.030748,0.341723,0.000000,0.191206,0.000000,-0.261800,0.000000,0.000000
0.974000,0.028557,0.341733,0.000000,0.191834,0.000000,-0.261800,0.000000,0.000000
0.976000,0.026364,0.341743,0.000000,0.192462,0.000000,-0.261800,0.000000,0.000000
0.978000,0.024171,0.341752,0.000000,0.193090,0.000000,-0.261800,0.000000,0.000000
0.980000,0.021977,0.341761,0.000000,0.193718,0.000000,-0.261800,0.000000,0.000000
0.982000,0.019781,0.341768,0.000000,0.194346,0.000000,-0.261800,0.000000,0.000000
0.984000,0.017586,0.341775,0.000000,0.194974,0.000000,-0.261800,0.000000,0.000000
0.986000,0.015389,0.341781,0.000000,0.195602,0.000000,-0.261800,0.000000,0.000000
0.988000,0.013192,0.341786,0.000000,0.196230,0.000000,-0.261800,0.000000,0.000000
0.990000,0.010994,0.341790,0.000000,0.196859,0.000000,-0.261800,0.000000,0.000000
0.992000,0.008796,0.341794,0.000000,0.197487,0.000000,-0.261800,0.000000,0.000000
0.994000,0.006597,0.341796,0.000000,0.198115,0.000000,-0.261800,0.000000,0.000000
0.996000,0.004398,0.341798,0.000000,0.198743,0.000000,-0.261800,0.000000,0.000000
0.998000,0.002199,0.341800,0.000000,0.199372,0.000000,-0.261800,0.000000,0.000000
1.000000,0.000000,0.341800,0.000000,0.200000,0.000000,-0.261800,0.000000,0.000000
1.002000,-0.002199,0.341800,0.000000,0.200628,0.000000,-0.261800,0.000000,0.000000
1.004000,-0.004398,0.341798,0.000000,0.201257,0.000000,-0.261800,0.000000,0.000000
1.006000,-0.006597,0.341796,0.000000,0.201885,0.000000,-0.261800,0.000000,0.000000
1.008000,-0.008796,0.341794,0.000000,0.202513,0.000000,-0.261800,0.000000,0.000000
1.010000,-0.010994,0.341790,0.000000,0.203141,0.000000,-0.261800,0.000000,0.000000
1.012000,-0.013192,0.341786,0.000000,0.203770,0.000000,-0.261800,0.000000,0.000000
1.014000,-0.015389,0.341781,0.000000,0.204398,0.000000,-0.261800,0.000000,0.000000
1.016000,-0.017586,0.341775,0.000000,0.205026,0.000000,-0.261800,0.000000,0.000000
1.018000,-0.019781,0.341768,0.000000,0.205654,0.000000,-0.261800,0.000000,0.000000
1.020000,-0.021977,0.341761,0.000000,0.206282,0.000000,-0.261800,0.000000,0.000000
1.022000,-0.024171,0.341752,0.000000,0.206910,0.000000,-0.261800,0.000000,0.000000
1.024000,-0.026364,0.341743,0.000000,0.207538,0.000000,-0.261800,0.000000,0.000000
1.026000,-0.028557,0.341733,0.000000,0.208166,0.000000,-0.261800,0.000000,0.000000
1.028000,-0.030748,0.341723,0.000000,0.208794,0.000000,-0.261800,0.000000,0.000000
1.030000,-0.032938,0.341711,0.000000,0.209421,0.000000,-0.261800,0.000000,0.000000
1.032000,-0.035127,0.341699,0.000000,0.210049,0.000000,-0.261800,0.000000,0.000000
1.034000,-0.037314,0.341686,0.000000,0.210676,0.000000,-0.261800,0.000000,0.000000
1.036000,-0.039500,0.341672,0.000000,0.211304,0.000000,-0.261800,0.000000,0.000000
1.038000,-0.041684,0.341658,0.000000,0.211931,0.000000,-0.261800,0.000000,0.000000
1.040000,-0.043867,0.341642,0.000000,0.212558,0.000000,-0.261800,0.000000,0.000000
1.042000,-0.046048,0.341626,0.000000,0.213185,0.000000,-0.261800,0.000000,0.000000
1.044000,-0.048227,0.341609,0.000000,0.213812,0.000000,-0.261800,0.000000,0.000000
1.046000,-0.050404,0.341591,0.000000,0.214439,0.000000,-0.261800,0.000000,0.000000
1.048000,-0.052579,0.341573,0.000000,0.215065,0.000000,-0.261800,0.000000,0.000000
1.050000,-0.054752,0.341553,0.000000,0.215692,0.000000,-0.261800,0.000000,0.000000
1.052000,-0.056923,0.341533,0.000000,0.216318,0.000000,-0.261800,0.000000,0.000000
1.054000,-0.059092,0.341512,0.000000,0.216944,0.000000,-0.261800,0.000000,0.000000
1.056000,-0.061258,0.341491,0.000000,0.217570,0.000000,-0.261800,0.000000,0.000000
1.058000,-0.063422,0.341468,0.000000,0.218196,0.000000,-0.261800,0.000000,0.000000
1.060000,-0.065583,0.341445,0.000000,0.218822,0.000000,-0.261800,0.000000,0.000000
1.062000,-0.067742,0.341421,0.000000,0.219447,0.000000,-0.261800,0.000000,0.000000
1.064000,-0.069898,0.341396,0.000000,0.220072,0.000000,-0.261800,0.000000,0.000000
1.066000,-0.072052,0.341370,0.000000,0.220697,0.000000,-0.261800,0.000000,0.000000
1.068000,-0.074202,0.341344,0.000000,0.221322,0.000000,-0.261800,0.000000,0.000000
1.070000,-0.076350,0.341317,0.000000,0.221947,0.000000,-0.261800,0.000000,0.000000
1.072000,-0.078495,0.341289,0.000000,0.222571,0.000000,-0.261800,0.000000,0.000000
1.074000,-0.080636,0.341260,0.000000,0.223195,0.000000,-0.261800,0.000000,0.000000
1.076000,-0.082775,0.341231,0.000000,0.223819,0.000000,-0.261800,0.000000,0.000000
1.078000,-0.084910,0.341200,0.000000,0.224443,0.000000,-0.261800,0.000000,0.000000
1.080000,-0.087041,0.341169,0.000000,0.225067,0.000000,-0.261800,0.000000,0.000000
1.082000,-0.089170,0.341137,0.000000,0.225690,0.000000,-0.261800,0.000000,0.000000
1.084000,-0.091295,0.341105,0.000000,0.226313,0.000000,-0.261800,0.000000,0.000000
1.086000,-0.093416,0.341071,0.000000,0.226936,0.000000,-0.261800,0.000000,0.000000
1.088000,-0.095533,0.341037,0.000000,0.227558,0.000000,-0.261800,0.000000,0.000000
1.090000,-0.097647,0.341002,0.000000,0.228180,0.000000,-0.261800,0.000000,0.000000
1.092000,-0.099757,0.340966,0.000000,0.228802,0.000000,-0.261800,0.000000,0.000000
1.094000,-0.101863,0.340930,0.000000,0.229424,0.000000,-0.261800,0.000000,0.000000
1.096000,-0.103965,0.340892,0.000000,0.230045,0.000000,-0.261800,0.000000,0.000000
1.098000,-0.106062,0.340854,0.000000,0.230666,0.000000,-0.261800,0.000000,0.000000
1.100000,-0.108156,0.340815,0.000000,0.231287,0.000000,-0.261800,0.000000,0.000000
1.102000,-0.110245,0.340775,0.000000,0.231907,0.000000,-0.261800,0.000000,0.000000
1.104000,-0.112330,0.340735,0.000000,0.232527,0.000000,-0.261800,0.000000,0.000000
1.106000,-0.114411,0.340694,0.000000,0.233147,0.000000,-0.261800,0.000000,0.000000
1.108000,-0.116487,0.340652,0.000000,0.233767,0.000000,-0.261800,0.000000,0.000000
1.110000,-0.118558,0.340609,0.000000,0.234386,0.000000,-0.261800,0.000000,0.000000
1.112000,-0.120625,0.340565,0.000000,0.235005,0.000000,-0.261800,0.000000,0.000000
1.114000,-0.122687,0.340521,0.000000,0.235623,0.000000,-0.261800,0.000000,0.000000
1.116000,-0.124744,0.340476,0.000000,0.236241,0.000000,-0.261800,0.000000,0.000000
1.118000,-0.126796,0.340430,0.000000,0.236859,0.000000,-0.261800,0.000000,0.000000
1.120000,-0.128844,0.340383,0.000000,0.237476,0.000000,-0.261800,0.000000,0.000000
1.122000,-0.130886,0.340335,0.000000,0.238093,0.000000,-0.261800,0.000000,0.000000
1.124000,-0.132923,0.340287,0.000000,0.238710,0.000000,-0.261800,0.000000,0.000000
1.126000,-0.134954,0.340238,0.000000,0.239326,0.000000,-0.261800,0.000000,0.000000
1.128000,-0.136981,0.340188,0.000000,0.239942,0.000000,-0.261800,0.000000,0.000000
1.130000,-0.139002,0.340138,0.000000,0.240557,0.000000,-0.261800,0.000000,0.000000
1.132000,-0.141017,0.340086,0.000000,0.241173,0.000000,-0.261800,0.000000,0.000000
1.134000,-0.143027,0.340034,0.000000,0.241787,0.000000,-0.261800,0.000000,0.000000
1.136000,-0.145031,0.339981,0.000000,0.242401,0.000000,-0.261800,0.000000,0.000000
1.138000,-0.147030,0.339928,0.000000,0.243015,0.000000,-0.261800,0.000000,0.000000
1.140000,-0.149023,0.339873,0.000000,0.243629,0.000000,-0.261800,0.000000,0.000000
1.142000,-0.151010,0.339818,0.000000,0.244242,0.000000,-0.261800,0.000000,0.000000
1.144000,-0.152991,0.339762,0.000000,0.244854,0.000000,-0.261800,0.000000,0.000000
1.146000,-0.154965,0.339705,0.000000,0.245466,0.000000,-0.261800,0.000000,0.000000
1.148000,-0.156934,0.339648,0.000000,0.246078,0.000000,-0.261800,0.000000,0.000000
1.150000,-0.158897,0.339590,0.000000,0.246689,0.000000,-0.261800,0.000000,0.000000
1.152000,-0.160853,0.339531,0.000000,0.247300,0.000000,-0.261800,0.000000,0.000000
1.154000,-0.162803,0.339471,0.000000,0.247910,0.000000,-0.261800,0.000000,0.000000
1.156000,-0.164746,0.339410,0.000000,0.248520,0.000000,-0.261800,0.000000,0.000000
1.158000,-0.166683,0.339349,0.000000,0.249129,0.000000,-0.261800,0.000000,0.000000
1.160000,-0.168614,0.339287,0.000000,0.249738,0.000000,-0.261800,0.000000,0.000000
1.162000,-0.170538,0.339224,0.000000,0.250346,0.000000,-0.261800,0.000000,0.000000
1.164000,-0.172455,0.339160,0.000000,0.250954,0.000000,-0.261800,0.000000,0.000000
1.166000,-0.174365,0.339096,0.000000,0.251561,0.000000,-0.261800,0.000000,0.000000
1.168000,-0.176268,0.339031,0.000000,0.252168,0.000000,-0.261800,0.000000,0.000000
1.170000,-0.178164,0.338965,0.000000,0.252775,0.000000,-0.261800,0.000000,0.000000
1.172000,-0.180054,0.338898,0.000000,0.253380,0.000000,-0.261800,0.000000,0.000000
1.174000,-0.181936,0.338830,0.000000,0.253986,0.000000,-0.261800,0.000000,0.000000
1.176000,-0.183811,0.338762,0.000000,0.254590,0.000000,-0.261800,0.000000,0.000000
1.178000,-0.185679,0.338693,0.000000,0.255195,0.000000,-0.261800,0.000000,0.000000
1.180000,-0.187539,0.338623,0.000000,0.255798,0.000000,-0.261800,0.000000,0.000000
1.182000,-0.189392,0.338553,0.000000,0.256401,0.000000,-0.261800,0.000000,0.000000
1.184000,-0.191238,0.338482,0.000000,0.257004,0.000000,-0.261800,0.000000,0.000000
1.186000,-0.193076,0.338410,0.000000,0.257606,0.000000,-0.261800,0.000000,0.000000
1.188000,-0.194906,0.338337,0.000000,0.258207,0.000000,-0.261800,0.000000,0.000000
1.190000,-0.196729,0.338263,0.000000,0.258808,0.000000,-0.261800,0.000000,0.000000
1.192000,-0.198544,0.338189,0.000000,0.259408,0.000000,-0.261800,0.000000,0.000000
1.194000,-0.200351,0.338114,0.000000,0.260008,0.000000,-0.261800,0.000000,0.000000
1.196000,-0.202150,0.338038,0.000000,0.260607,0.000000,-0.261800,0.000000,0.000000
1.198000,-0.203942,0.337962,0.000000,0.261206,0.000000,-0.261800,0.000000,0.000000
1.200000,-0.205725,0.337885,0.000000,0.261803,0.000000,-0.261800,0.000000,0.000000
1.202000,-0.207500,0.337806,0.000000,0.262401,0.000000,-0.261800,0.000000,0.000000
1.204000,-0.209267,0.337728,0.000000,0.262997,0.000000,-0.261800,0.000000,0.000000
1.206000,-0.211025,0.337648,0.000000,0.263593,0.000000,-0.261800,0.000000,0.000000
1.208000,-0.212776,0.337568,0.000000,0.264189,0.000000,-0.261800,0.000000,0.000000
1.210000,-0.214517,0.337487,0.000000,0.264783,0.000000,-0.261800,0.000000,0.000000
1.212000,-0.216251,0.337405,0.000000,0.265378,0.000000,-0.261800,0.000000,0.000000
1.214000,-0.217976,0.337323,0.000000,0.265971,0.000000,-0.261800,0.000000,0.000000
1.216000,-0.219692,0.337239,0.000000,0.266564,0.000000,-0.261800,0.000000,0.000000
1.218000,-0.221400,0.337155,0.000000,0.267156,0.000000,-0.261800,0.000000,0.000000
1.220000,-0.223098,0.337070,0.000000,0.267748,0.000000,-0.261800,0.000000,0.000000
1.222000,-0.224788,0.336985,0.000000,0.268338,0.000000,-0.261800,0.000000,0.000000
1.224000,-0.226470,0.336899,0.000000,0.268929,0.000000,-0.261800,0.000000,0.000000
1.226000,-0.228142,0.336812,0.000000,0.269518,0.000000,-0.261800,0.000000,0.000000
1.228000,-0.229805,0.336724,0.000000,0.270107,0.000000,-0.261800,0.000000,0.000000
1.230000,-0.231459,0.336636,0.000000,0.270695,0.000000,-0.261800,0.000000,0.000000
1.232000,-0.233104,0.336546,0.000000,0.271282,0.000000,-0.261800,0.000000,0.000000
1.234000,-0.234740,0.336456,0.000000,0.271869,0.000000,-0.261800,0.000000,0.000000
1.236000,-0.236366,0.336366,0.000000,0.272455,0.000000,-0.261800,0.000000,0.000000
1.238000,-0.237984,0.336274,0.000000,0.273040,0.000000,-0.261800,0.000000,0.000000
1.240000,-0.239591,0.336182,0.000000,0.273625,0.000000,-0.261800,0.000000,0.000000
1.242000,-0.241190,0.336089,0.000000,0.274209,0.000000,-0.261800,0.000000,0.000000
1.244000,-0.242779,0.335996,0.000000,0.274792,0.000000,-0.261800,0.000000,0.000000
1.246000,-0.244358,0.335901,0.000000,0.275374,0.000000,-0.261800,0.000000,0.000000
1.248000,-0.245927,0.335806,0.000000,0.275956,0.000000,-0.261800,0.000000,0.000000
1.250000,-0.247487,0.335710,0.000000,0.276537,0.000000,-0.261800,0.000000,0.000000
1.252000,-0.249037,0.335614,0.000000,0.277117,0.000000,-0.261800,0.000000,0.000000
1.254000,-0.250578,0.335517,0.000000,0.277696,0.000000,-0.261800,0.000000,0.000000
1.256000,-0.252108,0.335419,0.000000,0.278275,0.000000,-0.261800,0.000000,0.000000
1.258000,-0.253629,0.335320,0.000000,0.278853,0.000000,-0.261800,0.000000,0.000000
1.260000,-0.255139,0.335220,0.000000,0.279430,0.000000,-0.261800,0.000000,0.000000
1.262000,-0.256639,0.335120,0.000000,0.280006,0.000000,-0.261800,0.000000,0.000000
1.264000,-0.258130,0.335019,0.000000,0.280581,0.000000,-0.261800,0.000000,0.000000
1.266000,-0.259610,0.334918,0.000000,0.281156,0.000000,-0.261800,0.000000,0.000000
1.268000,-0.261079,0.334815,0.000000,0.281730,0.000000,-0.261800,0.000000,0.000000
1.270000,-0.262539,0.334712,0.000000,0.282303,0.000000,-0.261800,0.000000,0.000000
1.272000,-0.263988,0.334608,0.000000,0.282875,0.000000,-0.261800,0.000000,0.000000
1.274000,-0.265427,0.334504,0.000000,0.283447,0.000000,-0.261800,0.000000,0.000000
1.276000,-0.266855,0.334399,0.000000,0.284017,0.000000,-0.261800,0.000000,0.000000
1.278000,-0.268273,0.334293,0.000000,0.284587,0.000000,-0.261800,0.000000,0.000000
1.280000,-0.269680,0.334186,0.000000,0.285156,0.000000,-0.261800,0.000000,0.000000
1.282000,-0.271076,0.334079,0.000000,0.285724,0.000000,-0.261800,0.000000,0.000000
1.284000,-0.272462,0.333971,0.000000,0.286291,0.000000,-0.261800,0.000000,0.000000
1.286000,-0.273837,0.333862,0.000000,0.286858,0.000000,-0.261800,0.000000,0.000000
1.288000,-0.275201,0.333752,0.000000,0.287423,0.000000,-0.261800,0.000000,0.000000
1.290000,-0.276554,0.333642,0.000000,0.287988,0.000000,-0.261800,0.000000,0.000000
1.292000,-0.277897,0.333531,0.000000,0.288552,0.000000,-0.261800,0.000000,0.000000
1.294000,-0.279228,0.333420,0.000000,0.289115,0.000000,-0.261800,0.000000,0.000000
1.296000,-0.280548,0.333307,0.000000,0.289677,0.000000,-0.261800,0.000000,0.000000
1.298000,-0.281858,0.333194,0.000000,0.290238,0.000000,-0.261800,0.000000,0.000000
1.300000,-0.283156,0.333081,0.000000,0.290798,0.000000,-0.261800,0.000000,0.000000
1.302000,-0.284443,0.332966,0.000000,0.291357,0.000000,-0.261800,0.000000,0.000000
1.304000,-0.285719,0.332851,0.000000,0.291916,0.000000,-0.261800,0.000000,0.000000
1.306000,-0.286983,0.332735,0.000000,0.292474,0.000000,-0.261800,0.000000,0.000000
1.308000,-0.288236,0.332619,0.000000,0.293030,0.000000,-0.261800,0.000000,0.000000
1.310000,-0.289478,0.332501,0.000000,0.293586,0.000000,-0.261800,0.000000,0.000000
1.312000,-0.290709,0.332383,0.000000,0.294141,0.000000,-0.261800,0.000000,0.000000
1.314000,-0.291927,0.332265,0.000000,0.294695,0.000000,-0.261800,0.000000,0.000000
1.316000,-0.293135,0.332145,0.000000,0.295248,0.000000,-0.261800,0.000000,0.000000
1.318000,-0.294331,0.332025,0.000000,0.295800,0.000000,-0.261800,0.000000,0.000000
1.320000,-0.295515,0.331905,0.000000,0.296351,0.000000,-0.261800,0.000000,0.000000
1.322000,-0.296687,0.331783,0.000000,0.296901,0.000000,-0.261800,0.000000,0.000000
1.324000,-0.297848,0.331661,0.000000,0.297450,0.000000,-0.261800,0.000000,0.000000
1.326000,-0.298997,0.331538,0.000000,0.297998,0.000000,-0.261800,0.000000,0.000000
1.328000,-0.300134,0.331415,0.000000,0.298545,0.000000,-0.261800,0.000000,0.000000
1.330000,-0.301260,0.331291,0.000000,0.299092,0.000000,-0.261800,0.000000,0.000000
1.332000,-0.302373,0.331166,0.000000,0.299637,0.000000,-0.261800,0.000000,0.000000
1.334000,-0.303475,0.331040,0.000000,0.300181,0.000000,-0.261800,0.000000,0.000000
1.336000,-0.304564,0.330914,0.000000,0.300725,0.000000,-0.261800,0.000000,0.000000
1.338000,-0.305642,0.330787,0.000000,0.301267,0.000000,-0.261800,0.000000,0.000000
1.340000,-0.306707,0.330659,0.000000,0.301808,0.000000,-0.261800,0.000000,0.000000
1.342000,-0.307761,0.330531,0.000000,0.302349,0.000000,-0.261800,0.000000,0.000000
1.344000,-0.308802,0.330402,0.000000,0.302888,0.000000,-0.261800,0.000000,0.000000
1.346000,-0.309831,0.330273,0.000000,0.303426,0.000000,-0.261800,0.000000,0.000000
1.348000,-0.310848,0.330142,0.000000,0.303963,0.000000,-0.261800,0.000000,0.000000
1.350000,-0.311852,0.330011,0.000000,0.304500,0.000000,-0.261800,0.000000,0.000000
1.352000,-0.312844,0.329880,0.000000,0.305035,0.000000,-0.261800,0.000000,0.000000
1.354000,-0.313824,0.329747,0.000000,0.305569,0.000000,-0.261800,0.000000,0.000000
1.356000,-0.314792,0.329614,0.000000,0.306102,0.000000,-0.261800,0.000000,0.000000
1.358000,-0.315747,0.329481,0.000000,0.306634,0.000000,-0.261800,0.000000,0.000000
1.360000,-0.316689,0.329346,0.000000,0.307165,0.000000,-0.261800,0.000000,0.000000
1.362000,-0.317620,0.329211,0.000000,0.307695,0.000000,-0.261800,0.000000,0.000000
1.364000,-0.318537,0.329076,0.000000,0.308224,0.000000,-0.261800,0.000000,0.000000
1.366000,-0.319442,0.328939,0.000000,0.308752,0.000000,-0.261800,0.000000,0.000000
1.368000,-0.320334,0.328802,0.000000,0.309279,0.000000,-0.261800,0.000000,0.000000
1.370000,-0.321214,0.328665,0.000000,0.309805,0.000000,-0.261800,0.000000,0.000000
1.372000,-0.322081,0.328526,0.000000,0.310329,0.000000,-0.261800,0.000000,0.000000
1.374000,-0.322935,0.328387,0.000000,0.310853,0.000000,-0.261800,0.000000,0.000000
1.376000,-0.323777,0.328248,0.000000,0.311375,0.000000,-0.261800,0.000000,0.000000
1.378000,-0.324606,0.328107,0.000000,0.311896,0.000000,-0.261800,0.000000,0.000000
1.380000,-0.325422,0.327966,0.000000,0.312417,0.000000,-0.261800,0.000000,0.000000
1.382000,-0.326225,0.327825,0.000000,0.312936,0.000000,-0.261800,0.000000,0.000000
1.384000,-0.327015,0.327683,0.000000,0.313454,0.000000,-0.261800,0.000000,0.000000
1.386000,-0.327792,0.327540,0.000000,0.313971,0.000000,-0.261800,0.000000,0.000000
1.388000,-0.328557,0.327396,0.000000,0.314486,0.000000,-0.261800,0.000000,0.000000
1.390000,-0.329308,0.327252,0.000000,0.315001,0.000000,-0.261800,0.000000,0.000000
1.392000,-0.330047,0.327107,0.000000,0.315515,0.000000,-0.261800,0.000000,0.000000
1.394000,-0.330772,0.326962,0.000000,0.316027,0.000000,-0.261800,0.000000,0.000000
1.396000,-0.331484,0.326816,0.000000,0.316538,0.000000,-0.261800,0.000000,0.000000
1.398000,-0.332184,0.326669,0.000000,0.317048,0.000000,-0.261800,0.000000,0.000000
1.400000,-0.332870,0.326521,0.000000,0.317557,0.000000,-0.261800,0.000000,0.000000
1.402000,-0.333543,0.326373,0.000000,0.318065,0.000000,-0.261800,0.000000,0.000000
1.404000,-0.334203,0.326225,0.000000,0.318571,0.000000,-0.261800,0.000000,0.000000
1.406000,-0.334849,0.326075,0.000000,0.319077,0.000000,-0.261800,0.000000,0.000000
1.408000,-0.335483,0.325925,0.000000,0.319581,0.000000,-0.261800,0.000000,0.000000
1.410000,-0.336103,0.325775,0.000000,0.320084,0.000000,-0.261800,0.000000,0.000000
1.412000,-0.336710,0.325624,0.000000,0.320586,0.000000,-0.261800,0.000000,0.000000
1.414000,-0.337303,0.325472,0.000000,0.321087,0.000000,-0.261800,0.000000,0.000000
1.416000,-0.337884,0.325319,0.000000,0.321586,0.000000,-0.261800,0.000000,0.000000
1.418000,-0.338451,0.325166,0.000000,0.322084,0.000000,-0.261800,0.000000,0.000000
1.420000,-0.339004,0.325012,0.000000,0.322581,0.000000,-0.261800,0.000000,0.000000
1.422000,-0.339544,0.324858,0.000000,0.323077,0.000000,-0.261800,0.000000,0.000000
1.424000,-0.340071,0.324703,0.000000,0.323572,0.000000,-0.261800,0.000000,0.000000
1.426000,-0.340584,0.324547,0.000000,0.324065,0.000000,-0.261800,0.000000,0.000000
1.428000,-0.341084,0.324391,0.000000,0.324558,0.000000,-0.261800,0.000000,0.000000
1.430000,-0.341571,0.324234,0.000000,0.325049,0.000000,-0.261800,0.000000,0.000000
1.432000,-0.342044,0.324077,0.000000,0.325538,0.000000,-0.261800,0.000000,0.000000
1.434000,-0.342503,0.323919,0.000000,0.326027,0.000000,-0.261800,0.000000,0.000000
1.436000,-0.342949,0.323760,0.000000,0.326514,0.000000,-0.261800,0.000000,0.000000
1.438000,-0.343382,0.323601,0.000000,0.327000,0.000000,-0.261800,0.000000,0.000000
1.440000,-0.343801,0.323441,0.000000,0.327485,0.000000,-0.261800,0.000000,0.000000
1.442000,-0.344206,0.323281,0.000000,0.327968,0.000000,-0.261800,0.000000,0.000000
1.444000,-0.344598,0.323119,0.000000,0.328451,0.000000,-0.261800,0.000000,0.000000
1.446000,-0.344976,0.322958,0.000000,0.328931,0.000000,-0.261800,0.000000,0.000000
1.448000,-0.345340,0.322795,0.000000,0.329411,0.000000,-0.261800,0.000000,0.000000
1.450000,-0.345691,0.322632,0.000000,0.329890,0.000000,-0.261800,0.000000,0.000000
1.452000,-0.346028,0.322469,0.000000,0.330367,0.000000,-0.261800,0.000000,0.000000
1.454000,-0.346352,0.322305,0.000000,0.330843,0.000000,-0.261800,0.000000,0.000000
1.456000,-0.346661,0.322140,0.000000,0.331317,0.000000,-0.261800,0.000000,0.000000
1.458000,-0.346958,0.321975,0.000000,0.331790,0.000000,-0.261800,0.000000,0.000000
1.460000,-0.347240,0.321809,0.000000,0.332262,0.000000,-0.261800,0.000000,0.000000
1.462000,-0.347509,0.321642,0.000000,0.332733,0.000000,-0.261800,0.000000,0.000000
1.464000,-0.347764,0.321475,0.000000,0.333202,0.000000,-0.261800,0.000000,0.000000
1.466000,-0.348005,0.321308,0.000000,0.333670,0.000000,-0.261800,0.000000,0.000000
1.468000,-0.348233,0.321139,0.000000,0.334137,0.000000,-0.261800,0.000000,0.000000
1.470000,-0.348447,0.320970,0.000000,0.334603,0.000000,-0.261800,0.000000,0.000000
1.472000,-0.348647,0.320801,0.000000,0.335067,0.000000,-0.261800,0.000000,0.000000
1.474000,-0.348833,0.320631,0.000000,0.335529,0.000000,-0.261800,0.000000,0.000000
1.476000,-0.349006,0.320460,0.000000,0.335991,0.000000,-0.261800,0.000000,0.000000
1.478000,-0.349164,0.320289,0.000000,0.336451,0.000000,-0.261800,0.000000,0.000000
1.480000,-0.349309,0.320117,0.000000,0.336909,0.000000,-0.261800,0.000000,0.000000
1.482000,-0.349441,0.319945,0.000000,0.337367,0.000000,-0.261800,0.000000,0.000000
1.484000,-0.349558,0.319772,0.000000,0.337823,0.000000,-0.261800,0.000000,0.000000
1.486000,-0.349662,0.319599,0.000000,0.338277,0.000000,-0.261800,0.000000,0.000000
1.488000,-0.349751,0.319425,0.000000,0.338731,0.000000,-0.261800,0.000000,0.000000
1.490000,-0.349827,0.319250,0.000000,0.339183,0.000000,-0.261800,0.000000,0.000000
1.492000,-0.349889,0.319075,0.000000,0.339633,0.000000,-0.261800,0.000000,0.000000
1.494000,-0.349938,0.318899,0.000000,0.340082,0.000000,-0.261800,0.000000,0.000000
1.496000,-0.349972,0.318723,0.000000,0.340530,0.000000,-0.261800,0.000000,0.000000
1.498000,-0.349993,0.318546,0.000000,0.340976,0.000000,-0.261800,0.000000,0.000000
1.500000,-0.350000,0.318369,0.000000,0.341421,0.000000,-0.261800,0.000000,0.000000
1.502000,-0.349993,0.318191,0.000000,0.341865,0.000000,-0.261800,0.000000,0.000000
1.504000,-0.349972,0.318012,0.000000,0.342307,0.000000,-0.261800,0.000000,0.000000
1.506000,-0.349938,0.317833,0.000000,0.342748,0.000000,-0.261800,0.000000,0.000000
1.508000,-0.349889,0.317653,0.000000,0.343187,0.000000,-0.261800,0.000000,0.000000
1.510000,-0.349827,0.317473,0.000000,0.343625,0.000000,-0.261800,0.000000,0.000000
1.512000,-0.349751,0.317292,0.000000,0.344062,0.000000,-0.261800,0.000000,0.000000
1.514000,-0.349662,0.317111,0.000000,0.344497,0.000000,-0.261800,0.000000,0.000000
1.516000,-0.349558,0.316929,0.000000,0.344931,0.000000,-0.261800,0.000000,0.000000
1.518000,-0.349441,0.316747,0.000000,0.345363,0.000000,-0.261800,0.000000,0.000000
1.520000,-0.349309,0.316564,0.000000,0.345794,0.000000,-0.261800,0.000000,0.000000
1.522000,-0.349164,0.316380,0.000000,0.346223,0.000000,-0.261800,0.000000,0.000000
1.524000,-0.349006,0.316196,0.000000,0.346651,0.000000,-0.261800,0.000000,0.000000
1.526000,-0.348833,0.316012,0.000000,0.347078,0.000000,-0.261800,0.000000,0.000000
1.528000,-0.348647,0.315827,0.000000,0.347503,0.000000,-0.261800,0.000000,0.000000
1.530000,-0.348447,0.315641,0.000000,0.347926,0.000000,-0.261800,0.000000,0.000000
1.532000,-0.348233,0.315455,0.000000,0.348348,0.000000,-0.261800,0.000000,0.000000
1.534000,-0.348005,0.315268,0.000000,0.348769,0.000000,-0.261800,0.000000,0.000000
1.536000,-0.347764,0.315081,0.000000,0.349188,0.000000,-0.261800,0.000000,0.000000
1.538000,-0.347509,0.314893,0.000000,0.349606,0.000000,-0.261800,0.000000,0.000000
1.540000,-0.347240,0.314705,0.000000,0.350022,0.000000,-0.261800,0.000000,0.000000
1.542000,-0.346958,0.314516,0.000000,0.350437,0.000000,-0.261800,0.000000,0.000000
1.544000,-0.346661,0.314327,0.000000,0.350850,0.000000,-0.261800,0.000000,0.000000
1.546000,-0.346352,0.314137,0.000000,0.351262,0.000000,-0.261800,0.000000,0.000000
1.548000,-0.346028,0.313947,0.000000,0.351672,0.000000,-0.261800,0.000000,0.000000
1.550000,-0.345691,0.313756,0.000000,0.352081,0.000000,-0.261800,0.000000,0.000000
1.552000,-0.345340,0.313564,0.000000,0.352489,0.000000,-0.261800,0.000000,0.000000
1.554000,-0.344976,0.313373,0.000000,0.352894,0.000000,-0.261800,0.000000,0.000000
1.556000,-0.344598,0.313180,0.000000,0.353299,0.000000,-0.261800,0.000000,0.000000
1.558000,-0.344206,0.312987,0.000000,0.353701,0.000000,-0.261800,0.000000,0.000000
1.560000,-0.343801,0.312794,0.000000,0.354103,0.000000,-0.261800,0.000000,0.000000
1.562000,-0.343382,0.312600,0.000000,0.354502,0.000000,-0.261800,0.000000,0.000000
1.564000,-0.342949,0.312406,0.000000,0.354901,0.000000,-0.261800,0.000000,0.000000
1.566000,-0.342503,0.312211,0.000000,0.355297,0.000000,-0.261800,0.000000,0.000000
1.568000,-0.342044,0.312015,0.000000,0.355692,0.000000,-0.261800,0.000000,0.000000
1.570000,-0.341571,0.311819,0.000000,0.356086,0.000000,-0.261800,0.000000,0.000000
1.572000,-0.341084,0.311623,0.000000,0.356478,0.000000,-0.261800,0.000000,0.000000
1.574000,-0.340584,0.311426,0.000000,0.356869,0.000000,-0.261800,0.000000,0.000000
1.576000,-0.340071,0.311229,0.000000,0.357258,0.000000,-0.261800,0.000000,0.000000
1.578000,-0.339544,0.311031,0.000000,0.357645,0.000000,-0.261800,0.000000,0.000000
1.580000,-0.339004,0.310833,0.000000,0.358031,0.000000,-0.261800,0.000000,0.000000
1.582000,-0.338451,0.310634,0.000000,0.358415,0.000000,-0.261800,0.000000,0.000000
1.584000,-0.337884,0.310434,0.000000,0.358798,0.000000,-0.261800,0.000000,0.000000
1.586000,-0.337303,0.310235,0.000000,0.359179,0.000000,-0.261800,0.000000,0.000000
1.588000,-0.336710,0.310034,0.000000,0.359559,0.000000,-0.261800,0.000000,0.000000
1.590000,-0.336103,0.309834,0.000000,0.359937,0.000000,-0.261800,0.000000,0.000000
1.592000,-0.335483,0.309632,0.000000,0.360313,0.000000,-0.261800,0.000000,0.000000
1.594000,-0.334849,0.309431,0.000000,0.360688,0.000000,-0.261800,0.000000,0.000000
1.596000,-0.334203,0.309229,0.000000,0.361062,0.000000,-0.261800,0.000000,0.000000
1.598000,-0.333543,0.309026,0.000000,0.361433,0.000000,-0.261800,0.000000,0.000000
1.600000,-0.332870,0.308823,0.000000,0.361803,0.000000,-0.261800,0.000000,0.000000
1.602000,-0.332184,0.308619,0.000000,0.362172,0.000000,-0.261800,0.000000,0.000000
1.604000,-0.331484,0.308415,0.000000,0.362539,0.000000,-0.261800,0.000000,0.000000
1.606000,-0.330772,0.308211,0.000000,0.362904,0.000000,-0.261800,0.000000,0.000000
1.608000,-0.330047,0.308006,0.000000,0.363268,0.000000,-0.261800,0.000000,0.000000
1.610000,-0.329308,0.307800,0.000000,0.363630,0.000000,-0.261800,0.000000,0.000000
1.612000,-0.328557,0.307595,0.000000,0.363990,0.000000,-0.261800,0.000000,0.000000
1.614000,-0.327792,0.307388,0.000000,0.364349,0.000000,-0.261800,0.000000,0.000000
1.616000,-0.327015,0.307182,0.000000,0.364707,0.000000,-0.261800,0.000000,0.000000
1.618000,-0.326225,0.306974,0.000000,0.365062,0.000000,-0.261800,0.000000,0.000000
1.620000,-0.325422,0.306767,0.000000,0.365416,0.000000,-0.261800,0.000000,0.000000
1.622000,-0.324606,0.306559,0.000000,0.365768,0.000000,-0.261800,0.000000,0.000000
1.624000,-0.323777,0.306350,0.000000,0.366119,0.000000,-0.261800,0.000000,0.000000
1.626000,-0.322935,0.306141,0.000000,0.366468,0.000000,-0.261800,0.000000,0.000000
1.628000,-0.322081,0.305932,0.000000,0.366816,0.000000,-0.261800,0.000000,0.000000
1.630000,-0.321214,0.305722,0.000000,0.367161,0.000000,-0.261800,0.000000,0.000000
1.632000,-0.320334,0.305512,0.000000,0.367506,0.000000,-0.261800,0.000000,0.000000
1.634000,-0.319442,0.305301,0.000000,0.367848,0.000000,-0.261800,0.000000,0.000000
1.636000,-0.318537,0.305090,0.000000,0.368189,0.000000,-0.261800,0.000000,0.000000
1.638000,-0.317620,0.304878,0.000000,0.368528,0.000000,-0.261800,0.000000,0.000000
1.640000,-0.316689,0.304666,0.000000,0.368866,0.000000,-0.261800,0.000000,0.000000
1.642000,-0.315747,0.304454,0.000000,0.369201,0.000000,-0.261800,0.000000,0.000000
1.644000,-0.314792,0.304241,0.000000,0.369536,0.000000,-0.261800,0.000000,0.000000
1.646000,-0.313824,0.304028,0.000000,0.369868,0.000000,-0.261800,0.000000,0.000000
1.648000,-0.312844,0.303814,0.000000,0.370199,0.000000,-0.261800,0.000000,0.000000
1.650000,-0.311852,0.303600,0.000000,0.370528,0.000000,-0.261800,0.000000,0.000000
1.652000,-0.310848,0.303385,0.000000,0.370855,0.000000,-0.261800,0.000000,0.000000
1.654000,-0.309831,0.303170,0.000000,0.371181,0.000000,-0.261800,0.000000,0.000000
1.656000,-0.308802,0.302955,0.000000,0.371505,0.000000,-0.261800,0.000000,0.000000
1.658000,-0.307761,0.302739,0.000000,0.371828,0.000000,-0.261800,0.000000,0.000000
1.660000,-0.306707,0.302523,0.000000,0.372148,0.000000,-0.261800,0.000000,0.000000
1.662000,-0.305642,0.302307,0.000000,0.372467,0.000000,-0.261800,0.000000,0.000000
1.664000,-0.304564,0.302090,0.000000,0.372785,0.000000,-0.261800,0.000000,0.000000
1.666000,-0.303475,0.301873,0.000000,0.373100,0.000000,-0.261800,0.000000,0.000000
1.668000,-0.302373,0.301655,0.000000,0.373414,0.000000,-0.261800,0.000000,0.000000
1.670000,-0.301260,0.301437,0.000000,0.373726,0.000000,-0.261800,0.000000,0.000000
1.672000,-0.300134,0.301218,0.000000,0.374037,0.000000,-0.261800,0.000000,0.000000
1.674000,-0.298997,0.300999,0.000000,0.374345,0.000000,-0.261800,0.000000,0.000000
1.676000,-0.297848,0.300780,0.000000,0.374652,0.000000,-0.261800,0.000000,0.000000
1.678000,-0.296687,0.300560,0.000000,0.374958,0.000000,-0.261800,0.000000,0.000000
1.680000,-0.295515,0.300340,0.000000,0.375261,0.000000,-0.261800,0.000000,0.000000
1.682000,-0.294331,0.300120,0.000000,0.375563,0.000000,-0.261800,0.000000,0.000000
1.684000,-0.293135,0.299899,0.000000,0.375863,0.000000,-0.261800,0.000000,0.000000
1.686000,-0.291927,0.299678,0.000000,0.376162,0.000000,-0.261800,0.000000,0.000000
1.688000,-0.290709,0.299456,0.000000,0.376458,0.000000,-0.261800,0.000000,0.000000
1.690000,-0.289478,0.299234,0.000000,0.376753,0.000000,-0.261800,0.000000,0.000000
1.692000,-0.288236,0.299012,0.000000,0.377046,0.000000,-0.261800,0.000000,0.000000
1.694000,-0.286983,0.298789,0.000000,0.377338,0.000000,-0.261800,0.000000,0.000000
1.696000,-0.285719,0.298566,0.000000,0.377627,0.000000,-0.261800,0.000000,0.000000
1.698000,-0.284443,0.298343,0.000000,0.377915,0.000000,-0.261800,0.000000,0.000000
1.700000,-0.283156,0.298119,0.000000,0.378201,0.000000,-0.261800,0.000000,0.000000
1.702000,-0.281858,0.297895,0.000000,0.378486,0.000000,-0.261800,0.000000,0.000000
1.704000,-0.280548,0.297671,0.000000,0.378768,0.000000,-0.261800,0.000000,0.000000
1.706000,-0.279228,0.297446,0.000000,0.379049,0.000000,-0.261800,0.000000,0.000000
1.708000,-0.277897,0.297221,0.000000,0.379328,0.000000,-0.261800,0.000000,0.000000
1.710000,-0.276554,0.296995,0.000000,0.379606,0.000000,-0.261800,0.000000,0.000000
1.712000,-0.275201,0.296769,0.000000,0.379881,0.000000,-0.261800,0.000000,0.000000
1.714000,-0.273837,0.296543,0.000000,0.380155,0.000000,-0.261800,0.000000,0.000000
1.716000,-0.272462,0.296316,0.000000,0.380427,0.000000,-0.261800,0.000000,0.000000
1.718000,-0.271076,0.296090,0.000000,0.380697,0.000000,-0.261800,0.000000,0.000000
1.720000,-0.269680,0.295862,0.000000,0.380965,0.000000,-0.261800,0.000000,0.000000
1.722000,-0.268273,0.295635,0.000000,0.381232,0.000000,-0.261800,0.000000,0.000000
1.724000,-0.266855,0.295407,0.000000,0.381497,0.000000,-0.261800,0.000000,0.000000
1.726000,-0.265427,0.295179,0.000000,0.381760,0.000000,-0.261800,0.000000,0.000000
1.728000,-0.263988,0.294950,0.000000,0.382021,0.000000,-0.261800,0.000000,0.000000
1.730000,-0.262539,0.294721,0.000000,0.382281,0.000000,-0.261800,0.000000,0.000000
1.732000,-0.261079,0.294492,0.000000,0.382538,0.000000,-0.261800,0.000000,0.000000
1.734000,-0.259610,0.294262,0.000000,0.382794,0.000000,-0.261800,0.000000,0.000000
1.736000,-0.258130,0.294033,0.000000,0.383048,0.000000,-0.261800,0.000000,0.000000
1.738000,-0.256639,0.293802,0.000000,0.383300,0.000000,-0.261800,0.000000,0.000000
1.740000,-0.255139,0.293572,0.000000,0.383551,0.000000,-0.261800,0.000000,0.000000
1.742000,-0.253629,0.293341,0.000000,0.383800,0.000000,-0.261800,0.000000,0.000000
1.744000,-0.252108,0.293110,0.000000,0.384046,0.000000,-0.261800,0.000000,0.000000
1.746000,-0.250578,0.292878,0.000000,0.384291,0.000000,-0.261800,0.000000,0.000000
1.748000,-0.249037,0.292647,0.000000,0.384535,0.000000,-0.261800,0.000000,0.000000
1.750000,-0.247487,0.292415,0.000000,0.384776,0.000000,-0.261800,0.000000,0.000000
1.752000,-0.245927,0.292182,0.000000,0.385015,0.000000,-0.261800,0.000000,0.000000
1.754000,-0.244358,0.291950,0.000000,0.385253,0.000000,-0.261800,0.000000,0.000000
1.756000,-0.242779,0.291717,0.000000,0.385489,0.000000,-0.261800,0.000000,0.000000
1.758000,-0.241190,0.291483,0.000000,0.385723,0.000000,-0.261800,0.000000,0.000000
1.760000,-0.239591,0.291250,0.000000,0.385955,0.000000,-0.261800,0.000000,0.000000
1.762000,-0.237984,0.291016,0.000000,0.386186,0.000000,-0.261800,0.000000,0.000000
1.764000,-0.236366,0.290782,0.000000,0.386414,0.000000,-0.261800,0.000000,0.000000
1.766000,-0.234740,0.290548,0.000000,0.386641,0.000000,-0.261800,0.000000,0.000000
1.768000,-0.233104,0.290313,0.000000,0.386866,0.000000,-0.261800,0.000000,0.000000
1.770000,-0.231459,0.290078,0.000000,0.387089,0.000000,-0.261800,0.000000,0.000000
1.772000,-0.229805,0.289843,0.000000,0.387310,0.000000,-0.261800,0.000000,0.000000
1.774000,-0.228142,0.289607,0.000000,0.387529,0.000000,-0.261800,0.000000,0.000000
1.776000,-0.226470,0.289371,0.000000,0.387747,0.000000,-0.261800,0.000000,0.000000
1.778000,-0.224788,0.289135,0.000000,0.387962,0.000000,-0.261800,0.000000,0.000000
1.780000,-0.223098,0.288899,0.000000,0.388176,0.000000,-0.261800,0.000000,0.000000
1.782000,-0.221400,0.288662,0.000000,0.388388,0.000000,-0.261800,0.000000,0.000000
1.784000,-0.219692,0.288426,0.000000,0.388598,0.000000,-0.261800,0.000000,0.000000
1.786000,-0.217976,0.288188,0.000000,0.388806,0.000000,-0.261800,0.000000,0.000000
1.788000,-0.216251,0.287951,0.000000,0.389013,0.000000,-0.261800,0.000000,0.000000
1.790000,-0.214517,0.287713,0.000000,0.389217,0.000000,-0.261800,0.000000,0.000000
1.792000,-0.212776,0.287475,0.000000,0.389420,0.000000,-0.261800,0.000000,0.000000
1.794000,-0.211025,0.287237,0.000000,0.389620,0.000000,-0.261800,0.000000,0.000000
1.796000,-0.209267,0.286999,0.000000,0.389819,0.000000,-0.261800,0.000000,0.000000
1.798000,-0.207500,0.286760,0.000000,0.390016,0.000000,-0.261800,0.000000,0.000000
1.800000,-0.205725,0.286521,0.000000,0.390211,0.000000,-0.261800,0.000000,0.000000
1.802000,-0.203942,0.286282,0.000000,0.390405,0.000000,-0.261800,0.000000,0.000000
1.804000,-0.202150,0.286043,0.000000,0.390596,0.000000,-0.261800,0.000000,0.000000
1.806000,-0.200351,0.285803,0.000000,0.390785,0.000000,-0.261800,0.000000,0.000000
1.808000,-0.198544,0.285563,0.000000,0.390973,0.000000,-0.261800,0.000000,0.000000
1.810000,-0.196729,0.285323,0.000000,0.391159,0.000000,-0.261800,0.000000,0.000000
1.812000,-0.194906,0.285083,0.000000,0.391342,0.000000,-0.261800,0.000000,0.000000
1.814000,-0.193076,0.284842,0.000000,0.391524,0.000000,-0.261800,0.000000,0.000000
1.816000,-0.191238,0.284602,0.000000,0.391704,0.000000,-0.261800,0.000000,0.000000
1.818000,-0.189392,0.284361,0.000000,0.391882,0.000000,-0.261800,0.000000,0.000000
1.820000,-0.187539,0.284119,0.000000,0.392059,0.000000,-0.261800,0.000000,0.000000
1.822000,-0.185679,0.283878,0.000000,0.392233,0.000000,-0.261800,0.000000,0.000000
1.824000,-0.183811,0.283636,0.000000,0.392406,0.000000,-0.261800,0.000000,0.000000
1.826000,-0.181936,0.283394,0.000000,0.392576,0.000000,-0.261800,0.000000,0.000000
1.828000,-0.180054,0.283152,0.000000,0.392745,0.000000,-0.261800,0.000000,0.000000
1.830000,-0.178164,0.282910,0.000000,0.392911,0.000000,-0.261800,0.000000,0.000000
1.832000,-0.176268,0.282667,0.000000,0.393076,0.000000,-0.261800,0.000000,0.000000
1.834000,-0.174365,0.282425,0.000000,0.393239,0.000000,-0.261800,0.000000,0.000000
1.836000,-0.172455,0.282182,0.000000,0.393400,0.000000,-0.261800,0.000000,0.000000
1.838000,-0.170538,0.281939,0.000000,0.393559,0.000000,-0.261800,0.000000,0.000000
1.840000,-0.168614,0.281695,0.000000,0.393717,0.000000,-0.261800,0.000000,0.000000
1.842000,-0.166683,0.281452,0.000000,0.393872,0.000000,-0.261800,0.000000,0.000000
1.844000,-0.164746,0.281208,0.000000,0.394025,0.000000,-0.261800,0.000000,0.000000
1.846000,-0.162803,0.280964,0.000000,0.394177,0.000000,-0.261800,0.000000,0.000000
1.848000,-0.160853,0.280720,0.000000,0.394326,0.000000,-0.261800,0.000000,0.000000
1.850000,-0.158897,0.280476,0.000000,0.394474,0.000000,-0.261800,0.000000,0.000000
1.852000,-0.156934,0.280231,0.000000,0.394620,0.000000,-0.261800,0.000000,0.000000
1.854000,-0.154965,0.279986,0.000000,0.394763,0.000000,-0.261800,0.000000,0.000000
1.856000,-0.152991,0.279742,0.000000,0.394905,0.000000,-0.261800,0.000000,0.000000
1.858000,-0.151010,0.279497,0.000000,0.395045,0.000000,-0.261800,0.000000,0.000000
1.860000,-0.149023,0.279251,0.000000,0.395183,0.000000,-0.261800,0.000000,0.000000
1.862000,-0.147030,0.279006,0.000000,0.395319,0.000000,-0.261800,0.000000,0.000000
1.864000,-0.145031,0.278761,0.000000,0.395454,0.000000,-0.261800,0.000000,0.000000
1.866000,-0.143027,0.278515,0.000000,0.395586,0.000000,-0.261800,0.000000,0.000000
1.868000,-0.141017,0.278269,0.000000,0.395716,0.000000,-0.261800,0.000000,0.000000
1.870000,-0.139002,0.278023,0.000000,0.395845,0.000000,-0.261800,0.000000,0.000000
1.872000,-0.136981,0.277777,0.000000,0.395971,0.000000,-0.261800,0.000000,0.000000
1.874000,-0.134954,0.277530,0.000000,0.396096,0.000000,-0.261800,0.000000,0.000000
1.876000,-0.132923,0.277284,0.000000,0.396218,0.000000,-0.261800,0.000000,0.000000
1.878000,-0.130886,0.277037,0.000000,0.396339,0.000000,-0.261800,0.000000,0.000000
1.880000,-0.128844,0.276791,0.000000,0.396457,0.000000,-0.261800,0.000000,0.000000
1.882000,-0.126796,0.276544,0.000000,0.396574,0.000000,-0.261800,0.000000,0.000000
1.884000,-0.124744,0.276296,0.000000,0.396689,0.000000,-0.261800,0.000000,0.000000
1.886000,-0.122687,0.276049,0.000000,0.396802,0.000000,-0.261800,0.000000,0.000000
1.888000,-0.120625,0.275802,0.000000,0.396913,0.000000,-0.261800,0.000000,0.000000
1.890000,-0.118558,0.275554,0.000000,0.397022,0.000000,-0.261800,0.000000,0.000000
1.892000,-0.116487,0.275307,0.000000,0.397129,0.000000,-0.261800,0.000000,0.000000
1.894000,-0.114411,0.275059,0.000000,0.397234,0.000000,-0.261800,0.000000,0.000000
1.896000,-0.112330,0.274811,0.000000,0.397337,0.000000,-0.261800,0.000000,0.000000
1.898000,-0.110245,0.274563,0.000000,0.397438,0.000000,-0.261800,0.000000,0.000000
1.900000,-0.108156,0.274315,0.000000,0.397538,0.000000,-0.261800,0.000000,0.000000
1.902000,-0.106062,0.274066,0.000000,0.397635,0.000000,-0.261800,0.000000,0.000000
1.904000,-0.103965,0.273818,0.000000,0.397730,0.000000,-0.261800,0.000000,0.000000
1.906000,-0.101863,0.273570,0.000000,0.397824,0.000000,-0.261800,0.000000,0.000000
1.908000,-0.099757,0.273321,0.000000,0.397915,0.000000,-0.261800,0.000000,0.000000
1.910000,-0.097647,0.273072,0.000000,0.398005,0.000000,-0.261800,0.000000,0.000000
1.912000,-0.095533,0.272823,0.000000,0.398092,0.000000,-0.261800,0.000000,0.000000
1.914000,-0.093416,0.272574,0.000000,0.398178,0.000000,-0.261800,0.000000,0.000000
1.916000,-0.091295,0.272325,0.000000,0.398262,0.000000,-0.261800,0.000000,0.000000
1.918000,-0.089170,0.272076,0.000000,0.398343,0.000000,-0.261800,0.000000,0.000000
1.920000,-0.087041,0.271827,0.000000,0.398423,0.000000,-0.261800,0.000000,0.000000
1.922000,-0.084910,0.271577,0.000000,0.398501,0.000000,-0.261800,0.000000,0.000000
1.924000,-0.082775,0.271328,0.000000,0.398577,0.000000,-0.261800,0.000000,0.000000
1.926000,-0.080636,0.271078,0.000000,0.398650,0.000000,-0.261800,0.000000,0.000000
1.928000,-0.078495,0.270829,0.000000,0.398722,0.000000,-0.261800,0.000000,0.000000
1.930000,-0.076350,0.270579,0.000000,0.398792,0.000000,-0.261800,0.000000,0.000000
1.932000,-0.074202,0.270329,0.000000,0.398860,0.000000,-0.261800,0.000000,0.000000
1.934000,-0.072052,0.270079,0.000000,0.398926,0.000000,-0.261800,0.000000,0.000000
1.936000,-0.069898,0.269829,0.000000,0.398990,0.000000,-0.261800,0.000000,0.000000
1.938000,-0.067742,0.269579,0.000000,0.399052,0.000000,-0.261800,0.000000,0.000000
1.940000,-0.065583,0.269329,0.000000,0.399112,0.000000,-0.261800,0.000000,0.000000
1.942000,-0.063422,0.269078,0.000000,0.399171,0.000000,-0.261800,0.000000,0.000000
1.944000,-0.061258,0.268828,0.000000,0.399227,0.000000,-0.261800,0.000000,0.000000
1.946000,-0.059092,0.268578,0.000000,0.399281,0.000000,-0.261800,0.000000,0.000000
1.948000,-0.056923,0.268327,0.000000,0.399333,0.000000,-0.261800,0.000000,0.000000
1.950000,-0.054752,0.268077,0.000000,0.399383,0.000000,-0.261800,0.000000,0.000000
1.952000,-0.052579,0.267826,0.000000,0.399432,0.000000,-0.261800,0.000000,0.000000
1.954000,-0.050404,0.267576,0.000000,0.399478,0.000000,-0.261800,0.000000,0.000000
1.956000,-0.048227,0.267325,0.000000,0.399523,0.000000,-0.261800,0.000000,0.000000
1.958000,-0.046048,0.267074,0.000000,0.399565,0.000000,-0.261800,0.000000,0.000000
1.960000,-0.043867,0.266823,0.000000,0.399605,0.000000,-0.261800,0.000000,0.000000
1.962000,-0.041684,0.266572,0.000000,0.399644,0.000000,-0.261800,0.000000,0.000000
1.964000,-0.039500,0.266321,0.000000,0.399680,0.000000,-0.261800,0.000000,0.000000
1.966000,-0.037314,0.266071,0.000000,0.399715,0.000000,-0.261800,0.000000,0.000000
1.968000,-0.035127,0.265820,0.000000,0.399747,0.000000,-0.261800,0.000000,0.000000
1.970000,-0.032938,0.265569,0.000000,0.399778,0.000000,-0.261800,0.000000,0.000000
1.972000,-0.030748,0.265317,0.000000,0.399807,0.000000,-0.261800,0.000000,0.000000
1.974000,-0.028557,0.265066,0.000000,0.399833,0.000000,-0.261800,0.000000,0.000000
1.976000,-0.026364,0.264815,0.000000,0.399858,0.000000,-0.261800,0.000000,0.000000
1.978000,-0.024171,0.264564,0.000000,0.399881,0.000000,-0.261800,0.000000,0.000000
1.980000,-0.021977,0.264313,0.000000,0.399901,0.000000,-0.261800,0.000000,0.000000
1.982000,-0.019781,0.264062,0.000000,0.399920,0.000000,-0.261800,0.000000,0.000000
1.984000,-0.017586,0.263810,0.000000,0.399937,0.000000,-0.261800,0.000000,0.000000
1.986000,-0.015389,0.263559,0.000000,0.399952,0.000000,-0.261800,0.000000,0.000000
1.988000,-0.013192,0.263308,0.000000,0.399964,0.000000,-0.261800,0.000000,0.000000
1.990000,-0.010994,0.263057,0.000000,0.399975,0.000000,-0.261800,0.000000,0.000000
1.992000,-0.008796,0.262805,0.000000,0.399984,0.000000,-0.261800,0.000000,0.000000
1.994000,-0.006597,0.262554,0.000000,0.399991,0.000000,-0.261800,0.000000,0.000000
1.996000,-0.004398,0.262303,0.000000,0.399996,0.000000,-0.261800,0.000000,0.000000
1.998000,-0.002199,0.262051,0.000000,0.399999,0.000000,-0.261800,0.000000,0.000000
2.000000,-0.000000,0.261800,0.000000,0.400000,0.000000,-0.261800,0.000000,0.000000
2.002000,0.002199,0.261549,0.000000,0.399999,0.000000,-0.261800,0.000000,0.000000
2.004000,0.004398,0.261297,0.000000,0.399996,0.000000,-0.261800,0.000000,0.000000
2.006000,0.006597,0.261046,0.000000,0.399991,0.000000,-0.261800,0.000000,0.000000
2.008000,0.008796,0.260795,0.000000,0.399984,0.000000,-0.261800,0.000000,0.000000
2.010000,0.010994,0.260543,0.000000,0.399975,0.000000,-0.261800,0.000000,0.000000
2.012000,0.013192,0.260292,0.000000,0.399964,0.000000,-0.261800,0.000000,0.000000
2.014000,0.015389,0.260041,0.000000,0.399952,0.000000,-0.261800,0.000000,0.000000
2.016000,0.017586,0.259790,0.000000,0.399937,0.000000,-0.261800,0.000000,0.000000
2.018000,0.019781,0.259538,0.000000,0.399920,0.000000,-0.261800,0.000000,0.000000
2.020000,0.021977,0.259287,0.000000,0.399901,0.000000,-0.261800,0.000000,0.000000
2.022000,0.024171,0.259036,0.000000,0.399881,0.000000,-0.261800,0.000000,0.000000
2.024000,0.026364,0.258785,0.000000,0.399858,0.000000,-0.261800,0.000000,0.000000
2.026000,0.028557,0.258534,0.000000,0.399833,0.000000,-0.261800,0.000000,0.000000
2.028000,0.030748,0.258283,0.000000,0.399807,0.000000,-0.261800,0.000000,0.000000
2.030000,0.032938,0.258031,0.000000,0.399778,0.000000,-0.261800,0.000000,0.000000
2.032000,0.035127,0.257780,0.000000,0.399747,0.000000,-0.261800,0.000000,0.000000
2.034000,0.037314,0.257529,0.000000,0.399715,0.000000,-0.261800,0.000000,0.000000
2.036000,0.039500,0.257279,0.000000,0.399680,0.000000,-0.261800,0.000000,0.000000
2.038000,0.041684,0.257028,0.000000,0.399644,0.000000,-0.261800,0.000000,0.000000
2.040000,0.043867,0.256777,0.000000,0.399605,0.000000,-0.261800,0.000000,0.000000
2.042000,0.046048,0.256526,0.000000,0.399565,0.000000,-0.261800,0.000000,0.000000
2.044000,0.048227,0.256275,0.000000,0.399523,0.000000,-0.261800,0.000000,0.000000
2.046000,0.050404,0.256024,0.000000,0.399478,0.000000,-0.261800,0.000000,0.000000
2.048000,0.052579,0.255774,0.000000,0.399432,0.000000,-0.261800,0.000000,0.000000
2.050000,0.054752,0.255523,0.000000,0.399383,0.000000,-0.261800,0.000000,0.000000
2.052000,0.056923,0.255273,0.000000,0.399333,0.000000,-0.261800,0.000000,0.000000
2.054000,0.059092,0.255022,0.000000,0.399281,0.000000,-0.261800,0.000000,0.000000
2.056000,0.061258,0.254772,0.000000,0.399227,0.000000,-0.261800,0.000000,0.000000
2.058000,0.063422,0.254522,0.000000,0.399171,0.000000,-0.261800,0.000000,0.000000
2.060000,0.065583,0.254271,0.000000,0.399112,0.000000,-0.261800,0.000000,0.000000
2.062000,0.067742,0.254021,0.000000,0.399052,0.000000,-0.261800,0.000000,0.000000
2.064000,0.069898,0.253771,0.000000,0.398990,0.000000,-0.261800,0.000000,0.000000
2.066000,0.072052,0.253521,0.000000,0.398926,0.000000,-0.261800,0.000000,0.000000
2.068000,0.074202,0.253271,0.000000,0.398860,0.000000,-0.261800,0.000000,0.000000
2.070000,0.076350,0.253021,0.000000,0.398792,0.000000,-0.261800,0.000000,0.000000
2.072000,0.078495,0.252771,0.000000,0.398722,0.000000,-0.261800,0.000000,0.000000
2.074000,0.080636,0.252522,0.000000,0.398650,0.000000,-0.261800,0.000000,0.000000
2.076000,0.082775,0.252272,0.000000,0.398577,0.000000,-0.261800,0.000000,0.000000
2.078000,0.084910,0.252023,0.000000,0.398501,0.000000,-0.261800,0.000000,0.000000
2.080000,0.087041,0.251773,0.000000,0.398423,0.000000,-0.261800,0.000000,0.000000
2.082000,0.089170,0.251524,0.000000,0.398343,0.000000,-0.261800,0.000000,0.000000
2.084000,0.091295,0.251275,0.000000,0.398262,0.000000,-0.261800,0.000000,0.000000
2.086000,0.093416,0.251026,0.000000,0.398178,0.000000,-0.261800,0.000000,0.000000
2.088000,0.095533,0.250777,0.000000,0.398092,0.000000,-0.261800,0.000000,0.000000
2.090000,0.097647,0.250528,0.000000,0.398005,0.000000,-0.261800,0.000000,0.000000
2.092000,0.099757,0.250279,0.000000,0.397915,0.000000,-0.261800,0.000000,0.000000
2.094000,0.101863,0.250030,0.000000,0.397824,0.000000,-0.261800,0.000000,0.000000
2.096000,0.103965,0.249782,0.000000,0.397730,0.000000,-0.261800,0.000000,0.000000
2.098000,0.106062,0.249534,0.000000,0.397635,0.000000,-0.261800,0.000000,0.000000
2.100000,0.108156,0.249285,0.000000,0.397538,0.000000,-0.261800,0.000000,0.000000
2.102000,0.110245,0.249037,0.000000,0.397438,0.000000,-0.261800,0.000000,0.000000
2.104000,0.112330,0.248789,0.000000,0.397337,0.000000,-0.261800,0.000000,0.000000
2.106000,0.114411,0.248541,0.000000,0.397234,0.000000,-0.261800,0.000000,0.000000
2.108000,0.116487,0.248293,0.000000,0.397129,0.000000,-0.261800,0.000000,0.000000
2.110000,0.118558,0.248046,0.000000,0.397022,0.000000,-0.261800,0.000000,0.000000
2.112000,0.120625,0.247798,0.000000,0.396913,0.000000,-0.261800,0.000000,0.000000
2.114000,0.122687,0.247551,0.000000,0.396802,0.000000,-0.261800,0.000000,0.000000
2.116000,0.124744,0.247304,0.000000,0.396689,0.000000,-0.261800,0.000000,0.000000
2.118000,0.126796,0.247056,0.000000,0.396574,0.000000,-0.261800,0.000000,0.000000
2.120000,0.128844,0.246809,0.000000,0.396457,0.000000,-0.261800,0.000000,0.000000
2.122000,0.130886,0.246563,0.000000,0.396339,0.000000,-0.261800,0.000000,0.000000
2.124000,0.132923,0.246316,0.000000,0.396218,0.000000,-0.261800,0.000000,0.000000
2.126000,0.134954,0.246070,0.000000,0.396096,0.000000,-0.261800,0.000000,0.000000
2.128000,0.136981,0.245823,0.000000,0.395971,0.000000,-0.261800,0.000000,0.000000
2.130000,0.139002,0.245577,0.000000,0.395845,0.000000,-0.261800,0.000000,0.000000
2.132000,0.141017,0.245331,0.000000,0.395716,0.000000,-0.261800,0.000000,0.000000
2.134000,0.143027,0.245085,0.000000,0.395586,0.000000,-0.261800,0.000000,0.000000
2.136000,0.145031,0.244839,0.000000,0.395454,0.000000,-0.261800,0.000000,0.000000
2.138000,0.147030,0.244594,0.000000,0.395319,0.000000,-0.261800,0.000000,0.000000
2.140000,0.149023,0.244349,0.000000,0.395183,0.000000,-0.261800,0.000000,0.000000
2.142000,0.151010,0.244103,0.000000,0.395045,0.000000,-0.261800,0.000000,0.000000
2.144000,0.152991,0.243858,0.000000,0.394905,0.000000,-0.261800,0.000000,0.000000
2.146000,0.154965,0.243614,0.000000,0.394763,0.000000,-0.261800,0.000000,0.000000
2.148000,0.156934,0.243369,0.000000,0.394620,0.000000,-0.261800,0.000000,0.000000
2.150000,0.158897,0.243124,0.000000,0.394474,0.000000,-0.261800,0.000000,0.000000
2.152000,0.160853,0.242880,0.000000,0.394326,0.000000,-0.261800,0.000000,0.000000
2.154000,0.162803,0.242636,0.000000,0.394177,0.000000,-0.261800,0.000000,0.000000
2.156000,0.164746,0.242392,0.000000,0.394025,0.000000,-0.261800,0.000000,0.000000
2.158000,0.166683,0.242148,0.000000,0.393872,0.000000,-0.261800,0.000000,0.000000
2.160000,0.168614,0.241905,0.000000,0.393717,0.000000,-0.261800,0.000000,0.000000
2.162000,0.170538,0.241661,0.000000,0.393559,0.000000,-0.261800,0.000000,0.000000
2.164000,0.172455,0.241418,0.000000,0.393400,0.000000,-0.261800,0.000000,0.000000
2.166000,0.174365,0.241175,0.000000,0.393239,0.000000,-0.261800,0.000000,0.000000
2.168000,0.176268,0.240933,0.000000,0.393076,0.000000,-0.261800,0.000000,0.000000
2.170000,0.178164,0.240690,0.000000,0.392911,0.000000,-0.261800,0.000000,0.000000
2.172000,0.180054,0.240448,0.000000,0.392745,0.000000,-0.261800,0.000000,0.000000
2.174000,0.181936,0.240206,0.000000,0.392576,0.000000,-0.261800,0.000000,0.000000
2.176000,0.183811,0.239964,0.000000,0.392406,0.000000,-0.261800,0.000000,0.000000
2.178000,0.185679,0.239722,0.000000,0.392233,0.000000,-0.261800,0.000000,0.000000
2.180000,0.187539,0.239481,0.000000,0.392059,0.000000,-0.261800,0.000000,0.000000
2.182000,0.189392,0.239239,0.000000,0.391882,0.000000,-0.261800,0.000000,0.000000
2.184000,0.191238,0.238998,0.000000,0.391704,0.000000,-0.261800,0.000000,0.000000
2.186000,0.193076,0.238758,0.000000,0.391524,0.000000,-0.261800,0.000000,0.000000
2.188000,0.194906,0.238517,0.000000,0.391342,0.000000,-0.261800,0.000000,0.000000
2.190000,0.196729,0.238277,0.000000,0.391159,0.000000,-0.261800,0.000000,0.000000
2.192000,0.198544,0.238037,0.000000,0.390973,0.000000,-0.261800,0.000000,0.000000
2.194000,0.200351,0.237797,0.000000,0.390785,0.000000,-0.261800,0.000000,0.000000
2.196000,0.202150,0.237557,0.000000,0.390596,0.000000,-0.261800,0.000000,0.000000
2.198000,0.203942,0.237318,0.000000,0.390405,0.000000,-0.261800,0.000000,0.000000
2.200000,0.205725,0.237079,0.000000,0.390211,0.000000,-0.261800,0.000000,0.000000
2.202000,0.207500,0.236840,0.000000,0.390016,0.000000,-0.261800,0.000000,0.000000
2.204000,0.209267,0.236601,0.000000,0.389819,0.000000,-0.261800,0.000000,0.000000
2.206000,0.211025,0.236363,0.000000,0.389620,0.000000,-0.261800,0.000000,0.000000
2.208000,0.212776,0.236125,0.000000,0.389420,0.000000,-0.261800,0.000000,0.000000
2.210000,0.214517,0.235887,0.000000,0.389217,0.000000,-0.261800,0.000000,0.000000
2.212000,0.216251,0.235649,0.000000,0.389013,0.000000,-0.261800,0.000000,0.000000
2.214000,0.217976,0.235412,0.000000,0.388806,0.000000,-0.261800,0.000000,0.000000
2.216000,0.219692,0.235174,0.000000,0.388598,0.000000,-0.261800,0.000000,0.000000
2.218000,0.221400,0.234938,0.000000,0.388388,0.000000,-0.261800,0.000000,0.000000
2.220000,0.223098,0.234701,0.000000,0.388176,0.000000,-0.261800,0.000000,0.000000
2.222000,0.224788,0.234465,0.000000,0.387962,0.000000,-0.261800,0.000000,0.000000
2.224000,0.226470,0.234229,0.000000,0.387747,0.000000,-0.261800,0.000000,0.000000
2.226000,0.228142,0.233993,0.000000,0.387529,0.000000,-0.261800,0.000000,0.000000
2.228000,0.229805,0.233757,0.000000,0.387310,0.000000,-0.261800,0.000000,0.000000
2.230000,0.231459,0.233522,0.000000,0.387089,0.000000,-0.261800,0.000000,0.000000
2.232000,0.233104,0.233287,0.000000,0.386866,0.000000,-0.261800,0.000000,0.000000
2.234000,0.234740,0.233052,0.000000,0.386641,0.000000,-0.261800,0.000000,0.000000
2.236000,0.236366,0.232818,0.000000,0.386414,0.000000,-0.261800,0.000000,0.000000
2.238000,0.237984,0.232584,0.000000,0.386186,0.000000,-0.261800,0.000000,0.000000
2.240000,0.239591,0.232350,0.000000,0.385955,0.000000,-0.261800,0.000000,0.000000
2.242000,0.241190,0.232117,0.000000,0.385723,0.000000,-0.261800,0.000000,0.000000
2.244000,0.242779,0.231883,0.000000,0.385489,0.000000,-0.261800,0.000000,0.000000
2.246000,0.244358,0.231650,0.000000,0.385253,0.000000,-0.261800,0.000000,0.000000
2.248000,0.245927,0.231418,0.000000,0.385015,0.000000,-0.261800,0.000000,0.000000
2.250000,0.247487,0.231185,0.000000,0.384776,0.000000,-0.261800,0.000000,0.000000
2.252000,0.249037,0.230953,0.000000,0.384535,0.000000,-0.261800,0.000000,0.000000
2.254000,0.250578,0.230722,0.000000,0.384291,0.000000,-0.261800,0.000000,0.000000
2.256000,0.252108,0.230490,0.000000,0.384046,0.000000,-0.261800,0.000000,0.000000
2.258000,0.253629,0.230259,0.000000,0.383800,0.000000,-0.261800,0.000000,0.000000
2.260000,0.255139,0.230028,0.000000,0.383551,0.000000,-0.261800,0.000000,0.000000
2.262000,0.256639,0.229798,0.000000,0.383300,0.000000,-0.261800,0.000000,0.000000
2.264000,0.258130,0.229567,0.000000,0.383048,0.000000,-0.261800,0.000000,0.000000
2.266000,0.259610,0.229338,0.000000,0.382794,0.000000,-0.261800,0.000000,0.000000
2.268000,0.261079,0.229108,0.000000,0.382538,0.000000,-0.261800,0.000000,0.000000
2.270000,0.262539,0.228879,0.000000,0.382281,0.000000,-0.261800,0.000000,0.000000
2.272000,0.263988,0.228650,0.000000,0.382021,0.000000,-0.261800,0.000000,0.000000
2.274000,0.265427,0.228421,0.000000,0.381760,0.000000,-0.261800,0.000000,0.000000
2.276000,0.266855,0.228193,0.000000,0.381497,0.000000,-0.261800,0.000000,0.000000
2.278000,0.268273,0.227965,0.000000,0.381232,0.000000,-0.261800,0.000000,0.000000
2.280000,0.269680,0.227738,0.000000,0.380965,0.000000,-0.261800,0.000000,0.000000
2.282000,0.271076,0.227510,0.000000,0.380697,0.000000,-0.261800,0.000000,0.000000
2.284000,0.272462,0.227284,0.000000,0.380427,0.000000,-0.261800,0.000000,0.000000
2.286000,0.273837,0.227057,0.000000,0.380155,0.000000,-0.261800,0.000000,0.000000
2.288000,0.275201,0.226831,0.000000,0.379881,0.000000,-0.261800,0.000000,0.000000
2.290000,0.276554,0.226605,0.000000,0.379606,0.000000,-0.261800,0.000000,0.000000
2.292000,0.277897,0.226379,0.000000,0.379328,0.000000,-0.261800,0.000000,0.000000
2.294000,0.279228,0.226154,0.000000,0.379049,0.000000,-0.261800,0.000000,0.000000
2.296000,0.280548,0.225929,0.000000,0.378768,0.000000,-0.261800,0.000000,0.000000
2.298000,0.281858,0.225705,0.000000,0.378486,0.000000,-0.261800,0.000000,0.000000
2.300000,0.283156,0.225481,0.000000,0.378201,0.000000,-0.261800,0.000000,0.000000
2.302000,0.284443,0.225257,0.000000,0.377915,0.000000,-0.261800,0.000000,0.000000
2.304000,0.285719,0.225034,0.000000,0.377627,0.000000,-0.261800,0.000000,0.000000
2.306000,0.286983,0.224811,0.000000,0.377338,0.000000,-0.261800,0.000000,0.000000
2.308000,0.288236,0.224588,0.000000,0.377046,0.000000,-0.261800,0.000000,0.000000
2.310000,0.289478,0.224366,0.000000,0.376753,0.000000,-0.261800,0.000000,0.000000
2.312000,0.290709,0.224144,0.000000,0.376458,0.000000,-0.261800,0.000000,0.000000
2.314000,0.291927,0.223922,0.000000,0.376162,0.000000,-0.261800,0.000000,0.000000
2.316000,0.293135,0.223701,0.000000,0.375863,0.000000,-0.261800,0.000000,0.000000
2.318000,0.294331,0.223480,0.000000,0.375563,0.000000,-0.261800,0.000000,0.000000
2.320000,0.295515,0.223260,0.000000,0.375261,0.000000,-0.261800,0.000000,0.000000
2.322000,0.296687,0.223040,0.000000,0.374958,0.000000,-0.261800,0.000000,0.000000
2.324000,0.297848,0.222820,0.000000,0.374652,0.000000,-0.261800,0.000000,0.000000
2.326000,0.298997,0.222601,0.000000,0.374345,0.000000,-0.261800,0.000000,0.000000
2.328000,0.300134,0.222382,0.000000,0.374037,0.000000,-0.261800,0.000000,0.000000
2.330000,0.301260,0.222163,0.000000,0.373726,0.000000,-0.261800,0.000000,0.000000
2.332000,0.302373,0.221945,0.000000,0.373414,0.000000,-0.261800,0.000000,0.000000
2.334000,0.303475,0.221727,0.000000,0.373100,0.000000,-0.261800,0.000000,0.000000
2.336000,0.304564,0.221510,0.000000,0.372785,0.000000,-0.261800,0.000000,0.000000
2.338000,0.305642,0.221293,0.000000,0.372467,0.000000,-0.261800,0.000000,0.000000
2.340000,0.306707,0.221077,0.000000,0.372148,0.000000,-0.261800,0.000000,0.000000
2.342000,0.307761,0.220861,0.000000,0.371828,0.000000,-0.261800,0.000000,0.000000
2.344000,0.308802,0.220645,0.000000,0.371505,0.000000,-0.261800,0.000000,0.000000
2.346000,0.309831,0.220430,0.000000,0.371181,0.000000,-0.261800,0.000000,0.000000
2.348000,0.310848,0.220215,0.000000,0.370855,0.000000,-0.261800,0.000000,0.000000
2.350000,0.311852,0.220000,0.000000,0.370528,0.000000,-0.261800,0.000000,0.000000
2.352000,0.312844,0.219786,0.000000,0.370199,0.000000,-0.261800,0.000000,0.000000
2.354000,0.313824,0.219572,0.000000,0.369868,0.000000,-0.261800,0.000000,0.000000
2.356000,0.314792,0.219359,0.000000,0.369536,0.000000,-0.261800,0.000000,0.000000
2.358000,0.315747,0.219146,0.000000,0.369201,0.000000,-0.261800,0.000000,0.000000
2.360000,0.316689,0.218934,0.000000,0.368866,0.000000,-0.261800,0.000000,0.000000
2.362000,0.317620,0.218722,0.000000,0.368528,0.000000,-0.261800,0.000000,0.000000
2.364000,0.318537,0.218510,0.000000,0.368189,0.000000,-0.261800,0.000000,0.000000
2.366000,0.319442,0.218299,0.000000,0.367848,0.000000,-0.261800,0.000000,0.000000
2.368000,0.320334,0.218088,0.000000,0.367506,0.000000,-0.261800,0.000000,0.000000
2.370000,0.321214,0.217878,0.000000,0.367161,0.000000,-0.261800,0.000000,0.000000
2.372000,0.322081,0.217668,0.000000,0.366816,0.000000,-0.261800,0.000000,0.000000
2.374000,0.322935,0.217459,0.000000,0.366468,0.000000,-0.261800,0.000000,0.000000
2.376000,0.323777,0.217250,0.000000,0.366119,0.000000,-0.261800,0.000000,0.000000
2.378000,0.324606,0.217041,0.000000,0.365768,0.000000,-0.261800,0.000000,0.000000
2.380000,0.325422,0.216833,0.000000,0.365416,0.000000,-0.261800,0.000000,0.000000
2.382000,0.326225,0.216626,0.000000,0.365062,0.000000,-0.261800,0.000000,0.000000
2.384000,0.327015,0.216418,0.000000,0.364707,0.000000,-0.261800,0.000000,0.000000
2.386000,0.327792,0.216212,0.000000,0.364349,0.000000,-0.261800,0.000000,0.000000
2.388000,0.328557,0.216005,0.000000,0.363990,0.000000,-0.261800,0.000000,0.000000
2.390000,0.329308,0.215800,0.000000,0.363630,0.000000,-0.261800,0.000000,0.000000
2.392000,0.330047,0.215594,0.000000,0.363268,0.000000,-0.261800,0.000000,0.000000
2.394000,0.330772,0.215389,0.000000,0.362904,0.000000,-0.261800,0.000000,0.000000
2.396000,0.331484,0.215185,0.000000,0.362539,0.000000,-0.261800,0.000000,0.000000
2.398000,0.332184,0.214981,0.000000,0.362172,0.000000,-0.261800,0.000000,0.000000
2.400000,0.332870,0.214777,0.000000,0.361803,0.000000,-0.261800,0.000000,0.000000
2.402000,0.333543,0.214574,0.000000,0.361433,0.000000,-0.261800,0.000000,0.000000
2.404000,0.334203,0.214371,0.000000,0.361062,0.000000,-0.261800,0.000000,0.000000
2.406000,0.334849,0.214169,0.000000,0.360688,0.000000,-0.261800,0.000000,0.000000
2.408000,0.335483,0.213968,0.000000,0.360313,0.000000,-0.261800,0.000000,0.000000
2.410000,0.336103,0.213766,0.000000,0.359937,0.000000,-0.261800,0.000000,0.000000
2.412000,0.336710,0.213566,0.000000,0.359559,0.000000,-0.261800,0.000000,0.000000
2.414000,0.337303,0.213365,0.000000,0.359179,0.000000,-0.261800,0.000000,0.000000
2.416000,0.337884,0.213166,0.000000,0.358798,0.000000,-0.261800,0.000000,0.000000
2.418000,0.338451,0.212966,0.000000,0.358415,0.000000,-0.261800,0.000000,0.000000
2.420000,0.339004,0.212767,0.000000,0.358031,0.000000,-0.261800,0.000000,0.000000
2.422000,0.339544,0.212569,0.000000,0.357645,0.000000,-0.261800,0.000000,0.000000
2.424000,0.340071,0.212371,0.000000,0.357258,0.000000,-0.261800,0.000000,0.000000
2.426000,0.340584,0.212174,0.000000,0.356869,0.000000,-0.261800,0.000000,0.000000
2.428000,0.341084,0.211977,0.000000,0.356478,0.000000,-0.261800,0.000000,0.000000
2.430000,0.341571,0.211781,0.000000,0.356086,0.000000,-0.261800,0.000000,0.000000
2.432000,0.342044,0.211585,0.000000,0.355692,0.000000,-0.261800,0.000000,0.000000
2.434000,0.342503,0.211389,0.000000,0.355297,0.000000,-0.261800,0.000000,0.000000
2.436000,0.342949,0.211194,0.000000,0.354901,0.000000,-0.261800,0.000000,0.000000
2.438000,0.343382,0.211000,0.000000,0.354502,0.000000,-0.261800,0.000000,0.000000
2.440000,0.343801,0.210806,0.000000,0.354103,0.000000,-0.261800,0.000000,0.000000
2.442000,0.344206,0.210613,0.000000,0.353701,0.000000,-0.261800,0.000000,0.000000
2.444000,0.344598,0.210420,0.000000,0.353299,0.000000,-0.261800,0.000000,0.000000
2.446000,0.344976,0.210227,0.000000,0.352894,0.000000,-0.261800,0.000000,0.000000
2.448000,0.345340,0.210036,0.000000,0.352489,0.000000,-0.261800,0.000000,0.000000
2.450000,0.345691,0.209844,0.000000,0.352081,0.000000,-0.261800,0.000000,0.000000
2.452000,0.346028,0.209653,0.000000,0.351672,0.000000,-0.261800,0.000000,0.000000
2.454000,0.346352,0.209463,0.000000,0.351262,0.000000,-0.261800,0.000000,0.000000
2.456000,0.346661,0.209273,0.000000,0.350850,0.000000,-0.261800,0.000000,0.000000
2.458000,0.346958,0.209084,0.000000,0.350437,0.000000,-0.261800,0.000000,0.000000
2.460000,0.347240,0.208895,0.000000,0.350022,0.000000,-0.261800,0.000000,0.000000
2.462000,0.347509,0.208707,0.000000,0.349606,0.000000,-0.261800,0.000000,0.000000
2.464000,0.347764,0.208519,0.000000,0.349188,0.000000,-0.261800,0.000000,0.000000
2.466000,0.348005,0.208332,0.000000,0.348769,0.000000,-0.261800,0.000000,0.000000
2.468000,0.348233,0.208145,0.000000,0.348348,0.000000,-0.261800,0.000000,0.000000
2.470000,0.348447,0.207959,0.000000,0.347926,0.000000,-0.261800,0.000000,0.000000
2.472000,0.348647,0.207773,0.000000,0.347503,0.000000,-0.261800,0.000000,0.000000
2.474000,0.348833,0.207588,0.000000,0.347078,0.000000,-0.261800,0.000000,0.000000
2.476000,0.349006,0.207404,0.000000,0.346651,0.000000,-0.261800,0.000000,0.000000
2.478000,0.349164,0.207220,0.000000,0.346223,0.000000,-0.261800,0.000000,0.000000
2.480000,0.349309,0.207036,0.000000,0.345794,0.000000,-0.261800,0.000000,0.000000
2.482000,0.349441,0.206853,0.000000,0.345363,0.000000,-0.261800,0.000000,0.000000
2.484000,0.349558,0.206671,0.000000,0.344931,0.000000,-0.261800,0.000000,0.000000
2.486000,0.349662,0.206489,0.000000,0.344497,0.000000,-0.261800,0.000000,0.000000
2.488000,0.349751,0.206308,0.000000,0.344062,0.000000,-0.261800,0.000000,0.000000
2.490000,0.349827,0.206127,0.000000,0.343625,0.000000,-0.261800,0.000000,0.000000
2.492000,0.349889,0.205947,0.000000,0.343187,0.000000,-0.261800,0.000000,0.000000
2.494000,0.349938,0.205767,0.000000,0.342748,0.000000,-0.261800,0.000000,0.000000
2.496000,0.349972,0.205588,0.000000,0.342307,0.000000,-0.261800,0.000000,0.000000
2.498000,0.349993,0.205409,0.000000,0.341865,0.000000,-0.261800,0.000000,0.000000
2.500000,0.350000,0.205231,0.000000,0.341421,0.000000,-0.261800,0.000000,0.000000
2.502000,0.349993,0.205054,0.000000,0.340976,0.000000,-0.261800,0.000000,0.000000
2.504000,0.349972,0.204877,0.000000,0.340530,0.000000,-0.261800,0.000000,0.000000
2.506000,0.349938,0.204701,0.000000,0.340082,0.000000,-0.261800,0.000000,0.000000
2.508000,0.349889,0.204525,0.000000,0.339633,0.000000,-0.261800,0.000000,0.000000
2.510000,0.349827,0.204350,0.000000,0.339183,0.000000,-0.261800,0.000000,0.000000
2.512000,0.349751,0.204175,0.000000,0.338731,0.000000,-0.261800,0.000000,0.000000
2.514000,0.349662,0.204001,0.000000,0.338277,0.000000,-0.261800,0.000000,0.000000
2.516000,0.349558,0.203828,0.000000,0.337823,0.000000,-0.261800,0.000000,0.000000
2.518000,0.349441,0.203655,0.000000,0.337367,0.000000,-0.261800,0.000000,0.000000
2.520000,0.349309,0.203483,0.000000,0.336909,0.000000,-0.261800,0.000000,0.000000
2.522000,0.349164,0.203311,0.000000,0.336451,0.000000,-0.261800,0.000000,0.000000
2.524000,0.349006,0.203140,0.000000,0.335991,0.000000,-0.261800,0.000000,0.000000
2.526000,0.348833,0.202969,0.000000,0.335529,0.000000,-0.261800,0.000000,0.000000
2.528000,0.348647,0.202799,0.000000,0.335067,0.000000,-0.261800,0.000000,0.000000
2.530000,0.348447,0.202630,0.000000,0.334603,0.000000,-0.261800,0.000000,0.000000
2.532000,0.348233,0.202461,0.000000,0.334137,0.000000,-0.261800,0.000000,0.000000
2.534000,0.348005,0.202292,0.000000,0.333670,0.000000,-0.261800,0.000000,0.000000
2.536000,0.347764,0.202125,0.000000,0.333202,0.000000,-0.261800,0.000000,0.000000
2.538000,0.347509,0.201958,0.000000,0.332733,0.000000,-0.261800,0.000000,0.000000
2.540000,0.347240,0.201791,0.000000,0.332262,0.000000,-0.261800,0.000000,0.000000
2.542000,0.346958,0.201625,0.000000,0.331790,0.000000,-0.261800,0.000000,0.000000
2.544000,0.346661,0.201460,0.000000,0.331317,0.000000,-0.261800,0.000000,0.000000
2.546000,0.346352,0.201295,0.000000,0.330843,0.000000,-0.261800,0.000000,0.000000
2.548000,0.346028,0.201131,0.000000,0.330367,0.000000,-0.261800,0.000000,0.000000
2.550000,0.345691,0.200968,0.000000,0.329890,0.000000,-0.261800,0.000000,0.000000
2.552000,0.345340,0.200805,0.000000,0.329411,0.000000,-0.261800,0.000000,0.000000
2.554000,0.344976,0.200642,0.000000,0.328931,0.000000,-0.261800,0.000000,0.000000
2.556000,0.344598,0.200481,0.000000,0.328451,0.000000,-0.261800,0.000000,0.000000
2.558000,0.344206,0.200319,0.000000,0.327968,0.000000,-0.261800,0.000000,0.000000
2.560000,0.343801,0.200159,0.000000,0.327485,0.000000,-0.261800,0.000000,0.000000
2.562000,0.343382,0.199999,0.000000,0.327000,0.000000,-0.261800,0.000000,0.000000
2.564000,0.342949,0.199840,0.000000,0.326514,0.000000,-0.261800,0.000000,0.000000
2.566000,0.342503,0.199681,0.000000,0.326027,0.000000,-0.261800,0.000000,0.000000
2.568000,0.342044,0.199523,0.000000,0.325538,0.000000,-0.261800,0.000000,0.000000
2.570000,0.341571,0.199366,0.000000,0.325049,0.000000,-0.261800,0.000000,0.000000
2.572000,0.341084,0.199209,0.000000,0.324558,0.000000,-0.261800,0.000000,0.000000
2.574000,0.340584,0.199053,0.000000,0.324065,0.000000,-0.261800,0.000000,0.000000
2.576000,0.340071,0.198897,0.000000,0.323572,0.000000,-0.261800,0.000000,0.000000
2.578000,0.339544,0.198742,0.000000,0.323077,0.000000,-0.261800,0.000000,0.000000
2.580000,0.339004,0.198588,0.000000,0.322581,0.000000,-0.261800,0.000000,0.000000
2.582000,0.338451,0.198434,0.000000,0.322084,0.000000,-0.261800,0.000000,0.000000
2.584000,0.337884,0.198281,0.000000,0.321586,0.000000,-0.261800,0.000000,0.000000
2.586000,0.337303,0.198128,0.000000,0.321087,0.000000,-0.261800,0.000000,0.000000
2.588000,0.336710,0.197976,0.000000,0.320586,0.000000,-0.261800,0.000000,0.000000
2.590000,0.336103,0.197825,0.000000,0.320084,0.000000,-0.261800,0.000000,0.000000
2.592000,0.335483,0.197675,0.000000,0.319581,0.000000,-0.261800,0.000000,0.000000
2.594000,0.334849,0.197525,0.000000,0.319077,0.000000,-0.261800,0.000000,0.000000
2.596000,0.334203,0.197375,0.000000,0.318571,0.000000,-0.261800,0.000000,0.000000
2.598000,0.333543,0.197227,0.000000,0.318065,0.000000,-0.261800,0.000000,0.000000
2.600000,0.332870,0.197079,0.000000,0.317557,0.000000,-0.261800,0.000000,0.000000
2.602000,0.332184,0.196931,0.000000,0.317048,0.000000,-0.261800,0.000000,0.000000
2.604000,0.331484,0.196784,0.000000,0.316538,0.000000,-0.261800,0.000000,0.000000
2.606000,0.330772,0.196638,0.000000,0.316027,0.000000,-0.261800,0.000000,0.000000
2.608000,0.330047,0.196493,0.000000,0.315515,0.000000,-0.261800,0.000000,0.000000
2.610000,0.329308,0.196348,0.000000,0.315001,0.000000,-0.261800,0.000000,0.000000
2.612000,0.328557,0.196204,0.000000,0.314486,0.000000,-0.261800,0.000000,0.000000
2.614000,0.327792,0.196060,0.000000,0.313971,0.000000,-0.261800,0.000000,0.000000
2.616000,0.327015,0.195917,0.000000,0.313454,0.000000,-0.261800,0.000000,0.000000
2.618000,0.326225,0.195775,0.000000,0.312936,0.000000,-0.261800,0.000000,0.000000
2.620000,0.325422,0.195634,0.000000,0.312417,0.000000,-0.261800,0.000000,0.000000
2.622000,0.324606,0.195493,0.000000,0.311896,0.000000,-0.261800,0.000000,0.000000
2.624000,0.323777,0.195352,0.000000,0.311375,0.000000,-0.261800,0.000000,0.000000
2.626000,0.322935,0.195213,0.000000,0.310853,0.000000,-0.261800,0.000000,0.000000
2.628000,0.322081,0.195074,0.000000,0.310329,0.000000,-0.261800,0.000000,0.000000
2.630000,0.321214,0.194935,0.000000,0.309805,0.000000,-0.261800,0.000000,0.000000
2.632000,0.320334,0.194798,0.000000,0.309279,0.000000,-0.261800,0.000000,0.000000
2.634000,0.319442,0.194661,0.000000,0.308752,0.000000,-0.261800,0.000000,0.000000
2.636000,0.318537,0.194524,0.000000,0.308224,0.000000,-0.261800,0.000000,0.000000
2.638000,0.317620,0.194389,0.000000,0.307695,0.000000,-0.261800,0.000000,0.000000
2.640000,0.316689,0.194254,0.000000,0.307165,0.000000,-0.261800,0.000000,0.000000
2.642000,0.315747,0.194119,0.000000,0.306634,0.000000,-0.261800,0.000000,0.000000
2.644000,0.314792,0.193986,0.000000,0.306102,0.000000,-0.261800,0.000000,0.000000
2.646000,0.313824,0.193853,0.000000,0.305569,0.000000,-0.261800,0.000000,0.000000
2.648000,0.312844,0.193720,0.000000,0.305035,0.000000,-0.261800,0.000000,0.000000
2.650000,0.311852,0.193589,0.000000,0.304500,0.000000,-0.261800,0.000000,0.000000
2.652000,0.310848,0.193458,0.000000,0.303963,0.000000,-0.261800,0.000000,0.000000
2.654000,0.309831,0.193327,0.000000,0.303426,0.000000,-0.261800,0.000000,0.000000
2.656000,0.308802,0.193198,0.000000,0.302888,0.000000,-0.261800,0.000000,0.000000
2.658000,0.307761,0.193069,0.000000,0.302349,0.000000,-0.261800,0.000000,0.000000
2.660000,0.306707,0.192941,0.000000,0.301808,0.000000,-0.261800,0.000000,0.000000
2.662000,0.305642,0.192813,0.000000,0.301267,0.000000,-0.261800,0.000000,0.000000
2.664000,0.304564,0.192686,0.000000,0.300725,0.000000,-0.261800,0.000000,0.000000
2.666000,0.303475,0.192560,0.000000,0.300181,0.000000,-0.261800,0.000000,0.000000
2.668000,0.302373,0.192434,0.000000,0.299637,0.000000,-0.261800,0.000000,0.000000
2.670000,0.301260,0.192309,0.000000,0.299092,0.000000,-0.261800,0.000000,0.000000
2.672000,0.300134,0.192185,0.000000,0.298545,0.000000,-0.261800,0.000000,0.000000
2.674000,0.298997,0.192062,0.000000,0.297998,0.000000,-0.261800,0.000000,0.000000
2.676000,0.297848,0.191939,0.000000,0.297450,0.000000,-0.261800,0.000000,0.000000
2.678000,0.296687,0.191817,0.000000,0.296901,0.000000,-0.261800,0.000000,0.000000
2.680000,0.295515,0.191695,0.000000,0.296351,0.000000,-0.261800,0.000000,0.000000
2.682000,0.294331,0.191575,0.000000,0.295800,0.000000,-0.261800,0.000000,0.000000
2.684000,0.293135,0.191455,0.000000,0.295248,0.000000,-0.261800,0.000000,0.000000
2.686000,0.291927,0.191335,0.000000,0.294695,0.000000,-0.261800,0.000000,0.000000
2.688000,0.290709,0.191217,0.000000,0.294141,0.000000,-0.261800,0.000000,0.000000
2.690000,0.289478,0.191099,0.000000,0.293586,0.000000,-0.261800,0.000000,0.000000
2.692000,0.288236,0.190981,0.000000,0.293030,0.000000,-0.261800,0.000000,0.000000
2.694000,0.286983,0.190865,0.000000,0.292474,0.000000,-0.261800,0.000000,0.000000
2.696000,0.285719,0.190749,0.000000,0.291916,0.000000,-0.261800,0.000000,0.000000
2.698000,0.284443,0.190634,0.000000,0.291357,0.000000,-0.261800,0.000000,0.000000
2.700000,0.283156,0.190519,0.000000,0.290798,0.000000,-0.261800,0.000000,0.000000
2.702000,0.281858,0.190406,0.000000,0.290238,0.000000,-0.261800,0.000000,0.000000
2.704000,0.280548,0.190293,0.000000,0.289677,0.000000,-0.261800,0.000000,0.000000
2.706000,0.279228,0.190180,0.000000,0.289115,0.000000,-0.261800,0.000000,0.000000
2.708000,0.277897,0.190069,0.000000,0.288552,0.000000,-0.261800,0.000000,0.000000
2.710000,0.276554,0.189958,0.000000,0.287988,0.000000,-0.261800,0.000000,0.000000
2.712000,0.275201,0.189848,0.000000,0.287423,0.000000,-0.261800,0.000000,0.000000
2.714000,0.273837,0.189738,0.000000,0.286858,0.000000,-0.261800,0.000000,0.000000
2.716000,0.272462,0.189629,0.000000,0.286291,0.000000,-0.261800,0.000000,0.000000
2.718000,0.271076,0.189521,0.000000,0.285724,0.000000,-0.261800,0.000000,0.000000
2.720000,0.269680,0.189414,0.000000,0.285156,0.000000,-0.261800,0.000000,0.000000
2.722000,0.268273,0.189307,0.000000,0.284587,0.000000,-0.261800,0.000000,0.000000
2.724000,0.266855,0.189201,0.000000,0.284017,0.000000,-0.261800,0.000000,0.000000
2.726000,0.265427,0.189096,0.000000,0.283447,0.000000,-0.261800,0.000000,0.000000
2.728000,0.263988,0.188992,0.000000,0.282875,0.000000,-0.261800,0.000000,0.000000
2.730000,0.262539,0.188888,0.000000,0.282303,0.000000,-0.261800,0.000000,0.000000
2.732000,0.261079,0.188785,0.000000,0.281730,0.000000,-0.261800,0.000000,0.000000
2.734000,0.259610,0.188682,0.000000,0.281156,0.000000,-0.261800,0.000000,0.000000
2.736000,0.258130,0.188581,0.000000,0.280581,0.000000,-0.261800,0.000000,0.000000
2.738000,0.256639,0.188480,0.000000,0.280006,0.000000,-0.261800,0.000000,0.000000
2.740000,0.255139,0.188380,0.000000,0.279430,0.000000,-0.261800,0.000000,0.000000
2.742000,0.253629,0.188280,0.000000,0.278853,0.000000,-0.261800,0.000000,0.000000
2.744000,0.252108,0.188181,0.000000,0.278275,0.000000,-0.261800,0.000000,0.000000
2.746000,0.250578,0.188083,0.000000,0.277696,0.000000,-0.261800,0.000000,0.000000
2.748000,0.249037,0.187986,0.000000,0.277117,0.000000,-0.261800,0.000000,0.000000
2.750000,0.247487,0.187890,0.000000,0.276537,0.000000,-0.261800,0.000000,0.000000
2.752000,0.245927,0.187794,0.000000,0.275956,0.000000,-0.261800,0.000000,0.000000
2.754000,0.244358,0.187699,0.000000,0.275374,0.000000,-0.261800,0.000000,0.000000
2.756000,0.242779,0.187604,0.000000,0.274792,0.000000,-0.261800,0.000000,0.000000
2.758000,0.241190,0.187511,0.000000,0.274209,0.000000,-0.261800,0.000000,0.000000
2.760000,0.239591,0.187418,0.000000,0.273625,0.000000,-0.261800,0.000000,0.000000
2.762000,0.237984,0.187326,0.000000,0.273040,0.000000,-0.261800,0.000000,0.000000
2.764000,0.236366,0.187234,0.000000,0.272455,0.000000,-0.261800,0.000000,0.000000
2.766000,0.234740,0.187144,0.000000,0.271869,0.000000,-0.261800,0.000000,0.000000
2.768000,0.233104,0.187054,0.000000,0.271282,0.000000,-0.261800,0.000000,0.000000
2.770000,0.231459,0.186964,0.000000,0.270695,0.000000,-0.261800,0.000000,0.000000
2.772000,0.229805,0.186876,0.000000,0.270107,0.000000,-0.261800,0.000000,0.000000
2.774000,0.228142,0.186788,0.000000,0.269518,0.000000,-0.261800,0.000000,0.000000
2.776000,0.226470,0.186701,0.000000,0.268929,0.000000,-0.261800,0.000000,0.000000
2.778000,0.224788,0.186615,0.000000,0.268338,0.000000,-0.261800,0.000000,0.000000
2.780000,0.223098,0.186530,0.000000,0.267748,0.000000,-0.261800,0.000000,0.000000
2.782000,0.221400,0.186445,0.000000,0.267156,0.000000,-0.261800,0.000000,0.000000
2.784000,0.219692,0.186361,0.000000,0.266564,0.000000,-0.261800,0.000000,0.000000
2.786000,0.217976,0.186277,0.000000,0.265971,0.000000,-0.261800,0.000000,0.000000
2.788000,0.216251,0.186195,0.000000,0.265378,0.000000,-0.261800,0.000000,0.000000
2.790000,0.214517,0.186113,0.000000,0.264783,0.000000,-0.261800,0.000000,0.000000
2.792000,0.212776,0.186032,0.000000,0.264189,0.000000,-0.261800,0.000000,0.000000
2.794000,0.211025,0.185952,0.000000,0.263593,0.000000,-0.261800,0.000000,0.000000
2.796000,0.209267,0.185872,0.000000,0.262997,0.000000,-0.261800,0.000000,0.000000
2.798000,0.207500,0.185794,0.000000,0.262401,0.000000,-0.261800,0.000000,0.000000
2.800000,0.205725,0.185715,0.000000,0.261803,0.000000,-0.261800,0.000000,0.000000
2.802000,0.203942,0.185638,0.000000,0.261206,0.000000,-0.261800,0.000000,0.000000
2.804000,0.202150,0.185562,0.000000,0.260607,0.000000,-0.261800,0.000000,0.000000
2.806000,0.200351,0.185486,0.000000,0.260008,0.000000,-0.261800,0.000000,0.000000
2.808000,0.198544,0.185411,0.000000,0.259408,0.000000,-0.261800,0.000000,0.000000
2.810000,0.196729,0.185337,0.000000,0.258808,0.000000,-0.261800,0.000000,0.000000
2.812000,0.194906,0.185263,0.000000,0.258207,0.000000,-0.261800,0.000000,0.000000
2.814000,0.193076,0.185190,0.000000,0.257606,0.000000,-0.261800,0.000000,0.000000
2.816000,0.191238,0.185118,0.000000,0.257004,0.000000,-0.261800,0.000000,0.000000
2.818000,0.189392,0.185047,0.000000,0.256401,0.000000,-0.261800,0.000000,0.000000
2.820000,0.187539,0.184977,0.000000,0.255798,0.000000,-0.261800,0.000000,0.000000
2.822000,0.185679,0.184907,0.000000,0.255195,0.000000,-0.261800,0.000000,0.000000
2.824000,0.183811,0.184838,0.000000,0.254590,0.000000,-0.261800,0.000000,0.000000
2.826000,0.181936,0.184770,0.000000,0.253986,0.000000,-0.261800,0.000000,0.000000
2.828000,0.180054,0.184702,0.000000,0.253380,0.000000,-0.261800,0.000000,0.000000
2.830000,0.178164,0.184635,0.000000,0.252775,0.000000,-0.261800,0.000000,0.000000
2.832000,0.176268,0.184569,0.000000,0.252168,0.000000,-0.261800,0.000000,0.000000
2.834000,0.174365,0.184504,0.000000,0.251561,0.000000,-0.261800,0.000000,0.000000
2.836000,0.172455,0.184440,0.000000,0.250954,0.000000,-0.261800,0.000000,0.000000
2.838000,0.170538,0.184376,0.000000,0.250346,0.000000,-0.261800,0.000000,0.000000
2.840000,0.168614,0.184313,0.000000,0.249738,0.000000,-0.261800,0.000000,0.000000
2.842000,0.166683,0.184251,0.000000,0.249129,0.000000,-0.261800,0.000000,0.000000
2.844000,0.164746,0.184190,0.000000,0.248520,0.000000,-0.261800,0.000000,0.000000
2.846000,0.162803,0.184129,0.000000,0.247910,0.000000,-0.261800,0.000000,0.000000
2.848000,0.160853,0.184069,0.000000,0.247300,0.000000,-0.261800,0.000000,0.000000
2.850000,0.158897,0.184010,0.000000,0.246689,0.000000,-0.261800,0.000000,0.000000
2.852000,0.156934,0.183952,0.000000,0.246078,0.000000,-0.261800,0.000000,0.000000
2.854000,0.154965,0.183895,0.000000,0.245466,0.000000,-0.261800,0.000000,0.000000
2.856000,0.152991,0.183838,0.000000,0.244854,0.000000,-0.261800,0.000000,0.000000
2.858000,0.151010,0.183782,0.000000,0.244242,0.000000,-0.261800,0.000000,0.000000
2.860000,0.149023,0.183727,0.000000,0.243629,0.000000,-0.261800,0.000000,0.000000
2.862000,0.147030,0.183672,0.000000,0.243015,0.000000,-0.261800,0.000000,0.000000
2.864000,0.145031,0.183619,0.000000,0.242401,0.000000,-0.261800,0.000000,0.000000
2.866000,0.143027,0.183566,0.000000,0.241787,0.000000,-0.261800,0.000000,0.000000
2.868000,0.141017,0.183514,0.000000,0.241173,0.000000,-0.261800,0.000000,0.000000
2.870000,0.139002,0.183462,0.000000,0.240557,0.000000,-0.261800,0.000000,0.000000
2.872000,0.136981,0.183412,0.000000,0.239942,0.000000,-0.261800,0.000000,0.000000
2.874000,0.134954,0.183362,0.000000,0.239326,0.000000,-0.261800,0.000000,0.000000
2.876000,0.132923,0.183313,0.000000,0.238710,0.000000,-0.261800,0.000000,0.000000
2.878000,0.130886,0.183265,0.000000,0.238093,0.000000,-0.261800,0.000000,0.000000
2.880000,0.128844,0.183217,0.000000,0.237476,0.000000,-0.261800,0.000000,0.000000
2.882000,0.126796,0.183170,0.000000,0.236859,0.000000,-0.261800,0.000000,0.000000
2.884000,0.124744,0.183124,0.000000,0.236241,0.000000,-0.261800,0.000000,0.000000
2.886000,0.122687,0.183079,0.000000,0.235623,0.000000,-0.261800,0.000000,0.000000
2.888000,0.120625,0.183035,0.000000,0.235005,0.000000,-0.261800,0.000000,0.000000
2.890000,0.118558,0.182991,0.000000,0.234386,0.000000,-0.261800,0.000000,0.000000
2.892000,0.116487,0.182948,0.000000,0.233767,0.000000,-0.261800,0.000000,0.000000
2.894000,0.114411,0.182906,0.000000,0.233147,0.000000,-0.261800,0.000000,0.000000
2.896000,0.112330,0.182865,0.000000,0.232527,0.000000,-0.261800,0.000000,0.000000
2.898000,0.110245,0.182825,0.000000,0.231907,0.000000,-0.261800,0.000000,0.000000
2.900000,0.108156,0.182785,0.000000,0.231287,0.000000,-0.261800,0.000000,0.000000
2.902000,0.106062,0.182746,0.000000,0.230666,0.000000,-0.261800,0.000000,0.000000
2.904000,0.103965,0.182708,0.000000,0.230045,0.000000,-0.261800,0.000000,0.000000
2.906000,0.101863,0.182670,0.000000,0.229424,0.000000,-0.261800,0.000000,0.000000
2.908000,0.099757,0.182634,0.000000,0.228802,0.000000,-0.261800,0.000000,0.000000
2.910000,0.097647,0.182598,0.000000,0.228180,0.000000,-0.261800,0.000000,0.000000
2.912000,0.095533,0.182563,0.000000,0.227558,0.000000,-0.261800,0.000000,0.000000
2.914000,0.093416,0.182529,0.000000,0.226936,0.000000,-0.261800,0.000000,0.000000
2.916000,0.091295,0.182495,0.000000,0.226313,0.000000,-0.261800,0.000000,0.000000
2.918000,0.089170,0.182463,0.000000,0.225690,0.000000,-0.261800,0.000000,0.000000
2.920000,0.087041,0.182431,0.000000,0.225067,0.000000,-0.261800,0.000000,0.000000
2.922000,0.084910,0.182400,0.000000,0.224443,0.000000,-0.261800,0.000000,0.000000
2.924000,0.082775,0.182369,0.000000,0.223819,0.000000,-0.261800,0.000000,0.000000
2.926000,0.080636,0.182340,0.000000,0.223195,0.000000,-0.261800,0.000000,0.000000
2.928000,0.078495,0.182311,0.000000,0.222571,0.000000,-0.261800,0.000000,0.000000
2.930000,0.076350,0.182283,0.000000,0.221947,0.000000,-0.261800,0.000000,0.000000
2.932000,0.074202,0.182256,0.000000,0.221322,0.000000,-0.261800,0.000000,0.000000
2.934000,0.072052,0.182230,0.000000,0.220697,0.000000,-0.261800,0.000000,0.000000
2.936000,0.069898,0.182204,0.000000,0.220072,0.000000,-0.261800,0.000000,0.000000
2.938000,0.067742,0.182179,0.000000,0.219447,0.000000,-0.261800,0.000000,0.000000
2.940000,0.065583,0.182155,0.000000,0.218822,0.000000,-0.261800,0.000000,0.000000
2.942000,0.063422,0.182132,0.000000,0.218196,0.000000,-0.261800,0.000000,0.000000
2.944000,0.061258,0.182109,0.000000,0.217570,0.000000,-0.261800,0.000000,0.000000
2.946000,0.059092,0.182088,0.000000,0.216944,0.000000,-0.261800,0.000000,0.000000
2.948000,0.056923,0.182067,0.000000,0.216318,0.000000,-0.261800,0.000000,0.000000
2.950000,0.054752,0.182047,0.000000,0.215692,0.000000,-0.261800,0.000000,0.000000
2.952000,0.052579,0.182027,0.000000,0.215065,0.000000,-0.261800,0.000000,0.000000
2.954000,0.050404,0.182009,0.000000,0.214439,0.000000,-0.261800,0.000000,0.000000
2.956000,0.048227,0.181991,0.000000,0.213812,0.000000,-0.261800,0.000000,0.000000
2.958000,0.046048,0.181974,0.000000,0.213185,0.000000,-0.261800,0.000000,0.000000
2.960000,0.043867,0.181958,0.000000,0.212558,0.000000,-0.261800,0.000000,0.000000
2.962000,0.041684,0.181942,0.000000,0.211931,0.000000,-0.261800,0.000000,0.000000
2.964000,0.039500,0.181928,0.000000,0.211304,0.000000,-0.261800,0.000000,0.000000
2.966000,0.037314,0.181914,0.000000,0.210676,0.000000,-0.261800,0.000000,0.000000
2.968000,0.035127,0.181901,0.000000,0.210049,0.000000,-0.261800,0.000000,0.000000
2.970000,0.032938,0.181889,0.000000,0.209421,0.000000,-0.261800,0.000000,0.000000
2.972000,0.030748,0.181877,0.000000,0.208794,0.000000,-0.261800,0.000000,0.000000
2.974000,0.028557,0.181867,0.000000,0.208166,0.000000,-0.261800,0.000000,0.000000
2.976000,0.026364,0.181857,0.000000,0.207538,0.000000,-0.261800,0.000000,0.000000
2.978000,0.024171,0.181848,0.000000,0.206910,0.000000,-0.261800,0.000000,0.000000
2.980000,0.021977,0.181839,0.000000,0.206282,0.000000,-0.261800,0.000000,0.000000
2.982000,0.019781,0.181832,0.000000,0.205654,0.000000,-0.261800,0.000000,0.000000
2.984000,0.017586,0.181825,0.000000,0.205026,0.000000,-0.261800,0.000000,0.000000
2.986000,0.015389,0.181819,0.000000,0.204398,0.000000,-0.261800,0.000000,0.000000
2.988000,0.013192,0.181814,0.000000,0.203770,0.000000,-0.261800,0.000000,0.000000
2.990000,0.010994,0.181810,0.000000,0.203141,0.000000,-0.261800,0.000000,0.000000
2.992000,0.008796,0.181806,0.000000,0.202513,0.000000,-0.261800,0.000000,0.000000
2.994000,0.006597,0.181804,0.000000,0.201885,0.000000,-0.261800,0.000000,0.000000
2.996000,0.004398,0.181802,0.000000,0.201257,0.000000,-0.261800,0.000000,0.000000
2.998000,0.002199,0.181800,0.000000,0.200628,0.000000,-0.261800,0.000000,0.000000
3.000000,0.000000,0.181800,0.000000,0.200000,0.000000,-0.261800,0.000000,0.000000
3.002000,-0.002199,0.181800,0.000000,0.199372,0.000000,-0.261800,0.000000,0.000000
3.004000,-0.004398,0.181802,0.000000,0.198743,0.000000,-0.261800,0.000000,0.000000
3.006000,-0.006597,0.181804,0.000000,0.198115,0.000000,-0.261800,0.000000,0.000000
3.008000,-0.008796,0.181806,0.000000,0.197487,0.000000,-0.261800,0.000000,0.000000
3.010000,-0.010994,0.181810,0.000000,0.196859,0.000000,-0.261800,0.000000,0.000000
3.012000,-0.013192,0.181814,0.000000,0.196230,0.000000,-0.261800,0.000000,0.000000
3.014000,-0.015389,0.181819,0.000000,0.195602,0.000000,-0.261800,0.000000,0.000000
3.016000,-0.017586,0.181825,0.000000,0.194974,0.000000,-0.261800,0.000000,0.000000
3.018000,-0.019781,0.181832,0.000000,0.194346,0.000000,-0.261800,0.000000,0.000000
3.020000,-0.021977,0.181839,0.000000,0.193718,0.000000,-0.261800,0.000000,0.000000
3.022000,-0.024171,0.181848,0.000000,0.193090,0.000000,-0.261800,0.000000,0.000000
3.024000,-0.026364,0.181857,0.000000,0.192462,0.000000,-0.261800,0.000000,0.000000
3.026000,-0.028557,0.181867,0.000000,0.191834,0.000000,-0.261800,0.000000,0.000000
3.028000,-0.030748,0.181877,0.000000,0.191206,0.000000,-0.261800,0.000000,0.000000
3.030000,-0.032938,0.181889,0.000000,0.190579,0.000000,-0.261800,0.000000,0.000000
3.032000,-0.035127,0.181901,0.000000,0.189951,0.000000,-0.261800,0.000000,0.000000
3.034000,-0.037314,0.181914,0.000000,0.189324,0.000000,-0.261800,0.000000,0.000000
3.036000,-0.039500,0.181928,0.000000,0.188696,0.000000,-0.261800,0.000000,0.000000
3.038000,-0.041684,0.181942,0.000000,0.188069,0.000000,-0.261800,0.000000,0.000000
3.040000,-0.043867,0.181958,0.000000,0.187442,0.000000,-0.261800,0.000000,0.000000
3.042000,-0.046048,0.181974,0.000000,0.186815,0.000000,-0.261800,0.000000,0.000000
3.044000,-0.048227,0.181991,0.000000,0.186188,0.000000,-0.261800,0.000000,0.000000
3.046000,-0.050404,0.182009,0.000000,0.185561,0.000000,-0.261800,0.000000,0.000000
3.048000,-0.052579,0.182027,0.000000,0.184935,0.000000,-0.261800,0.000000,0.000000
3.050000,-0.054752,0.182047,0.000000,0.184308,0.000000,-0.261800,0.000000,0.000000
3.052000,-0.056923,0.182067,0.000000,0.183682,0.000000,-0.261800,0.000000,0.000000
3.054000,-0.059092,0.182088,0.000000,0.183056,0.000000,-0.261800,0.000000,0.000000
3.056000,-0.061258,0.182109,0.000000,0.182430,0.000000,-0.261800,0.000000,0.000000
3.058000,-0.063422,0.182132,0.000000,0.181804,0.000000,-0.261800,0.000000,0.000000
3.060000,-0.065583,0.182155,0.000000,0.181178,0.000000,-0.261800,0.000000,0.000000
3.062000,-0.067742,0.182179,0.000000,0.180553,0.000000,-0.261800,0.000000,0.000000
3.064000,-0.069898,0.182204,0.000000,0.179928,0.000000,-0.261800,0.000000,0.000000
3.066000,-0.072052,0.182230,0.000000,0.179303,0.000000,-0.261800,0.000000,0.000000
3.068000,-0.074202,0.182256,0.000000,0.178678,0.000000,-0.261800,0.000000,0.000000
3.070000,-0.076350,0.182283,0.000000,0.178053,0.000000,-0.261800,0.000000,0.000000
3.072000,-0.078495,0.182311,0.000000,0.177429,0.000000,-0.261800,0.000000,0.000000
3.074000,-0.080636,0.182340,0.000000,0.176805,0.000000,-0.261800,0.000000,0.000000
3.076000,-0.082775,0.182369,0.000000,0.176181,0.000000,-0.261800,0.000000,0.000000
3.078000,-0.084910,0.182400,0.000000,0.175557,0.000000,-0.261800,0.000000,0.000000
3.080000,-0.087041,0.182431,0.000000,0.174933,0.000000,-0.261800,0.000000,0.000000
3.082000,-0.089170,0.182463,0.000000,0.174310,0.000000,-0.261800,0.000000,0.000000
3.084000,-0.091295,0.182495,0.000000,0.173687,0.000000,-0.261800,0.000000,0.000000
3.086000,-0.093416,0.182529,0.000000,0.173064,0.000000,-0.261800,0.000000,0.000000
3.088000,-0.095533,0.182563,0.000000,0.172442,0.000000,-0.261800,0.000000,0.000000
3.090000,-0.097647,0.182598,0.000000,0.171820,0.000000,-0.261800,0.000000,0.000000
3.092000,-0.099757,0.182634,0.000000,0.171198,0.000000,-0.261800,0.000000,0.000000
3.094000,-0.101863,0.182670,0.000000,0.170576,0.000000,-0.261800,0.000000,0.000000
3.096000,-0.103965,0.182708,0.000000,0.169955,0.000000,-0.261800,0.000000,0.000000
3.098000,-0.106062,0.182746,0.000000,0.169334,0.000000,-0.261800,0.000000,0.000000
3.100000,-0.108156,0.182785,0.000000,0.168713,0.000000,-0.261800,0.000000,0.000000
3.102000,-0.110245,0.182825,0.000000,0.168093,0.000000,-0.261800,0.000000,0.000000
3.104000,-0.112330,0.182865,0.000000,0.167473,0.000000,-0.261800,0.000000,0.000000
3.106000,-0.114411,0.182906,0.000000,0.166853,0.000000,-0.261800,0.000000,0.000000
3.108000,-0.116487,0.182948,0.000000,0.166233,0.000000,-0.261800,0.000000,0.000000
3.110000,-0.118558,0.182991,0.000000,0.165614,0.000000,-0.261800,0.000000,0.000000
3.112000,-0.120625,0.183035,0.000000,0.164995,0.000000,-0.261800,0.000000,0.000000
3.114000,-0.122687,0.183079,0.000000,0.164377,0.000000,-0.261800,0.000000,0.000000
3.116000,-0.124744,0.183124,0.000000,0.163759,0.000000,-0.261800,0.000000,0.000000
3.118000,-0.126796,0.183170,0.000000,0.163141,0.000000,-0.261800,0.000000,0.000000
3.120000,-0.128844,0.183217,0.000000,0.162524,0.000000,-0.261800,0.000000,0.000000
3.122000,-0.130886,0.183265,0.000000,0.161907,0.000000,-0.261800,0.000000,0.000000
3.124000,-0.132923,0.183313,0.000000,0.161290,0.000000,-0.261800,0.000000,0.000000
3.126000,-0.134954,0.183362,0.000000,0.160674,0.000000,-0.261800,0.000000,0.000000
3.128000,-0.136981,0.183412,0.000000,0.160058,0.000000,-0.261800,0.000000,0.000000
3.130000,-0.139002,0.183462,0.000000,0.159443,0.000000,-0.261800,0.000000,0.000000
3.132000,-0.141017,0.183514,0.000000,0.158827,0.000000,-0.261800,0.000000,0.000000
3.134000,-0.143027,0.183566,0.000000,0.158213,0.000000,-0.261800,0.000000,0.000000
3.136000,-0.145031,0.183619,0.000000,0.157599,0.000000,-0.261800,0.000000,0.000000
3.138000,-0.147030,0.183672,0.000000,0.156985,0.000000,-0.261800,0.000000,0.000000
3.140000,-0.149023,0.183727,0.000000,0.156371,0.000000,-0.261800,0.000000,0.000000
3.142000,-0.151010,0.183782,0.000000,0.155758,0.000000,-0.261800,0.000000,0.000000
3.144000,-0.152991,0.183838,0.000000,0.155146,0.000000,-0.261800,0.000000,0.000000
3.146000,-0.154965,0.183895,0.000000,0.154534,0.000000,-0.261800,0.000000,0.000000
3.148000,-0.156934,0.183952,0.000000,0.153922,0.000000,-0.261800,0.000000,0.000000
3.150000,-0.158897,0.184010,0.000000,0.153311,0.000000,-0.261800,0.000000,0.000000
3.152000,-0.160853,0.184069,0.000000,0.152700,0.000000,-0.261800,0.000000,0.000000
3.154000,-0.162803,0.184129,0.000000,0.152090,0.000000,-0.261800,0.000000,0.000000
3.156000,-0.164746,0.184190,0.000000,0.151480,0.000000,-0.261800,0.000000,0.000000
3.158000,-0.166683,0.184251,0.000000,0.150871,0.000000,-0.261800,0.000000,0.000000
3.160000,-0.168614,0.184313,0.000000,0.150262,0.000000,-0.261800,0.000000,0.000000
3.162000,-0.170538,0.184376,0.000000,0.149654,0.000000,-0.261800,0.000000,0.000000
3.164000,-0.172455,0.184440,0.000000,0.149046,0.000000,-0.261800,0.000000,0.000000
3.166000,-0.174365,0.184504,0.000000,0.148439,0.000000,-0.261800,0.000000,0.000000
3.168000,-0.176268,0.184569,0.000000,0.147832,0.000000,-0.261800,0.000000,0.000000
3.170000,-0.178164,0.184635,0.000000,0.147225,0.000000,-0.261800,0.000000,0.000000
3.172000,-0.180054,0.184702,0.000000,0.146620,0.000000,-0.261800,0.000000,0.000000
3.174000,-0.181936,0.184770,0.000000,0.146014,0.000000,-0.261800,0.000000,0.000000
3.176000,-0.183811,0.184838,0.000000,0.145410,0.000000,-0.261800,0.000000,0.000000
3.178000,-0.185679,0.184907,0.000000,0.144805,0.000000,-0.261800,0.000000,0.000000
3.180000,-0.187539,0.184977,0.000000,0.144202,0.000000,-0.261800,0.000000,0.000000
3.182000,-0.189392,0.185047,0.000000,0.143599,0.000000,-0.261800,0.000000,0.000000
3.184000,-0.191238,0.185118,0.000000,0.142996,0.000000,-0.261800,0.000000,0.000000
3.186000,-0.193076,0.185190,0.000000,0.142394,0.000000,-0.261800,0.000000,0.000000
3.188000,-0.194906,0.185263,0.000000,0.141793,0.000000,-0.261800,0.000000,0.000000
3.190000,-0.196729,0.185337,0.000000,0.141192,0.000000,-0.261800,0.000000,0.000000
3.192000,-0.198544,0.185411,0.000000,0.140592,0.000000,-0.261800,0.000000,0.000000
3.194000,-0.200351,0.185486,0.000000,0.139992,0.000000,-0.261800,0.000000,0.000000
3.196000,-0.202150,0.185562,0.000000,0.139393,0.000000,-0.261800,0.000000,0.000000
3.198000,-0.203942,0.185638,0.000000,0.138794,0.000000,-0.261800,0.000000,0.000000
3.200000,-0.205725,0.185715,0.000000,0.138197,0.000000,-0.261800,0.000000,0.000000
3.202000,-0.207500,0.185794,0.000000,0.137599,0.000000,-0.261800,0.000000,0.000000
3.204000,-0.209267,0.185872,0.000000,0.137003,0.000000,-0.261800,0.000000,0.000000
3.206000,-0.211025,0.185952,0.000000,0.136407,0.000000,-0.261800,0.000000,0.000000
3.208000,-0.212776,0.186032,0.000000,0.135811,0.000000,-0.261800,0.000000,0.000000
3.210000,-0.214517,0.186113,0.000000,0.135217,0.000000,-0.261800,0.000000,0.000000
3.212000,-0.216251,0.186195,0.000000,0.134622,0.000000,-0.261800,0.000000,0.000000
3.214000,-0.217976,0.186277,0.000000,0.134029,0.000000,-0.261800,0.000000,0.000000
3.216000,-0.219692,0.186361,0.000000,0.133436,0.000000,-0.261800,0.000000,0.000000
3.218000,-0.221400,0.186445,0.000000,0.132844,0.000000,-0.261800,0.000000,0.000000
3.220000,-0.223098,0.186530,0.000000,0.132252,0.000000,-0.261800,0.000000,0.000000
3.222000,-0.224788,0.186615,0.000000,0.131662,0.000000,-0.261800,0.000000,0.000000
3.224000,-0.226470,0.186701,0.000000,0.131071,0.000000,-0.261800,0.000000,0.000000
3.226000,-0.228142,0.186788,0.000000,0.130482,0.000000,-0.261800,0.000000,0.000000
3.228000,-0.229805,0.186876,0.000000,0.129893,0.000000,-0.261800,0.000000,0.000000
3.230000,-0.231459,0.186964,0.000000,0.129305,0.000000,-0.261800,0.000000,0.000000
3.232000,-0.233104,0.187054,0.000000,0.128718,0.000000,-0.261800,0.000000,0.000000
3.234000,-0.234740,0.187144,0.000000,0.128131,0.000000,-0.261800,0.000000,0.000000
3.236000,-0.236366,0.187234,0.000000,0.127545,0.000000,-0.261800,0.000000,0.000000
3.238000,-0.237984,0.187326,0.000000,0.126960,0.000000,-0.261800,0.000000,0.000000
3.240000,-0.239591,0.187418,0.000000,0.126375,0.000000,-0.261800,0.000000,0.000000
3.242000,-0.241190,0.187511,0.000000,0.125791,0.000000,-0.261800,0.000000,0.000000
3.244000,-0.242779,0.187604,0.000000,0.125208,0.000000,-0.261800,0.000000,0.000000
3.246000,-0.244358,0.187699,0.000000,0.124626,0.000000,-0.261800,0.000000,0.000000
3.248000,-0.245927,0.187794,0.000000,0.124044,0.000000,-0.261800,0.000000,0.000000
3.250000,-0.247487,0.187890,0.000000,0.123463,0.000000,-0.261800,0.000000,0.000000
3.252000,-0.249037,0.187986,0.000000,0.122883,0.000000,-0.261800,0.000000,0.000000
3.254000,-0.250578,0.188083,0.000000,0.122304,0.000000,-0.261800,0.000000,0.000000
3.256000,-0.252108,0.188181,0.000000,0.121725,0.000000,-0.261800,0.000000,0.000000
3.258000,-0.253629,0.188280,0.000000,0.121147,0.000000,-0.261800,0.000000,0.000000
3.260000,-0.255139,0.188380,0.000000,0.120570,0.000000,-0.261800,0.000000,0.000000
3.262000,-0.256639,0.188480,0.000000,0.119994,0.000000,-0.261800,0.000000,0.000000
3.264000,-0.258130,0.188581,0.000000,0.119419,0.000000,-0.261800,0.000000,0.000000
3.266000,-0.259610,0.188682,0.000000,0.118844,0.000000,-0.261800,0.000000,0.000000
3.268000,-0.261079,0.188785,0.000000,0.118270,0.000000,-0.261800,0.000000,0.000000
3.270000,-0.262539,0.188888,0.000000,0.117697,0.000000,-0.261800,0.000000,0.000000
3.272000,-0.263988,0.188992,0.000000,0.117125,0.000000,-0.261800,0.000000,0.000000
3.274000,-0.265427,0.189096,0.000000,0.116553,0.000000,-0.261800,0.000000,0.000000
3.276000,-0.266855,0.189201,0.000000,0.115983,0.000000,-0.261800,0.000000,0.000000
3.278000,-0.268273,0.189307,0.000000,0.115413,0.000000,-0.261800,0.000000,0.000000
3.280000,-0.269680,0.189414,0.000000,0.114844,0.000000,-0.261800,0.000000,0.000000
3.282000,-0.271076,0.189521,0.000000,0.114276,0.000000,-0.261800,0.000000,0.000000
3.284000,-0.272462,0.189629,0.000000,0.113709,0.000000,-0.261800,0.000000,0.000000
3.286000,-0.273837,0.189738,0.000000,0.113142,0.000000,-0.261800,0.000000,0.000000
3.288000,-0.275201,0.189848,0.000000,0.112577,0.000000,-0.261800,0.000000,0.000000
3.290000,-0.276554,0.189958,0.000000,0.112012,0.000000,-0.261800,0.000000,0.000000
3.292000,-0.277897,0.190069,0.000000,0.111448,0.000000,-0.261800,0.000000,0.000000
3.294000,-0.279228,0.190180,0.000000,0.110885,0.000000,-0.261800,0.000000,0.000000
3.296000,-0.280548,0.190293,0.000000,0.110323,0.000000,-0.261800,0.000000,0.000000
3.298000,-0.281858,0.190406,0.000000,0.109762,0.000000,-0.261800,0.000000,0.000000
3.300000,-0.283156,0.190519,0.000000,0.109202,0.000000,-0.261800,0.000000,0.000000
3.302000,-0.284443,0.190634,0.000000,0.108643,0.000000,-0.261800,0.000000,0.000000
3.304000,-0.285719,0.190749,0.000000,0.108084,0.000000,-0.261800,0.000000,0.000000
3.306000,-0.286983,0.190865,0.000000,0.107526,0.000000,-0.261800,0.000000,0.000000
3.308000,-0.288236,0.190981,0.000000,0.106970,0.000000,-0.261800,0.000000,0.000000
3.310000,-0.289478,0.191099,0.000000,0.106414,0.000000,-0.261800,0.000000,0.000000
3.312000,-0.290709,0.191217,0.000000,0.105859,0.000000,-0.261800,0.000000,0.000000
3.314000,-0.291927,0.191335,0.000000,0.105305,0.000000,-0.261800,0.000000,0.000000
3.316000,-0.293135,0.191455,0.000000,0.104752,0.000000,-0.261800,0.000000,0.000000
3.318000,-0.294331,0.191575,0.000000,0.104200,0.000000,-0.261800,0.000000,0.000000
3.320000,-0.295515,0.191695,0.000000,0.103649,0.000000,-0.261800,0.000000,0.000000
3.322000,-0.296687,0.191817,0.000000,0.103099,0.000000,-0.261800,0.000000,0.000000
3.324000,-0.297848,0.191939,0.000000,0.102550,0.000000,-0.261800,0.000000,0.000000
3.326000,-0.298997,0.192062,0.000000,0.102002,0.000000,-0.261800,0.000000,0.000000
3.328000,-0.300134,0.192185,0.000000,0.101455,0.000000,-0.261800,0.000000,0.000000
3.330000,-0.301260,0.192309,0.000000,0.100908,0.000000,-0.261800,0.000000,0.000000
3.332000,-0.302373,0.192434,0.000000,0.100363,0.000000,-0.261800,0.000000,0.000000
3.334000,-0.303475,0.192560,0.000000,0.099819,0.000000,-0.261800,0.000000,0.000000
3.336000,-0.304564,0.192686,0.000000,0.099275,0.000000,-0.261800,0.000000,0.000000
3.338000,-0.305642,0.192813,0.000000,0.098733,0.000000,-0.261800,0.000000,0.000000
3.340000,-0.306707,0.192941,0.000000,0.098192,0.000000,-0.261800,0.000000,0.000000
3.342000,-0.307761,0.193069,0.000000,0.097651,0.000000,-0.261800,0.000000,0.000000
3.344000,-0.308802,0.193198,0.000000,0.097112,0.000000,-0.261800,0.000000,0.000000
3.346000,-0.309831,0.193327,0.000000,0.096574,0.000000,-0.261800,0.000000,0.000000
3.348000,-0.310848,0.193458,0.000000,0.096037,0.000000,-0.261800,0.000000,0.000000
3.350000,-0.311852,0.193589,0.000000,0.095500,0.000000,-0.261800,0.000000,0.000000
3.352000,-0.312844,0.193720,0.000000,0.094965,0.000000,-0.261800,0.000000,0.000000
3.354000,-0.313824,0.193853,0.000000,0.094431,0.000000,-0.261800,0.000000,0.000000
3.356000,-0.314792,0.193986,0.000000,0.093898,0.000000,-0.261800,0.000000,0.000000
3.358000,-0.315747,0.194119,0.000000,0.093366,0.000000,-0.261800,0.000000,0.000000
3.360000,-0.316689,0.194254,0.000000,0.092835,0.000000,-0.261800,0.000000,0.000000
3.362000,-0.317620,0.194389,0.000000,0.092305,0.000000,-0.261800,0.000000,0.000000
3.364000,-0.318537,0.194524,0.000000,0.091776,0.000000,-0.261800,0.000000,0.000000
3.366000,-0.319442,0.194661,0.000000,0.091248,0.000000,-0.261800,0.000000,0.000000
3.368000,-0.320334,0.194798,0.000000,0.090721,0.000000,-0.261800,0.000000,0.000000
3.370000,-0.321214,0.194935,0.000000,0.090195,0.000000,-0.261800,0.000000,0.000000
3.372000,-0.322081,0.195074,0.000000,0.089671,0.000000,-0.261800,0.000000,0.000000
3.374000,-0.322935,0.195213,0.000000,0.089147,0.000000,-0.261800,0.000000,0.000000
3.376000,-0.323777,0.195352,0.000000,0.088625,0.000000,-0.261800,0.000000,0.000000
3.378000,-0.324606,0.195493,0.000000,0.088104,0.000000,-0.261800,0.000000,0.000000
3.380000,-0.325422,0.195634,0.000000,0.087583,0.000000,-0.261800,0.000000,0.000000
3.382000,-0.326225,0.195775,0.000000,0.087064,0.000000,-0.261800,0.000000,0.000000
3.384000,-0.327015,0.195917,0.000000,0.086546,0.000000,-0.261800,0.000000,0.000000
3.386000,-0.327792,0.196060,0.000000,0.086029,0.000000,-0.261800,0.000000,0.000000
3.388000,-0.328557,0.196204,0.000000,0.085514,0.000000,-0.261800,0.000000,0.000000
3.390000,-0.329308,0.196348,0.000000,0.084999,0.000000,-0.261800,0.000000,0.000000
3.392000,-0.330047,0.196493,0.000000,0.084485,0.000000,-0.261800,0.000000,0.000000
3.394000,-0.330772,0.196638,0.000000,0.083973,0.000000,-0.261800,0.000000,0.000000
3.396000,-0.331484,0.196784,0.000000,0.083462,0.000000,-0.261800,0.000000,0.000000
3.398000,-0.332184,0.196931,0.000000,0.082952,0.000000,-0.261800,0.000000,0.000000
3.400000,-0.332870,0.197079,0.000000,0.082443,0.000000,-0.261800,0.000000,0.000000
3.402000,-0.333543,0.197227,0.000000,0.081935,0.000000,-0.261800,0.000000,0.000000
3.404000,-0.334203,0.197375,0.000000,0.081429,0.000000,-0.261800,0.000000,0.000000
3.406000,-0.334849,0.197525,0.000000,0.080923,0.000000,-0.261800,0.000000,0.000000
3.408000,-0.335483,0.197675,0.000000,0.080419,0.000000,-0.261800,0.000000,0.000000
3.410000,-0.336103,0.197825,0.000000,0.079916,0.000000,-0.261800,0.000000,0.000000
3.412000,-0.336710,0.197976,0.000000,0.079414,0.000000,-0.261800,0.000000,0.000000
3.414000,-0.337303,0.198128,0.000000,0.078913,0.000000,-0.261800,0.000000,0.000000
3.416000,-0.337884,0.198281,0.000000,0.078414,0.000000,-0.261800,0.000000,0.000000
3.418000,-0.338451,0.198434,0.000000,0.077916,0.000000,-0.261800,0.000000,0.000000
3.420000,-0.339004,0.198588,0.000000,0.077419,0.000000,-0.261800,0.000000,0.000000
3.422000,-0.339544,0.198742,0.000000,0.076923,0.000000,-0.261800,0.000000,0.000000
3.424000,-0.340071,0.198897,0.000000,0.076428,0.000000,-0.261800,0.000000,0.000000
3.426000,-0.340584,0.199053,0.000000,0.075935,0.000000,-0.261800,0.000000,0.000000
3.428000,-0.341084,0.199209,0.000000,0.075442,0.000000,-0.261800,0.000000,0.000000
3.430000,-0.341571,0.199366,0.000000,0.074951,0.000000,-0.261800,0.000000,0.000000
3.432000,-0.342044,0.199523,0.000000,0.074462,0.000000,-0.261800,0.000000,0.000000
3.434000,-0.342503,0.199681,0.000000,0.073973,0.000000,-0.261800,0.000000,0.000000
3.436000,-0.342949,0.199840,0.000000,0.073486,0.000000,-0.261800,0.000000,0.000000
3.438000,-0.343382,0.199999,0.000000,0.073000,0.000000,-0.261800,0.000000,0.000000
3.440000,-0.343801,0.200159,0.000000,0.072515,0.000000,-0.261800,0.000000,0.000000
3.442000,-0.344206,0.200319,0.000000,0.072032,0.000000,-0.261800,0.000000,0.000000
3.444000,-0.344598,0.200481,0.000000,0.071549,0.000000,-0.261800,0.000000,0.000000
3.446000,-0.344976,0.200642,0.000000,0.071069,0.000000,-0.261800,0.000000,0.000000
3.448000,-0.345340,0.200805,0.000000,0.070589,0.000000,-0.261800,0.000000,0.000000
3.450000,-0.345691,0.200968,0.000000,0.070110,0.000000,-0.261800,0.000000,0.000000
3.452000,-0.346028,0.201131,0.000000,0.069633,0.000000,-0.261800,0.000000,0.000000
3.454000,-0.346352,0.201295,0.000000,0.069157,0.000000,-0.261800,0.000000,0.000000
3.456000,-0.346661,0.201460,0.000000,0.068683,0.000000,-0.261800,0.000000,0.000000
3.458000,-0.346958,0.201625,0.000000,0.068210,0.000000,-0.261800,0.000000,0.000000
3.460000,-0.347240,0.201791,0.000000,0.067738,0.000000,-0.261800,0.000000,0.000000
3.462000,-0.347509,0.201958,0.000000,0.067267,0.000000,-0.261800,0.000000,0.000000
3.464000,-0.347764,0.202125,0.000000,0.066798,0.000000,-0.261800,0.000000,0.000000
3.466000,-0.348005,0.202292,0.000000,0.066330,0.000000,-0.261800,0.000000,0.000000
3.468000,-0.348233,0.202461,0.000000,0.065863,0.000000,-0.261800,0.000000,0.000000
3.470000,-0.348447,0.202630,0.000000,0.065397,0.000000,-0.261800,0.000000,0.000000
3.472000,-0.348647,0.202799,0.000000,0.064933,0.000000,-0.261800,0.000000,0.000000
3.474000,-0.348833,0.202969,0.000000,0.064471,0.000000,-0.261800,0.000000,0.000000
3.476000,-0.349006,0.203140,0.000000,0.064009,0.000000,-0.261800,0.000000,0.000000
3.478000,-0.349164,0.203311,0.000000,0.063549,0.000000,-0.261800,0.000000,0.000000
3.480000,-0.349309,0.203483,0.000000,0.063091,0.000000,-0.261800,0.000000,0.000000
3.482000,-0.349441,0.203655,0.000000,0.062633,0.000000,-0.261800,0.000000,0.000000
3.484000,-0.349558,0.203828,0.000000,0.062177,0.000000,-0.261800,0.000000,0.000000
3.486000,-0.349662,0.204001,0.000000,0.061723,0.000000,-0.261800,0.000000,0.000000
3.488000,-0.349751,0.204175,0.000000,0.061269,0.000000,-0.261800,0.000000,0.000000
3.490000,-0.349827,0.204350,0.000000,0.060817,0.000000,-0.261800,0.000000,0.000000
3.492000,-0.349889,0.204525,0.000000,0.060367,0.000000,-0.261800,0.000000,0.000000
3.494000,-0.349938,0.204701,0.000000,0.059918,0.000000,-0.261800,0.000000,0.000000
3.496000,-0.349972,0.204877,0.000000,0.059470,0.000000,-0.261800,0.000000,0.000000
3.498000,-0.349993,0.205054,0.000000,0.059024,0.000000,-0.261800,0.000000,0.000000
3.500000,-0.350000,0.205231,0.000000,0.058579,0.000000,-0.261800,0.000000,0.000000
3.502000,-0.349993,0.205409,0.000000,0.058135,0.000000,-0.261800,0.000000,0.000000
3.504000,-0.349972,0.205588,0.000000,0.057693,0.000000,-0.261800,0.000000,0.000000
3.506000,-0.349938,0.205767,0.000000,0.057252,0.000000,-0.261800,0.000000,0.000000
3.508000,-0.349889,0.205947,0.000000,0.056813,0.000000,-0.261800,0.000000,0.000000
3.510000,-0.349827,0.206127,0.000000,0.056375,0.000000,-0.261800,0.000000,0.000000
3.512000,-0.349751,0.206308,0.000000,0.055938,0.000000,-0.261800,0.000000,0.000000
3.514000,-0.349662,0.206489,0.000000,0.055503,0.000000,-0.261800,0.000000,0.000000
3.516000,-0.349558,0.206671,0.000000,0.055069,0.000000,-0.261800,0.000000,0.000000
3.518000,-0.349441,0.206853,0.000000,0.054637,0.000000,-0.261800,0.000000,0.000000
3.520000,-0.349309,0.207036,0.000000,0.054206,0.000000,-0.261800,0.000000,0.000000
3.522000,-0.349164,0.207220,0.000000,0.053777,0.000000,-0.261800,0.000000,0.000000
3.524000,-0.349006,0.207404,0.000000,0.053349,0.000000,-0.261800,0.000000,0.000000
3.526000,-0.348833,0.207588,0.000000,0.052922,0.000000,-0.261800,0.000000,0.000000
3.528000,-0.348647,0.207773,0.000000,0.052497,0.000000,-0.261800,0.000000,0.000000
3.530000,-0.348447,0.207959,0.000000,0.052074,0.000000,-0.261800,0.000000,0.000000
3.532000,-0.348233,0.208145,0.000000,0.051652,0.000000,-0.261800,0.000000,0.000000
3.534000,-0.348005,0.208332,0.000000,0.051231,0.000000,-0.261800,0.000000,0.000000
3.536000,-0.347764,0.208519,0.000000,0.050812,0.000000,-0.261800,0.000000,0.000000
3.538000,-0.347509,0.208707,0.000000,0.050394,0.000000,-0.261800,0.000000,0.000000
3.540000,-0.347240,0.208895,0.000000,0.049978,0.000000,-0.261800,0.000000,0.000000
3.542000,-0.346958,0.209084,0.000000,0.049563,0.000000,-0.261800,0.000000,0.000000
3.544000,-0.346661,0.209273,0.000000,0.049150,0.000000,-0.261800,0.000000,0.000000
3.546000,-0.346352,0.209463,0.000000,0.048738,0.000000,-0.261800,0.000000,0.000000
3.548000,-0.346028,0.209653,0.000000,0.048328,0.000000,-0.261800,0.000000,0.000000
3.550000,-0.345691,0.209844,0.000000,0.047919,0.000000,-0.261800,0.000000,0.000000
3.552000,-0.345340,0.210036,0.000000,0.047511,0.000000,-0.261800,0.000000,0.000000
3.554000,-0.344976,0.210227,0.000000,0.047106,0.000000,-0.261800,0.000000,0.000000
3.556000,-0.344598,0.210420,0.000000,0.046701,0.000000,-0.261800,0.000000,0.000000
3.558000,-0.344206,0.210613,0.000000,0.046299,0.000000,-0.261800,0.000000,0.000000
3.560000,-0.343801,0.210806,0.000000,0.045897,0.000000,-0.261800,0.000000,0.000000
3.562000,-0.343382,0.211000,0.000000,0.045498,0.000000,-0.261800,0.000000,0.000000
3.564000,-0.342949,0.211194,0.000000,0.045099,0.000000,-0.261800,0.000000,0.000000
3.566000,-0.342503,0.211389,0.000000,0.044703,0.000000,-0.261800,0.000000,0.000000
3.568000,-0.342044,0.211585,0.000000,0.044308,0.000000,-0.261800,0.000000,0.000000
3.570000,-0.341571,0.211781,0.000000,0.043914,0.000000,-0.261800,0.000000,0.000000
3.572000,-0.341084,0.211977,0.000000,0.043522,0.000000,-0.261800,0.000000,0.000000
3.574000,-0.340584,0.212174,0.000000,0.043131,0.000000,-0.261800,0.000000,0.000000
3.576000,-0.340071,0.212371,0.000000,0.042742,0.000000,-0.261800,0.000000,0.000000
3.578000,-0.339544,0.212569,0.000000,0.042355,0.000000,-0.261800,0.000000,0.000000
3.580000,-0.339004,0.212767,0.000000,0.041969,0.000000,-0.261800,0.000000,0.000000
3.582000,-0.338451,0.212966,0.000000,0.041585,0.000000,-0.261800,0.000000,0.000000
3.584000,-0.337884,0.213166,0.000000,0.041202,0.000000,-0.261800,0.000000,0.000000
3.586000,-0.337303,0.213365,0.000000,0.040821,0.000000,-0.261800,0.000000,0.000000
3.588000,-0.336710,0.213566,0.000000,0.040441,0.000000,-0.261800,0.000000,0.000000
3.590000,-0.336103,0.213766,0.000000,0.040063,0.000000,-0.261800,0.000000,0.000000
3.592000,-0.335483,0.213968,0.000000,0.039687,0.000000,-0.261800,0.000000,0.000000
3.594000,-0.334849,0.214169,0.000000,0.039312,0.000000,-0.261800,0.000000,0.000000
3.596000,-0.334203,0.214371,0.000000,0.038938,0.000000,-0.261800,0.000000,0.000000
3.598000,-0.333543,0.214574,0.000000,0.038567,0.000000,-0.261800,0.000000,0.000000
3.600000,-0.332870,0.214777,0.000000,0.038197,0.000000,-0.261800,0.000000,0.000000
3.602000,-0.332184,0.214981,0.000000,0.037828,0.000000,-0.261800,0.000000,0.000000
3.604000,-0.331484,0.215185,0.000000,0.037461,0.000000,-0.261800,0.000000,0.000000
3.606000,-0.330772,0.215389,0.000000,0.037096,0.000000,-0.261800,0.000000,0.000000
3.608000,-0.330047,0.215594,0.000000,0.036732,0.000000,-0.261800,0.000000,0.000000
3.610000,-0.329308,0.215800,0.000000,0.036370,0.000000,-0.261800,0.000000,0.000000
3.612000,-0.328557,0.216005,0.000000,0.036010,0.000000,-0.261800,0.000000,0.000000
3.614000,-0.327792,0.216212,0.000000,0.035651,0.000000,-0.261800,0.000000,0.000000
3.616000,-0.327015,0.216418,0.000000,0.035293,0.000000,-0.261800,0.000000,0.000000
3.618000,-0.326225,0.216626,0.000000,0.034938,0.000000,-0.261800,0.000000,0.000000
3.620000,-0.325422,0.216833,0.000000,0.034584,0.000000,-0.261800,0.000000,0.000000
3.622000,-0.324606,0.217041,0.000000,0.034232,0.000000,-0.261800,0.000000,0.000000
3.624000,-0.323777,0.217250,0.000000,0.033881,0.000000,-0.261800,0.000000,0.000000
3.626000,-0.322935,0.217459,0.000000,0.033532,0.000000,-0.261800,0.000000,0.000000
3.628000,-0.322081,0.217668,0.000000,0.033184,0.000000,-0.261800,0.000000,0.000000
3.630000,-0.321214,0.217878,0.000000,0.032839,0.000000,-0.261800,0.000000,0.000000
3.632000,-0.320334,0.218088,0.000000,0.032494,0.000000,-0.261800,0.000000,0.000000
3.634000,-0.319442,0.218299,0.000000,0.032152,0.000000,-0.261800,0.000000,0.000000
3.636000,-0.318537,0.218510,0.000000,0.031811,0.000000,-0.261800,0.000000,0.000000
3.638000,-0.317620,0.218722,0.000000,0.031472,0.000000,-0.261800,0.000000,0.000000
3.640000,-0.316689,0.218934,0.000000,0.031134,0.000000,-0.261800,0.000000,0.000000
3.642000,-0.315747,0.219146,0.000000,0.030799,0.000000,-0.261800,0.000000,0.000000
3.644000,-0.314792,0.219359,0.000000,0.030464,0.000000,-0.261800,0.000000,0.000000
3.646000,-0.313824,0.219572,0.000000,0.030132,0.000000,-0.261800,0.000000,0.000000
3.648000,-0.312844,0.219786,0.000000,0.029801,0.000000,-0.261800,0.000000,0.000000
3.650000,-0.311852,0.220000,0.000000,0.029472,0.000000,-0.261800,0.000000,0.000000
3.652000,-0.310848,0.220215,0.000000,0.029145,0.000000,-0.261800,0.000000,0.000000
3.654000,-0.309831,0.220430,0.000000,0.028819,0.000000,-0.261800,0.000000,0.000000
3.656000,-0.308802,0.220645,0.000000,0.028495,0.000000,-0.261800,0.000000,0.000000
3.658000,-0.307761,0.220861,0.000000,0.028172,0.000000,-0.261800,0.000000,0.000000
3.660000,-0.306707,0.221077,0.000000,0.027852,0.000000,-0.261800,0.000000,0.000000
3.662000,-0.305642,0.221293,0.000000,0.027533,0.000000,-0.261800,0.000000,0.000000
3.664000,-0.304564,0.221510,0.000000,0.027215,0.000000,-0.261800,0.000000,0.000000
3.666000,-0.303475,0.221727,0.000000,0.026900,0.000000,-0.261800,0.000000,0.000000
3.668000,-0.302373,0.221945,0.000000,0.026586,0.000000,-0.261800,0.000000,0.000000
3.670000,-0.301260,0.222163,0.000000,0.026274,0.000000,-0.261800,0.000000,0.000000
3.672000,-0.300134,0.222382,0.000000,0.025963,0.000000,-0.261800,0.000000,0.000000
3.674000,-0.298997,0.222601,0.000000,0.025655,0.000000,-0.261800,0.000000,0.000000
3.676000,-0.297848,0.222820,0.000000,0.025348,0.000000,-0.261800,0.000000,0.000000
3.678000,-0.296687,0.223040,0.000000,0.025042,0.000000,-0.261800,0.000000,0.000000
3.680000,-0.295515,0.223260,0.000000,0.024739,0.000000,-0.261800,0.000000,0.000000
3.682000,-0.294331,0.223480,0.000000,0.024437,0.000000,-0.261800,0.000000,0.000000
3.684000,-0.293135,0.223701,0.000000,0.024137,0.000000,-0.261800,0.000000,0.000000
3.686000,-0.291927,0.223922,0.000000,0.023838,0.000000,-0.261800,0.000000,0.000000
3.688000,-0.290709,0.224144,0.000000,0.023542,0.000000,-0.261800,0.000000,0.000000
3.690000,-0.289478,0.224366,0.000000,0.023247,0.000000,-0.261800,0.000000,0.000000
3.692000,-0.288236,0.224588,0.000000,0.022954,0.000000,-0.261800,0.000000,0.000000
3.694000,-0.286983,0.224811,0.000000,0.022662,0.000000,-0.261800,0.000000,0.000000
3.696000,-0.285719,0.225034,0.000000,0.022373,0.000000,-0.261800,0.000000,0.000000
3.698000,-0.284443,0.225257,0.000000,0.022085,0.000000,-0.261800,0.000000,0.000000
3.700000,-0.283156,0.225481,0.000000,0.021799,0.000000,-0.261800,0.000000,0.000000
3.702000,-0.281858,0.225705,0.000000,0.021514,0.000000,-0.261800,0.000000,0.000000
3.704000,-0.280548,0.225929,0.000000,0.021232,0.000000,-0.261800,0.000000,0.000000
3.706000,-0.279228,0.226154,0.000000,0.020951,0.000000,-0.261800,0.000000,0.000000
3.708000,-0.277897,0.226379,0.000000,0.020672,0.000000,-0.261800,0.000000,0.000000
3.710000,-0.276554,0.226605,0.000000,0.020394,0.000000,-0.261800,0.000000,0.000000
3.712000,-0.275201,0.226831,0.000000,0.020119,0.000000,-0.261800,0.000000,0.000000
3.714000,-0.273837,0.227057,0.000000,0.019845,0.000000,-0.261800,0.000000,0.000000
3.716000,-0.272462,0.227284,0.000000,0.019573,0.000000,-0.261800,0.000000,0.000000
3.718000,-0.271076,0.227510,0.000000,0.019303,0.000000,-0.261800,0.000000,0.000000
3.720000,-0.269680,0.227738,0.000000,0.019035,0.000000,-0.261800,0.000000,0.000000
3.722000,-0.268273,0.227965,0.000000,0.018768,0.000000,-0.261800,0.000000,0.000000
3.724000,-0.266855,0.228193,0.000000,0.018503,0.000000,-0.261800,0.000000,0.000000
3.726000,-0.265427,0.228421,0.000000,0.018240,0.000000,-0.261800,0.000000,0.000000
3.728000,-0.263988,0.228650,0.000000,0.017979,0.000000,-0.261800,0.000000,0.000000
3.730000,-0.262539,0.228879,0.000000,0.017719,0.000000,-0.261800,0.000000,0.000000
3.732000,-0.261079,0.229108,0.000000,0.017462,0.000000,-0.261800,0.000000,0.000000
3.734000,-0.259610,0.229338,0.000000,0.017206,0.000000,-0.261800,0.000000,0.000000
3.736000,-0.258130,0.229567,0.000000,0.016952,0.000000,-0.261800,0.000000,0.000000
3.738000,-0.256639,0.229798,0.000000,0.016700,0.000000,-0.261800,0.000000,0.000000
3.740000,-0.255139,0.230028,0.000000,0.016449,0.000000,-0.261800,0.000000,0.000000
3.742000,-0.253629,0.230259,0.000000,0.016200,0.000000,-0.261800,0.000000,0.000000
3.744000,-0.252108,0.230490,0.000000,0.015954,0.000000,-0.261800,0.000000,0.000000
3.746000,-0.250578,0.230722,0.000000,0.015709,0.000000,-0.261800,0.000000,0.000000
3.748000,-0.249037,0.230953,0.000000,0.015465,0.000000,-0.261800,0.000000,0.000000
3.750000,-0.247487,0.231185,0.000000,0.015224,0.000000,-0.261800,0.000000,0.000000
3.752000,-0.245927,0.231418,0.000000,0.014985,0.000000,-0.261800,0.000000,0.000000
3.754000,-0.244358,0.231650,0.000000,0.014747,0.000000,-0.261800,0.000000,0.000000
3.756000,-0.242779,0.231883,0.000000,0.014511,0.000000,-0.261800,0.000000,0.000000
3.758000,-0.241190,0.232117,0.000000,0.014277,0.000000,-0.261800,0.000000,0.000000
3.760000,-0.239591,0.232350,0.000000,0.014045,0.000000,-0.261800,0.000000,0.000000
3.762000,-0.237984,0.232584,0.000000,0.013814,0.000000,-0.261800,0.000000,0.000000
3.764000,-0.236366,0.232818,0.000000,0.013586,0.000000,-0.261800,0.000000,0.000000
3.766000,-0.234740,0.233052,0.000000,0.013359,0.000000,-0.261800,0.000000,0.000000
3.768000,-0.233104,0.233287,0.000000,0.013134,0.000000,-0.261800,0.000000,0.000000
3.770000,-0.231459,0.233522,0.000000,0.012911,0.000000,-0.261800,0.000000,0.000000
3.772000,-0.229805,0.233757,0.000000,0.012690,0.000000,-0.261800,0.000000,0.000000
3.774000,-0.228142,0.233993,0.000000,0.012471,0.000000,-0.261800,0.000000,0.000000
3.776000,-0.226470,0.234229,0.000000,0.012253,0.000000,-0.261800,0.000000,0.000000
3.778000,-0.224788,0.234465,0.000000,0.012038,0.000000,-0.261800,0.000000,0.000000
3.780000,-0.223098,0.234701,0.000000,0.011824,0.000000,-0.261800,0.000000,0.000000
3.782000,-0.221400,0.234938,0.000000,0.011612,0.000000,-0.261800,0.000000,0.000000
3.784000,-0.219692,0.235174,0.000000,0.011402,0.000000,-0.261800,0.000000,0.000000
3.786000,-0.217976,0.235412,0.000000,0.011194,0.000000,-0.261800,0.000000,0.000000
3.788000,-0.216251,0.235649,0.000000,0.010987,0.000000,-0.261800,0.000000,0.000000
3.790000,-0.214517,0.235887,0.000000,0.010783,0.000000,-0.261800,0.000000,0.000000
3.792000,-0.212776,0.236125,0.000000,0.010580,0.000000,-0.261800,0.000000,0.000000
3.794000,-0.211025,0.236363,0.000000,0.010380,0.000000,-0.261800,0.000000,0.000000
3.796000,-0.209267,0.236601,0.000000,0.010181,0.000000,-0.261800,0.000000,0.000000
3.798000,-0.207500,0.236840,0.000000,0.009984,0.000000,-0.261800,0.000000,0.000000
3.800000,-0.205725,0.237079,0.000000,0.009789,0.000000,-0.261800,0.000000,0.000000
3.802000,-0.203942,0.237318,0.000000,0.009595,0.000000,-0.261800,0.000000,0.000000
3.804000,-0.202150,0.237557,0.000000,0.009404,0.000000,-0.261800,0.000000,0.000000
3.806000,-0.200351,0.237797,0.000000,0.009215,0.000000,-0.261800,0.000000,0.000000
3.808000,-0.198544,0.238037,0.000000,0.009027,0.000000,-0.261800,0.000000,0.000000
3.810000,-0.196729,0.238277,0.000000,0.008841,0.000000,-0.261800,0.000000,0.000000
3.812000,-0.194906,0.238517,0.000000,0.008658,0.000000,-0.261800,0.000000,0.000000
3.814000,-0.193076,0.238758,0.000000,0.008476,0.000000,-0.261800,0.000000,0.000000
3.816000,-0.191238,0.238998,0.000000,0.008296,0.000000,-0.261800,0.000000,0.000000
3.818000,-0.189392,0.239239,0.000000,0.008118,0.000000,-0.261800,0.000000,0.000000
3.820000,-0.187539,0.239481,0.000000,0.007941,0.000000,-0.261800,0.000000,0.000000
3.822000,-0.185679,0.239722,0.000000,0.007767,0.000000,-0.261800,0.000000,0.000000
3.824000,-0.183811,0.239964,0.000000,0.007594,0.000000,-0.261800,0.000000,0.000000
3.826000,-0.181936,0.240206,0.000000,0.007424,0.000000,-0.261800,0.000000,0.000000
3.828000,-0.180054,0.240448,0.000000,0.007255,0.000000,-0.261800,0.000000,0.000000
3.830000,-0.178164,0.240690,0.000000,0.007089,0.000000,-0.261800,0.000000,0.000000
3.832000,-0.176268,0.240933,0.000000,0.006924,0.000000,-0.261800,0.000000,0.000000
3.834000,-0.174365,0.241175,0.000000,0.006761,0.000000,-0.261800,0.000000,0.000000
3.836000,-0.172455,0.241418,0.000000,0.006600,0.000000,-0.261800,0.000000,0.000000
3.838000,-0.170538,0.241661,0.000000,0.006441,0.000000,-0.261800,0.000000,0.000000
3.840000,-0.168614,0.241905,0.000000,0.006283,0.000000,-0.261800,0.000000,0.000000
3.842000,-0.166683,0.242148,0.000000,0.006128,0.000000,-0.261800,0.000000,0.000000
3.844000,-0.164746,0.242392,0.000000,0.005975,0.000000,-0.261800,0.000000,0.000000
3.846000,-0.162803,0.242636,0.000000,0.005823,0.000000,-0.261800,0.000000,0.000000
3.848000,-0.160853,0.242880,0.000000,0.005674,0.000000,-0.261800,0.000000,0.000000
3.850000,-0.158897,0.243124,0.000000,0.005526,0.000000,-0.261800,0.000000,0.000000
3.852000,-0.156934,0.243369,0.000000,0.005380,0.000000,-0.261800,0.000000,0.000000
3.854000,-0.154965,0.243614,0.000000,0.005237,0.000000,-0.261800,0.000000,0.000000
3.856000,-0.152991,0.243858,0.000000,0.005095,0.000000,-0.261800,0.000000,0.000000
3.858000,-0.151010,0.244103,0.000000,0.004955,0.000000,-0.261800,0.000000,0.000000
3.860000,-0.149023,0.244349,0.000000,0.004817,0.000000,-0.261800,0.000000,0.000000
3.862000,-0.147030,0.244594,0.000000,0.004681,0.000000,-0.261800,0.000000,0.000000
3.864000,-0.145031,0.244839,0.000000,0.004546,0.000000,-0.261800,0.000000,0.000000
3.866000,-0.143027,0.245085,0.000000,0.004414,0.000000,-0.261800,0.000000,0.000000
3.868000,-0.141017,0.245331,0.000000,0.004284,0.000000,-0.261800,0.000000,0.000000
3.870000,-0.139002,0.245577,0.000000,0.004155,0.000000,-0.261800,0.000000,0.000000
3.872000,-0.136981,0.245823,0.000000,0.004029,0.000000,-0.261800,0.000000,0.000000
3.874000,-0.134954,0.246070,0.000000,0.003904,0.000000,-0.261800,0.000000,0.000000
3.876000,-0.132923,0.246316,0.000000,0.003782,0.000000,-0.261800,0.000000,0.000000
3.878000,-0.130886,0.246563,0.000000,0.003661,0.000000,-0.261800,0.000000,0.000000
3.880000,-0.128844,0.246809,0.000000,0.003543,0.000000,-0.261800,0.000000,0.000000
3.882000,-0.126796,0.247056,0.000000,0.003426,0.000000,-0.261800,0.000000,0.000000
3.884000,-0.124744,0.247304,0.000000,0.003311,0.000000,-0.261800,0.000000,0.000000
3.886000,-0.122687,0.247551,0.000000,0.003198,0.000000,-0.261800,0.000000,0.000000
3.888000,-0.120625,0.247798,0.000000,0.003087,0.000000,-0.261800,0.000000,0.000000
3.890000,-0.118558,0.248046,0.000000,0.002978,0.000000,-0.261800,0.000000,0.000000
3.892000,-0.116487,0.248293,0.000000,0.002871,0.000000,-0.261800,0.000000,0.000000
3.894000,-0.114411,0.248541,0.000000,0.002766,0.000000,-0.261800,0.000000,0.000000
3.896000,-0.112330,0.248789,0.000000,0.002663,0.000000,-0.261800,0.000000,0.000000
3.898000,-0.110245,0.249037,0.000000,0.002562,0.000000,-0.261800,0.000000,0.000000
3.900000,-0.108156,0.249285,0.000000,0.002462,0.000000,-0.261800,0.000000,0.000000
3.902000,-0.106062,0.249534,0.000000,0.002365,0.000000,-0.261800,0.000000,0.000000
3.904000,-0.103965,0.249782,0.000000,0.002270,0.000000,-0.261800,0.000000,0.000000
3.906000,-0.101863,0.250030,0.000000,0.002176,0.000000,-0.261800,0.000000,0.000000
3.908000,-0.099757,0.250279,0.000000,0.002085,0.000000,-0.261800,0.000000,0.000000
3.910000,-0.097647,0.250528,0.000000,0.001995,0.000000,-0.261800,0.000000,0.000000
3.912000,-0.095533,0.250777,0.000000,0.001908,0.000000,-0.261800,0.000000,0.000000
3.914000,-0.093416,0.251026,0.000000,0.001822,0.000000,-0.261800,0.000000,0.000000
3.916000,-0.091295,0.251275,0.000000,0.001738,0.000000,-0.261800,0.000000,0.000000
3.918000,-0.089170,0.251524,0.000000,0.001657,0.000000,-0.261800,0.000000,0.000000
3.920000,-0.087041,0.251773,0.000000,0.001577,0.000000,-0.261800,0.000000,0.000000
3.922000,-0.084910,0.252023,0.000000,0.001499,0.000000,-0.261800,0.000000,0.000000
3.924000,-0.082775,0.252272,0.000000,0.001423,0.000000,-0.261800,0.000000,0.000000
3.926000,-0.080636,0.252522,0.000000,0.001350,0.000000,-0.261800,0.000000,0.000000
3.928000,-0.078495,0.252771,0.000000,0.001278,0.000000,-0.261800,0.000000,0.000000
3.930000,-0.076350,0.253021,0.000000,0.001208,0.000000,-0.261800,0.000000,0.000000
3.932000,-0.074202,0.253271,0.000000,0.001140,0.000000,-0.261800,0.000000,0.000000
3.934000,-0.072052,0.253521,0.000000,0.001074,0.000000,-0.261800,0.000000,0.000000
3.936000,-0.069898,0.253771,0.000000,0.001010,0.000000,-0.261800,0.000000,0.000000
3.938000,-0.067742,0.254021,0.000000,0.000948,0.000000,-0.261800,0.000000,0.000000
3.940000,-0.065583,0.254271,0.000000,0.000888,0.000000,-0.261800,0.000000,0.000000
3.942000,-0.063422,0.254522,0.000000,0.000829,0.000000,-0.261800,0.000000,0.000000
3.944000,-0.061258,0.254772,0.000000,0.000773,0.000000,-0.261800,0.000000,0.000000
3.946000,-0.059092,0.255022,0.000000,0.000719,0.000000,-0.261800,0.000000,0.000000
3.948000,-0.056923,0.255273,0.000000,0.000667,0.000000,-0.261800,0.000000,0.000000
3.950000,-0.054752,0.255523,0.000000,0.000617,0.000000,-0.261800,0.000000,0.000000
3.952000,-0.052579,0.255774,0.000000,0.000568,0.000000,-0.261800,0.000000,0.000000
3.954000,-0.050404,0.256024,0.000000,0.000522,0.000000,-0.261800,0.000000,0.000000
3.956000,-0.048227,0.256275,0.000000,0.000477,0.000000,-0.261800,0.000000,0.000000
3.958000,-0.046048,0.256526,0.000000,0.000435,0.000000,-0.261800,0.000000,0.000000
3.960000,-0.043867,0.256777,0.000000,0.000395,0.000000,-0.261800,0.000000,0.000000
3.962000,-0.041684,0.257028,0.000000,0.000356,0.000000,-0.261800,0.000000,0.000000
3.964000,-0.039500,0.257279,0.000000,0.000320,0.000000,-0.261800,0.000000,0.000000
3.966000,-0.037314,0.257529,0.000000,0.000285,0.000000,-0.261800,0.000000,0.000000
3.968000,-0.035127,0.257780,0.000000,0.000253,0.000000,-0.261800,0.000000,0.000000
3.970000,-0.032938,0.258031,0.000000,0.000222,0.000000,-0.261800,0.000000,0.000000
3.972000,-0.030748,0.258283,0.000000,0.000193,0.000000,-0.261800,0.000000,0.000000
3.974000,-0.028557,0.258534,0.000000,0.000167,0.000000,-0.261800,0.000000,0.000000
3.976000,-0.026364,0.258785,0.000000,0.000142,0.000000,-0.261800,0.000000,0.000000
3.978000,-0.024171,0.259036,0.000000,0.000119,0.000000,-0.261800,0.000000,0.000000
3.980000,-0.021977,0.259287,0.000000,0.000099,0.000000,-0.261800,0.000000,0.000000
3.982000,-0.019781,0.259538,0.000000,0.000080,0.000000,-0.261800,0.000000,0.000000
3.984000,-0.017586,0.259790,0.000000,0.000063,0.000000,-0.261800,0.000000,0.000000
3.986000,-0.015389,0.260041,0.000000,0.000048,0.000000,-0.261800,0.000000,0.000000
3.988000,-0.013192,0.260292,0.000000,0.000036,0.000000,-0.261800,0.000000,0.000000
3.990000,-0.010994,0.260543,0.000000,0.000025,0.000000,-0.261800,0.000000,0.000000
3.992000,-0.008796,0.260795,0.000000,0.000016,0.000000,-0.261800,0.000000,0.000000
3.994000,-0.006597,0.261046,0.000000,0.000009,0.000000,-0.261800,0.000000,0.000000
3.996000,-0.004398,0.261297,0.000000,0.000004,0.000000,-0.261800,0.000000,0.000000
3.998000,-0.002199,0.261549,0.000000,0.000001,0.000000,-0.261800,0.000000,0.000000
4.000000,-0.000000,0.261800,0.000000,0.000000,0.000000,-0.261800,0.000000,0.000000
